	degree_all	degree_centrality_all	degree_in	degree_centrality_in	degree_out	degree_centrality_out	betweenness_centrality	eigenvector_centrality	cluster
Pbx1	23	0.2987012987012987	2	0.025974025974025976	21	0.2727272727272727	61.0	0.7511414047511934	aracne_Microglia_CASTJ
Srrm2	5	0.06493506493506493	5	0.06493506493506493	0	0.0	0.0	0.4907195134332706	aracne_Microglia_CASTJ
Zeb2	21	0.2727272727272727	2	0.025974025974025976	19	0.24675324675324675	52.0	0.5757408468478781	aracne_Microglia_CASTJ
Celf2	3	0.03896103896103896	3	0.03896103896103896	0	0.0	0.0	0.27209427171557393	aracne_Microglia_CASTJ
Kmt2a	32	0.4155844155844156	1	0.012987012987012988	31	0.4025974025974026	74.0	0.5585464781303825	aracne_Microglia_CASTJ
Cst3	4	0.05194805194805195	4	0.05194805194805195	0	0.0	0.0	0.4221794338368966	aracne_Microglia_CASTJ
Son	3	0.03896103896103896	3	0.03896103896103896	0	0.0	0.0	0.3690246655586429	aracne_Microglia_CASTJ
Mlxipl	45	0.5844155844155844	1	0.012987012987012988	44	0.5714285714285714	80.0	1.0	aracne_Microglia_CASTJ
Sfi1	3	0.03896103896103896	3	0.03896103896103896	0	0.0	0.0	0.2856318906208448	aracne_Microglia_CASTJ
Setbp1	2	0.025974025974025976	2	0.025974025974025976	0	0.0	0.0	0.22063875166427163	aracne_Microglia_CASTJ
Akt3	3	0.03896103896103896	3	0.03896103896103896	0	0.0	0.0	0.2682716669248735	aracne_Microglia_CASTJ
Pecam1	2	0.025974025974025976	2	0.025974025974025976	0	0.0	0.0	0.2710756601290798	aracne_Microglia_CASTJ
Slc16a7	1	0.012987012987012988	1	0.012987012987012988	0	0.0	0.0	0.15891440428867684	aracne_Microglia_CASTJ
Cfap74	3	0.03896103896103896	3	0.03896103896103896	0	0.0	0.0	0.33547984513147094	aracne_Microglia_CASTJ
Acer3	2	0.025974025974025976	2	0.025974025974025976	0	0.0	0.0	0.21235299102689284	aracne_Microglia_CASTJ
Cmss1	2	0.025974025974025976	2	0.025974025974025976	0	0.0	0.0	0.18454227927722824	aracne_Microglia_CASTJ
Cdk8	3	0.03896103896103896	3	0.03896103896103896	0	0.0	0.0	0.19815182248256616	aracne_Microglia_CASTJ
P2ry12	2	0.025974025974025976	2	0.025974025974025976	0	0.0	0.0	0.20488166877441166	aracne_Microglia_CASTJ
Slc8a1	1	0.012987012987012988	1	0.012987012987012988	0	0.0	0.0	0.07864810733302355	aracne_Microglia_CASTJ
Slc9a9	2	0.025974025974025976	2	0.025974025974025976	0	0.0	0.0	0.14972694621094015	aracne_Microglia_CASTJ
Nhs	2	0.025974025974025976	2	0.025974025974025976	0	0.0	0.0	0.18871124192797276	aracne_Microglia_CASTJ
Arhgef40	1	0.012987012987012988	1	0.012987012987012988	0	0.0	0.0	0.06995519419855953	aracne_Microglia_CASTJ
Ext1	1	0.012987012987012988	1	0.012987012987012988	0	0.0	0.0	0.06824530989153614	aracne_Microglia_CASTJ
Olfml3	3	0.03896103896103896	3	0.03896103896103896	0	0.0	0.0	0.25737585440784316	aracne_Microglia_CASTJ
Pcdh9	2	0.025974025974025976	2	0.025974025974025976	0	0.0	0.0	0.14472942857243745	aracne_Microglia_CASTJ
Ly86	3	0.03896103896103896	3	0.03896103896103896	0	0.0	0.0	0.2504889755367088	aracne_Microglia_CASTJ
Plcl1	1	0.012987012987012988	1	0.012987012987012988	0	0.0	0.0	0.08785135965898899	aracne_Microglia_CASTJ
Arhgap4	1	0.012987012987012988	1	0.012987012987012988	0	0.0	0.0	0.10935275361702412	aracne_Microglia_CASTJ
Hexb	2	0.025974025974025976	2	0.025974025974025976	0	0.0	0.0	0.11464038030223621	aracne_Microglia_CASTJ
Cradd	3	0.03896103896103896	3	0.03896103896103896	0	0.0	0.0	0.14940395297302067	aracne_Microglia_CASTJ
Dgki	3	0.03896103896103896	3	0.03896103896103896	0	0.0	0.0	0.1964867398482859	aracne_Microglia_CASTJ
Marcks	2	0.025974025974025976	2	0.025974025974025976	0	0.0	0.0	0.12613525314004692	aracne_Microglia_CASTJ
Esrrg	2	0.025974025974025976	0	0.0	2	0.025974025974025976	0.0	0.06083008151829912	aracne_Microglia_CASTJ
Peak1	2	0.025974025974025976	2	0.025974025974025976	0	0.0	0.0	0.1638950103609949	aracne_Microglia_CASTJ
Prkcq	1	0.012987012987012988	1	0.012987012987012988	0	0.0	0.0	0.09341526165549817	aracne_Microglia_CASTJ
Kcnq1ot1	2	0.025974025974025976	2	0.025974025974025976	0	0.0	0.0	0.11063920020927313	aracne_Microglia_CASTJ
Mctp1	1	0.012987012987012988	1	0.012987012987012988	0	0.0	0.0	0.09230674876205625	aracne_Microglia_CASTJ
Prkn	1	0.012987012987012988	1	0.012987012987012988	0	0.0	0.0	0.050848721487183536	aracne_Microglia_CASTJ
Fhit	1	0.012987012987012988	1	0.012987012987012988	0	0.0	0.0	0.052121466263235286	aracne_Microglia_CASTJ
Wwox	1	0.012987012987012988	1	0.012987012987012988	0	0.0	0.0	0.04799932230704341	aracne_Microglia_CASTJ
Gatm	1	0.012987012987012988	1	0.012987012987012988	0	0.0	0.0	0.08415380058503515	aracne_Microglia_CASTJ
Rapgef5	2	0.025974025974025976	2	0.025974025974025976	0	0.0	0.0	0.08730288636825517	aracne_Microglia_CASTJ
Rasal3	1	0.012987012987012988	1	0.012987012987012988	0	0.0	0.0	0.08296157642734951	aracne_Microglia_CASTJ
Pvt1	1	0.012987012987012988	1	0.012987012987012988	0	0.0	0.0	0.044857611695330514	aracne_Microglia_CASTJ
Phactr1	1	0.012987012987012988	1	0.012987012987012988	0	0.0	0.0	0.07708626256509937	aracne_Microglia_CASTJ
Nlgn1	1	0.012987012987012988	1	0.012987012987012988	0	0.0	0.0	0.07675627950301261	aracne_Microglia_CASTJ
Nrg3	1	0.012987012987012988	1	0.012987012987012988	0	0.0	0.0	0.07439987627196008	aracne_Microglia_CASTJ
Gm28187	1	0.012987012987012988	1	0.012987012987012988	0	0.0	0.0	0.07405677211010224	aracne_Microglia_CASTJ
Csmd1	2	0.025974025974025976	2	0.025974025974025976	0	0.0	0.0	0.09668956578617852	aracne_Microglia_CASTJ
Rbfox1	1	0.012987012987012988	1	0.012987012987012988	0	0.0	0.0	0.0407156164709293	aracne_Microglia_CASTJ
Cask	1	0.012987012987012988	1	0.012987012987012988	0	0.0	0.0	0.03888804874004604	aracne_Microglia_CASTJ
Ylpm1	1	0.012987012987012988	1	0.012987012987012988	0	0.0	0.0	0.04003032118424915	aracne_Microglia_CASTJ
Nrxn3	2	0.025974025974025976	2	0.025974025974025976	0	0.0	0.0	0.10291410742008172	aracne_Microglia_CASTJ
Pid1	1	0.012987012987012988	1	0.012987012987012988	0	0.0	0.0	0.06747461649665101	aracne_Microglia_CASTJ
Ntm	1	0.012987012987012988	1	0.012987012987012988	0	0.0	0.0	0.061148765599346996	aracne_Microglia_CASTJ
Nr3c2	2	0.025974025974025976	1	0.012987012987012988	1	0.012987012987012988	4.0	0.03336217568182746	aracne_Microglia_CASTJ
Lsamp	2	0.025974025974025976	2	0.025974025974025976	0	0.0	0.0	0.08926917151925996	aracne_Microglia_CASTJ
Ppm1l	1	0.012987012987012988	1	0.012987012987012988	0	0.0	0.0	0.05601993587554233	aracne_Microglia_CASTJ
Immp2l	1	0.012987012987012988	1	0.012987012987012988	0	0.0	0.0	0.001761558099372065	aracne_Microglia_CASTJ
Malat1	2	0.025974025974025976	2	0.025974025974025976	0	0.0	0.0	0.07135528474850994	aracne_Microglia_CASTJ
Fyn	1	0.012987012987012988	1	0.012987012987012988	0	0.0	0.0	0.039228593565482764	aracne_Microglia_CASTJ
Kcnma1	1	0.012987012987012988	1	0.012987012987012988	0	0.0	0.0	0.027932894435983645	aracne_Microglia_CASTJ
Lrrc4c	1	0.012987012987012988	1	0.012987012987012988	0	0.0	0.0	0.037154513899187384	aracne_Microglia_CASTJ
Kmt2d	1	0.012987012987012988	1	0.012987012987012988	0	0.0	0.0	0.03709246117141669	aracne_Microglia_CASTJ
Mthfs	1	0.012987012987012988	1	0.012987012987012988	0	0.0	0.0	0.027254396256026048	aracne_Microglia_CASTJ
ENSMUSG00000062991.10	1	0.012987012987012988	1	0.012987012987012988	0	0.0	0.0	0.04842886099978503	aracne_Microglia_CASTJ
Nav3	2	0.025974025974025976	2	0.025974025974025976	0	0.0	0.0	0.026748525254454016	aracne_Microglia_CASTJ
Opcml	2	0.025974025974025976	2	0.025974025974025976	0	0.0	0.0	0.06587798226321681	aracne_Microglia_CASTJ
Wwp1	1	0.012987012987012988	1	0.012987012987012988	0	0.0	0.0	0.03315468565644227	aracne_Microglia_CASTJ
Rbbp6	1	0.012987012987012988	1	0.012987012987012988	0	0.0	0.0	0.0253386009408618	aracne_Microglia_CASTJ
Grm3	1	0.012987012987012988	1	0.012987012987012988	0	0.0	0.0	0.023940634668795244	aracne_Microglia_CASTJ
Rbpj	1	0.012987012987012988	0	0.0	1	0.012987012987012988	0.0	0.0011023161895670308	aracne_Microglia_CASTJ
Rora	2	0.025974025974025976	0	0.0	2	0.025974025974025976	0.0	0.010506542637948488	aracne_Microglia_CASTJ
Lcorl	1	0.012987012987012988	1	0.012987012987012988	0	0.0	0.0	0.00041768208083965474	aracne_Microglia_CASTJ
Fat3	1	0.012987012987012988	1	0.012987012987012988	0	0.0	0.0	0.03889089372761822	aracne_Microglia_CASTJ
Gas7	1	0.012987012987012988	0	0.0	1	0.012987012987012988	0.0	4.2965279140171045e-19	aracne_Microglia_CASTJ
Srgap2	1	0.012987012987012988	1	0.012987012987012988	0	0.0	0.0	4.2965279140171045e-19	aracne_Microglia_CASTJ
Syt1	1	0.012987012987012988	1	0.012987012987012988	0	0.0	0.0	0.016344223693826383	aracne_Microglia_CASTJ
Zeb2	74	0.5138888888888888	3	0.020833333333333332	71	0.4930555555555556	422.0	1.0	aracne_Microglia_B6J
Srrm2	6	0.041666666666666664	6	0.041666666666666664	0	0.0	0.0	0.37904098147115617	aracne_Microglia_B6J
Kmt2a	16	0.1111111111111111	1	0.006944444444444444	15	0.10416666666666667	38.0	0.30680935059090647	aracne_Microglia_B6J
Son	3	0.020833333333333332	3	0.020833333333333332	0	0.0	0.0	0.27212560783565887	aracne_Microglia_B6J
Klf12	49	0.3402777777777778	5	0.034722222222222224	44	0.3055555555555556	459.0	0.8205759988482725	aracne_Microglia_B6J
Magi1	5	0.034722222222222224	5	0.034722222222222224	0	0.0	0.0	0.2980316601723566	aracne_Microglia_B6J
Hexb	6	0.041666666666666664	6	0.041666666666666664	0	0.0	0.0	0.1390071898995121	aracne_Microglia_B6J
Cmss1	3	0.020833333333333332	3	0.020833333333333332	0	0.0	0.0	0.218883793972777	aracne_Microglia_B6J
Abca1	3	0.020833333333333332	3	0.020833333333333332	0	0.0	0.0	0.26503814810944587	aracne_Microglia_B6J
Celf2	1	0.006944444444444444	1	0.006944444444444444	0	0.0	0.0	0.13503588960506943	aracne_Microglia_B6J
Dpp10	3	0.020833333333333332	3	0.020833333333333332	0	0.0	0.0	0.16021851547882493	aracne_Microglia_B6J
Pid1	2	0.013888888888888888	2	0.013888888888888888	0	0.0	0.0	0.21127143718922275	aracne_Microglia_B6J
Ptprd	2	0.013888888888888888	2	0.013888888888888888	0	0.0	0.0	0.17785951905777445	aracne_Microglia_B6J
Parp8	3	0.020833333333333332	3	0.020833333333333332	0	0.0	0.0	0.1936018851329056	aracne_Microglia_B6J
P3h2	1	0.006944444444444444	1	0.006944444444444444	0	0.0	0.0	0.09848624667478262	aracne_Microglia_B6J
Plcl1	3	0.020833333333333332	3	0.020833333333333332	0	0.0	0.0	0.21122816630629263	aracne_Microglia_B6J
Arsb	2	0.013888888888888888	2	0.013888888888888888	0	0.0	0.0	0.200102174545171	aracne_Microglia_B6J
Cadm1	2	0.013888888888888888	2	0.013888888888888888	0	0.0	0.0	0.20762002670088997	aracne_Microglia_B6J
Hdac9	4	0.027777777777777776	4	0.027777777777777776	0	0.0	0.0	0.13682600703874023	aracne_Microglia_B6J
E230029C05Rik	2	0.013888888888888888	2	0.013888888888888888	0	0.0	0.0	0.1892810642261854	aracne_Microglia_B6J
Mctp1	3	0.020833333333333332	3	0.020833333333333332	0	0.0	0.0	0.22502501278483117	aracne_Microglia_B6J
Ly86	2	0.013888888888888888	2	0.013888888888888888	0	0.0	0.0	0.1887281361347807	aracne_Microglia_B6J
Ptprm	4	0.027777777777777776	4	0.027777777777777776	0	0.0	0.0	0.20084104862973934	aracne_Microglia_B6J
Rapgef5	2	0.013888888888888888	2	0.013888888888888888	0	0.0	0.0	0.17863213694527139	aracne_Microglia_B6J
Lsamp	2	0.013888888888888888	2	0.013888888888888888	0	0.0	0.0	0.1128870190969706	aracne_Microglia_B6J
Peak1	3	0.020833333333333332	3	0.020833333333333332	0	0.0	0.0	0.17680594574838335	aracne_Microglia_B6J
Slc9a9	1	0.006944444444444444	1	0.006944444444444444	0	0.0	0.0	0.10732890556006124	aracne_Microglia_B6J
Fhit	2	0.013888888888888888	2	0.013888888888888888	0	0.0	0.0	0.11147882470555741	aracne_Microglia_B6J
2610203C22Rik	2	0.013888888888888888	2	0.013888888888888888	0	0.0	0.0	0.16449168227559616	aracne_Microglia_B6J
Meg3	2	0.013888888888888888	2	0.013888888888888888	0	0.0	0.0	0.12060241551505156	aracne_Microglia_B6J
Atxn1	1	0.006944444444444444	1	0.006944444444444444	0	0.0	0.0	0.0830119632812078	aracne_Microglia_B6J
Cdk8	3	0.020833333333333332	3	0.020833333333333332	0	0.0	0.0	0.1287879298786768	aracne_Microglia_B6J
Fat3	4	0.027777777777777776	4	0.027777777777777776	0	0.0	0.0	0.19859250362592343	aracne_Microglia_B6J
Acer3	2	0.013888888888888888	2	0.013888888888888888	0	0.0	0.0	0.09370653336966653	aracne_Microglia_B6J
Nr3c2	28	0.19444444444444445	4	0.027777777777777776	24	0.16666666666666666	248.0	0.2962825227092375	aracne_Microglia_B6J
Srgap2	2	0.013888888888888888	2	0.013888888888888888	0	0.0	0.0	0.07437029985567875	aracne_Microglia_B6J
P2ry12	3	0.020833333333333332	3	0.020833333333333332	0	0.0	0.0	0.12842793505951924	aracne_Microglia_B6J
Rbfox1	3	0.020833333333333332	3	0.020833333333333332	0	0.0	0.0	0.1172358247424	aracne_Microglia_B6J
Pbx1	31	0.2152777777777778	2	0.013888888888888888	29	0.2013888888888889	198.0	0.30999102377819204	aracne_Microglia_B6J
Dlg2	1	0.006944444444444444	1	0.006944444444444444	0	0.0	0.0	0.08710953514133878	aracne_Microglia_B6J
Whrn	1	0.006944444444444444	1	0.006944444444444444	0	0.0	0.0	0.08698734547783363	aracne_Microglia_B6J
Cacnb2	1	0.006944444444444444	1	0.006944444444444444	0	0.0	0.0	0.08414802807334924	aracne_Microglia_B6J
Lrmda	2	0.013888888888888888	2	0.013888888888888888	0	0.0	0.0	0.12334823393417418	aracne_Microglia_B6J
8030442B05Rik	1	0.006944444444444444	1	0.006944444444444444	0	0.0	0.0	0.07677661749372273	aracne_Microglia_B6J
Phactr1	2	0.013888888888888888	2	0.013888888888888888	0	0.0	0.0	0.0915123750992592	aracne_Microglia_B6J
Cdk14	1	0.006944444444444444	1	0.006944444444444444	0	0.0	0.0	0.07627692382720017	aracne_Microglia_B6J
Stab1	2	0.013888888888888888	2	0.013888888888888888	0	0.0	0.0	0.11567812400552911	aracne_Microglia_B6J
Phactr2	1	0.006944444444444444	1	0.006944444444444444	0	0.0	0.0	0.07362324371925635	aracne_Microglia_B6J
Kmt2d	1	0.006944444444444444	1	0.006944444444444444	0	0.0	0.0	0.022366600626320007	aracne_Microglia_B6J
Rbbp6	1	0.006944444444444444	1	0.006944444444444444	0	0.0	0.0	0.07252671436891442	aracne_Microglia_B6J
Pvt1	2	0.013888888888888888	2	0.013888888888888888	0	0.0	0.0	0.08920237623707011	aracne_Microglia_B6J
Nlgn1	2	0.013888888888888888	2	0.013888888888888888	0	0.0	0.0	0.061159181345512036	aracne_Microglia_B6J
Wwox	1	0.006944444444444444	1	0.006944444444444444	0	0.0	0.0	0.06908675950253014	aracne_Microglia_B6J
Slc12a2	1	0.006944444444444444	1	0.006944444444444444	0	0.0	0.0	0.0690576911133333	aracne_Microglia_B6J
Opcml	2	0.013888888888888888	2	0.013888888888888888	0	0.0	0.0	0.07971349218983627	aracne_Microglia_B6J
Ppm1l	1	0.006944444444444444	1	0.006944444444444444	0	0.0	0.0	0.0684699888145675	aracne_Microglia_B6J
Lars2	1	0.006944444444444444	1	0.006944444444444444	0	0.0	0.0	0.06492115312467767	aracne_Microglia_B6J
Cask	1	0.006944444444444444	1	0.006944444444444444	0	0.0	0.0	0.06014161464907609	aracne_Microglia_B6J
Gm47283	1	0.006944444444444444	1	0.006944444444444444	0	0.0	0.0	0.018151113173925964	aracne_Microglia_B6J
Kcnma1	2	0.013888888888888888	2	0.013888888888888888	0	0.0	0.0	0.06081632242277899	aracne_Microglia_B6J
Rcbtb2	1	0.006944444444444444	1	0.006944444444444444	0	0.0	0.0	0.05704520140501753	aracne_Microglia_B6J
Prpf38b	1	0.006944444444444444	1	0.006944444444444444	0	0.0	0.0	0.016487486521441552	aracne_Microglia_B6J
Rtn1	1	0.006944444444444444	1	0.006944444444444444	0	0.0	0.0	0.054691905195588704	aracne_Microglia_B6J
Bbs9	2	0.013888888888888888	2	0.013888888888888888	0	0.0	0.0	0.020704028490552282	aracne_Microglia_B6J
Ext1	2	0.013888888888888888	2	0.013888888888888888	0	0.0	0.0	0.028566162581562284	aracne_Microglia_B6J
Lrp1b	1	0.006944444444444444	1	0.006944444444444444	0	0.0	0.0	0.052058237841992885	aracne_Microglia_B6J
Rora	28	0.19444444444444445	1	0.006944444444444444	27	0.1875	58.0	0.09281191923880983	aracne_Microglia_B6J
Nol4l	1	0.006944444444444444	1	0.006944444444444444	0	0.0	0.0	0.015773178085432472	aracne_Microglia_B6J
Lcorl	1	0.006944444444444444	1	0.006944444444444444	0	0.0	0.0	0.014996292622134054	aracne_Microglia_B6J
Pde4b	1	0.006944444444444444	1	0.006944444444444444	0	0.0	0.0	0.041295064259472845	aracne_Microglia_B6J
Mthfs	1	0.006944444444444444	1	0.006944444444444444	0	0.0	0.0	0.05000159946342763	aracne_Microglia_B6J
Hivep2	3	0.020833333333333332	1	0.006944444444444444	2	0.013888888888888888	6.0	0.021701569484079086	aracne_Microglia_B6J
Mlxipl	3	0.020833333333333332	0	0.0	3	0.020833333333333332	0.0	0.004531463647689879	aracne_Microglia_B6J
Arhgef40	1	0.006944444444444444	1	0.006944444444444444	0	0.0	0.0	0.00022100325422096524	aracne_Microglia_B6J
Slc16a7	1	0.006944444444444444	1	0.006944444444444444	0	0.0	0.0	0.04850509969062506	aracne_Microglia_B6J
Eps15	1	0.006944444444444444	1	0.006944444444444444	0	0.0	0.0	0.04795055113691874	aracne_Microglia_B6J
Pcdh9	1	0.006944444444444444	1	0.006944444444444444	0	0.0	0.0	0.039077955093165945	aracne_Microglia_B6J
Slf2	1	0.006944444444444444	1	0.006944444444444444	0	0.0	0.0	0.038663234882996486	aracne_Microglia_B6J
Magi2	2	0.013888888888888888	2	0.013888888888888888	0	0.0	0.0	0.05815587424647444	aracne_Microglia_B6J
Mpeg1	1	0.006944444444444444	1	0.006944444444444444	0	0.0	0.0	0.014374436956887091	aracne_Microglia_B6J
Dgkb	3	0.020833333333333332	3	0.020833333333333332	0	0.0	0.0	0.04893627245960319	aracne_Microglia_B6J
Hpgd	1	0.006944444444444444	1	0.006944444444444444	0	0.0	0.0	0.013749560114601996	aracne_Microglia_B6J
Gm10790	1	0.006944444444444444	1	0.006944444444444444	0	0.0	0.0	0.04611200852426244	aracne_Microglia_B6J
Ctnnd2	2	0.013888888888888888	2	0.013888888888888888	0	0.0	0.0	0.04091325889479512	aracne_Microglia_B6J
Syt1	1	0.006944444444444444	1	0.006944444444444444	0	0.0	0.0	0.044389970379813244	aracne_Microglia_B6J
Csmd3	3	0.020833333333333332	3	0.020833333333333332	0	0.0	0.0	0.03688465029396396	aracne_Microglia_B6J
Grm7	1	0.006944444444444444	1	0.006944444444444444	0	0.0	0.0	0.04394323400877582	aracne_Microglia_B6J
Slc1a2	2	0.013888888888888888	2	0.013888888888888888	0	0.0	0.0	0.01398208569726202	aracne_Microglia_B6J
Ctnna2	1	0.006944444444444444	1	0.006944444444444444	0	0.0	0.0	0.043660785799612606	aracne_Microglia_B6J
Mdga2	1	0.006944444444444444	1	0.006944444444444444	0	0.0	0.0	0.04316025363150853	aracne_Microglia_B6J
Lrrtm4	1	0.006944444444444444	1	0.006944444444444444	0	0.0	0.0	0.013221932633397902	aracne_Microglia_B6J
Arid5b	1	0.006944444444444444	1	0.006944444444444444	0	0.0	0.0	0.03466317190530207	aracne_Microglia_B6J
Auts2	2	0.013888888888888888	2	0.013888888888888888	0	0.0	0.0	0.044079092271692676	aracne_Microglia_B6J
Trps1	10	0.06944444444444445	0	0.0	10	0.06944444444444445	0.0	0.036915015363796086	aracne_Microglia_B6J
Psd3	2	0.013888888888888888	2	0.013888888888888888	0	0.0	0.0	0.011042901757906924	aracne_Microglia_B6J
Nrxn1	1	0.006944444444444444	1	0.006944444444444444	0	0.0	0.0	0.003758409977699726	aracne_Microglia_B6J
Ntm	2	0.013888888888888888	2	0.013888888888888888	0	0.0	0.0	0.015062609492161849	aracne_Microglia_B6J
Gmds	1	0.006944444444444444	1	0.006944444444444444	0	0.0	0.0	0.011720336479702952	aracne_Microglia_B6J
Lhfpl2	1	0.006944444444444444	1	0.006944444444444444	0	0.0	0.0	0.03217246645986367	aracne_Microglia_B6J
Cadm2	1	0.006944444444444444	1	0.006944444444444444	0	0.0	0.0	0.0036155066171040654	aracne_Microglia_B6J
Fgf14	1	0.006944444444444444	1	0.006944444444444444	0	0.0	0.0	0.03842178581206586	aracne_Microglia_B6J
Eml6	1	0.006944444444444444	1	0.006944444444444444	0	0.0	0.0	0.011236327579116705	aracne_Microglia_B6J
Plcb1	2	0.013888888888888888	2	0.013888888888888888	0	0.0	0.0	0.04584649238403744	aracne_Microglia_B6J
Rnf150	2	0.013888888888888888	2	0.013888888888888888	0	0.0	0.0	0.03914886398657859	aracne_Microglia_B6J
Setbp1	2	0.013888888888888888	2	0.013888888888888888	0	0.0	0.0	0.014309977414954725	aracne_Microglia_B6J
Prkn	1	0.006944444444444444	1	0.006944444444444444	0	0.0	0.0	0.010704763035050663	aracne_Microglia_B6J
Kcnq1ot1	1	0.006944444444444444	1	0.006944444444444444	0	0.0	0.0	0.01067015475272928	aracne_Microglia_B6J
Itsn1	1	0.006944444444444444	1	0.006944444444444444	0	0.0	0.0	0.0013165444210668383	aracne_Microglia_B6J
Ahcyl2	1	0.006944444444444444	1	0.006944444444444444	0	0.0	0.0	0.010290297711042716	aracne_Microglia_B6J
Kcnq5	3	0.020833333333333332	3	0.020833333333333332	0	0.0	0.0	0.04516888701847413	aracne_Microglia_B6J
Kcnd2	1	0.006944444444444444	1	0.006944444444444444	0	0.0	0.0	0.03411013029132047	aracne_Microglia_B6J
Rbpj	5	0.034722222222222224	0	0.0	5	0.034722222222222224	0.0	0.004927132878550448	aracne_Microglia_B6J
Myo5a	2	0.013888888888888888	2	0.013888888888888888	0	0.0	0.0	0.022419020799622737	aracne_Microglia_B6J
Tenm2	1	0.006944444444444444	1	0.006944444444444444	0	0.0	0.0	0.009966366538431866	aracne_Microglia_B6J
Camkmt	1	0.006944444444444444	1	0.006944444444444444	0	0.0	0.0	0.02652317354785029	aracne_Microglia_B6J
Nkain2	1	0.006944444444444444	1	0.006944444444444444	0	0.0	0.0	0.026434862795657793	aracne_Microglia_B6J
Immp2l	1	0.006944444444444444	1	0.006944444444444444	0	0.0	0.0	0.009527365810953061	aracne_Microglia_B6J
Slc8a1	1	0.006944444444444444	1	0.006944444444444444	0	0.0	0.0	0.002914433162423816	aracne_Microglia_B6J
Snhg14	1	0.006944444444444444	1	0.006944444444444444	0	0.0	0.0	0.009112699652626169	aracne_Microglia_B6J
Alcam	1	0.006944444444444444	1	0.006944444444444444	0	0.0	0.0	0.030075977153430956	aracne_Microglia_B6J
Mast4	1	0.006944444444444444	1	0.006944444444444444	0	0.0	0.0	0.024451099864196222	aracne_Microglia_B6J
Csmd1	1	0.006944444444444444	1	0.006944444444444444	0	0.0	0.0	0.008986444683405526	aracne_Microglia_B6J
Grm5	1	0.006944444444444444	1	0.006944444444444444	0	0.0	0.0	0.008490997326782617	aracne_Microglia_B6J
Lrrc4c	1	0.006944444444444444	1	0.006944444444444444	0	0.0	0.0	0.008476887829760872	aracne_Microglia_B6J
Kirrel3	4	0.027777777777777776	4	0.027777777777777776	0	0.0	0.0	0.03989839114703777	aracne_Microglia_B6J
Utrn	1	0.006944444444444444	1	0.006944444444444444	0	0.0	0.0	0.002652720450923125	aracne_Microglia_B6J
Dgki	1	0.006944444444444444	1	0.006944444444444444	0	0.0	0.0	0.027490413536241595	aracne_Microglia_B6J
Phlpp1	2	0.013888888888888888	2	0.013888888888888888	0	0.0	0.0	0.01066195481645986	aracne_Microglia_B6J
F13a1	1	0.006944444444444444	1	0.006944444444444444	0	0.0	0.0	0.00012800578894598132	aracne_Microglia_B6J
Frrs1	1	0.006944444444444444	1	0.006944444444444444	0	0.0	0.0	0.0075793682398028195	aracne_Microglia_B6J
Mrc1	1	0.006944444444444444	1	0.006944444444444444	0	0.0	0.0	0.0001248116638146587	aracne_Microglia_B6J
Atp11c	1	0.006944444444444444	1	0.006944444444444444	0	0.0	0.0	0.007495970903617292	aracne_Microglia_B6J
Gnao1	1	0.006944444444444444	1	0.006944444444444444	0	0.0	0.0	0.002286504390326582	aracne_Microglia_B6J
Meis2	6	0.041666666666666664	0	0.0	6	0.041666666666666664	0.0	0.017634326772467387	aracne_Microglia_B6J
Nrg3	1	0.006944444444444444	1	0.006944444444444444	0	0.0	0.0	0.0022066894878984278	aracne_Microglia_B6J
Grid2	2	0.013888888888888888	2	0.013888888888888888	0	0.0	0.0	0.009021565260010684	aracne_Microglia_B6J
Slc4a4	1	0.006944444444444444	1	0.006944444444444444	0	0.0	0.0	0.0020443624843310406	aracne_Microglia_B6J
Glis3	1	0.006944444444444444	1	0.006944444444444444	0	0.0	0.0	0.021976872270309696	aracne_Microglia_B6J
Esrrg	1	0.006944444444444444	0	0.0	1	0.006944444444444444	0.0	0.0003271948203051658	aracne_Microglia_B6J
Grm3	2	0.013888888888888888	2	0.013888888888888888	0	0.0	0.0	0.01495685772470388	aracne_Microglia_B6J
Nav3	1	0.006944444444444444	1	0.006944444444444444	0	0.0	0.0	0.0007865974348086022	aracne_Microglia_B6J
Adgrb3	1	0.006944444444444444	1	0.006944444444444444	0	0.0	0.0	0.0015954013488055938	aracne_Microglia_B6J
Trerf1	1	0.006944444444444444	0	0.0	1	0.006944444444444444	0.0	0.005322958102653791	aracne_Microglia_B6J
Malat1	1	0.006944444444444444	1	0.006944444444444444	0	0.0	0.0	7.75381003099426e-05	aracne_Microglia_B6J
Arhgap15	1	0.006944444444444444	1	0.006944444444444444	0	0.0	0.0	0.0005763576471282631	aracne_Microglia_B6J
Rbpj	23	0.036741214057507986	2	0.003194888178913738	21	0.03354632587859425	449.0	0.003949523310190364	genie3_Microglia_CASTJ_adj
Itsn1	2	0.003194888178913738	2	0.003194888178913738	0	0.0	0.0	0.0019967082613879185	genie3_Microglia_CASTJ_adj
Tbc1d4	1	0.001597444089456869	1	0.001597444089456869	0	0.0	0.0	0.0002664813520220532	genie3_Microglia_CASTJ_adj
Msi2	16	0.025559105431309903	3	0.004792332268370607	13	0.020766773162939296	180.0	0.008140402081174168	genie3_Microglia_CASTJ_adj
Slc1a2	9	0.01437699680511182	9	0.01437699680511182	0	0.0	0.0	0.027549759828049827	genie3_Microglia_CASTJ_adj
Zeb2	20	0.03194888178913738	0	0.0	20	0.03194888178913738	0.0	0.0007709143702529601	genie3_Microglia_CASTJ_adj
Mbp	2	0.003194888178913738	2	0.003194888178913738	0	0.0	0.0	4.7572683956830724e-05	genie3_Microglia_CASTJ_adj
Foxp1	221	0.35303514376996803	10	0.01597444089456869	211	0.33706070287539935	2987.0	1.0	genie3_Microglia_CASTJ_adj
Ryr3	10	0.01597444089456869	10	0.01597444089456869	0	0.0	0.0	0.2251896774724204	genie3_Microglia_CASTJ_adj
Dse	1	0.001597444089456869	1	0.001597444089456869	0	0.0	0.0	0.00023913220263079444	genie3_Microglia_CASTJ_adj
Rora	200	0.3194888178913738	6	0.009584664536741214	194	0.30990415335463256	1789.0	0.8661565219993111	genie3_Microglia_CASTJ_adj
Ntm	9	0.01437699680511182	9	0.01437699680511182	0	0.0	0.0	0.08523186309194994	genie3_Microglia_CASTJ_adj
Cacna2d3	9	0.01437699680511182	9	0.01437699680511182	0	0.0	0.0	0.18764290505185585	genie3_Microglia_CASTJ_adj
Dcc	10	0.01597444089456869	10	0.01597444089456869	0	0.0	0.0	0.19733584487306619	genie3_Microglia_CASTJ_adj
Cacnb2	10	0.01597444089456869	10	0.01597444089456869	0	0.0	0.0	0.18551647805949734	genie3_Microglia_CASTJ_adj
Grm5	10	0.01597444089456869	10	0.01597444089456869	0	0.0	0.0	0.2039614356136448	genie3_Microglia_CASTJ_adj
Cntnap5a	10	0.01597444089456869	10	0.01597444089456869	0	0.0	0.0	0.20774090390248617	genie3_Microglia_CASTJ_adj
Nfia	8	0.012779552715654952	1	0.001597444089456869	7	0.011182108626198083	43.0	0.002187047292299088	genie3_Microglia_CASTJ_adj
Ctnnd2	10	0.01597444089456869	10	0.01597444089456869	0	0.0	0.0	0.17073052187145704	genie3_Microglia_CASTJ_adj
Pde10a	9	0.01437699680511182	9	0.01437699680511182	0	0.0	0.0	0.17380310630036622	genie3_Microglia_CASTJ_adj
Kcnd2	12	0.019169329073482427	12	0.019169329073482427	0	0.0	0.0	0.20491451496518928	genie3_Microglia_CASTJ_adj
Sgcz	12	0.019169329073482427	12	0.019169329073482427	0	0.0	0.0	0.16967744568701598	genie3_Microglia_CASTJ_adj
Dgkb	10	0.01597444089456869	10	0.01597444089456869	0	0.0	0.0	0.18433747780285903	genie3_Microglia_CASTJ_adj
Ctnna2	10	0.01597444089456869	10	0.01597444089456869	0	0.0	0.0	0.12159827971165289	genie3_Microglia_CASTJ_adj
Esrrg	30	0.04792332268370607	3	0.004792332268370607	27	0.04313099041533546	38.0	0.15208569722614013	genie3_Microglia_CASTJ_adj
Tenm3	8	0.012779552715654952	8	0.012779552715654952	0	0.0	0.0	0.07611920955668344	genie3_Microglia_CASTJ_adj
Kcnq3	9	0.01437699680511182	9	0.01437699680511182	0	0.0	0.0	0.15687337673027527	genie3_Microglia_CASTJ_adj
Grik2	11	0.01757188498402556	11	0.01757188498402556	0	0.0	0.0	0.1885284667269603	genie3_Microglia_CASTJ_adj
Prkcb	10	0.01597444089456869	10	0.01597444089456869	0	0.0	0.0	0.18623412846208756	genie3_Microglia_CASTJ_adj
Phactr1	10	0.01597444089456869	10	0.01597444089456869	0	0.0	0.0	0.1644232555606321	genie3_Microglia_CASTJ_adj
Dpp6	11	0.01757188498402556	11	0.01757188498402556	0	0.0	0.0	0.1590488323136582	genie3_Microglia_CASTJ_adj
Ap2a2	1	0.001597444089456869	1	0.001597444089456869	0	0.0	0.0	0.00020779011226268563	genie3_Microglia_CASTJ_adj
Il1rapl1	11	0.01757188498402556	11	0.01757188498402556	0	0.0	0.0	0.1922081435864731	genie3_Microglia_CASTJ_adj
Mbnl2	79	0.12619808306709265	0	0.0	79	0.12619808306709265	0.0	0.35134528990347685	genie3_Microglia_CASTJ_adj
Pbx1	62	0.09904153354632587	2	0.003194888178913738	60	0.09584664536741214	531.0	0.15569340728168685	genie3_Microglia_CASTJ_adj
Trpm3	6	0.009584664536741214	6	0.009584664536741214	0	0.0	0.0	0.084156127496378	genie3_Microglia_CASTJ_adj
Ppp3ca	9	0.01437699680511182	9	0.01437699680511182	0	0.0	0.0	0.173254556120176	genie3_Microglia_CASTJ_adj
Atxn1	9	0.01437699680511182	9	0.01437699680511182	0	0.0	0.0	0.17519929083210625	genie3_Microglia_CASTJ_adj
Epha6	11	0.01757188498402556	11	0.01757188498402556	0	0.0	0.0	0.16183051357188108	genie3_Microglia_CASTJ_adj
Grip1	11	0.01757188498402556	11	0.01757188498402556	0	0.0	0.0	0.17641883367200364	genie3_Microglia_CASTJ_adj
Ptprn2	11	0.01757188498402556	11	0.01757188498402556	0	0.0	0.0	0.1655536016906473	genie3_Microglia_CASTJ_adj
Msra	107	0.17092651757188498	0	0.0	107	0.17092651757188498	0.0	0.33290887459486956	genie3_Microglia_CASTJ_adj
Myt1l	7	0.011182108626198083	7	0.011182108626198083	0	0.0	0.0	0.12716770927360602	genie3_Microglia_CASTJ_adj
B3galt1	9	0.01437699680511182	9	0.01437699680511182	0	0.0	0.0	0.10504053780964273	genie3_Microglia_CASTJ_adj
Gm26871	9	0.01437699680511182	9	0.01437699680511182	0	0.0	0.0	0.1658611084516356	genie3_Microglia_CASTJ_adj
Nr3c2	77	0.12300319488817892	1	0.001597444089456869	76	0.12140575079872204	154.0	0.29692954662019344	genie3_Microglia_CASTJ_adj
Sorbs1	11	0.01757188498402556	11	0.01757188498402556	0	0.0	0.0	0.16914499603796593	genie3_Microglia_CASTJ_adj
Rbfox1	12	0.019169329073482427	12	0.019169329073482427	0	0.0	0.0	0.17483323634139225	genie3_Microglia_CASTJ_adj
Grin2b	10	0.01597444089456869	10	0.01597444089456869	0	0.0	0.0	0.16534437390227014	genie3_Microglia_CASTJ_adj
Rfx3	92	0.14696485623003194	5	0.007987220447284345	87	0.1389776357827476	86.0	0.5395945654017948	genie3_Microglia_CASTJ_adj
Cntn4	9	0.01437699680511182	9	0.01437699680511182	0	0.0	0.0	0.1680159019499007	genie3_Microglia_CASTJ_adj
Gnao1	5	0.007987220447284345	5	0.007987220447284345	0	0.0	0.0	0.0503786204178636	genie3_Microglia_CASTJ_adj
Ank3	9	0.01437699680511182	9	0.01437699680511182	0	0.0	0.0	0.1721157806873802	genie3_Microglia_CASTJ_adj
Ncor1	26	0.04153354632587859	0	0.0	26	0.04153354632587859	0.0	0.01253407765651572	genie3_Microglia_CASTJ_adj
Snhg11	11	0.01757188498402556	11	0.01757188498402556	0	0.0	0.0	0.010320049852902462	genie3_Microglia_CASTJ_adj
Grid2	8	0.012779552715654952	8	0.012779552715654952	0	0.0	0.0	0.12453997638295758	genie3_Microglia_CASTJ_adj
Rbfox2	151	0.24121405750798722	5	0.007987220447284345	146	0.23322683706070288	2336.0	0.3936201766964308	genie3_Microglia_CASTJ_adj
Grid1	11	0.01757188498402556	11	0.01757188498402556	0	0.0	0.0	0.1850193228205027	genie3_Microglia_CASTJ_adj
Alcam	9	0.01437699680511182	9	0.01437699680511182	0	0.0	0.0	0.1449826433017705	genie3_Microglia_CASTJ_adj
Nlgn1	10	0.01597444089456869	10	0.01597444089456869	0	0.0	0.0	0.1622342851878725	genie3_Microglia_CASTJ_adj
Gria1	11	0.01757188498402556	11	0.01757188498402556	0	0.0	0.0	0.18807275752480007	genie3_Microglia_CASTJ_adj
Anks1b	10	0.01597444089456869	10	0.01597444089456869	0	0.0	0.0	0.17179726136166062	genie3_Microglia_CASTJ_adj
Dnmt3a	21	0.03354632587859425	0	0.0	21	0.03354632587859425	0.0	0.06486153377232583	genie3_Microglia_CASTJ_adj
Rnf150	4	0.006389776357827476	4	0.006389776357827476	0	0.0	0.0	0.07180128625412867	genie3_Microglia_CASTJ_adj
Kcnq5	11	0.01757188498402556	11	0.01757188498402556	0	0.0	0.0	0.17784880143138534	genie3_Microglia_CASTJ_adj
Kirrel3	13	0.020766773162939296	13	0.020766773162939296	0	0.0	0.0	0.16191380729677635	genie3_Microglia_CASTJ_adj
Adgrl3	8	0.012779552715654952	8	0.012779552715654952	0	0.0	0.0	0.1413925335238753	genie3_Microglia_CASTJ_adj
Celf4	140	0.22364217252396165	6	0.009584664536741214	134	0.21405750798722045	1270.0	0.5068792161921013	genie3_Microglia_CASTJ_adj
Cacna1c	5	0.007987220447284345	5	0.007987220447284345	0	0.0	0.0	0.08908722160176588	genie3_Microglia_CASTJ_adj
Cnksr2	11	0.01757188498402556	11	0.01757188498402556	0	0.0	0.0	0.1610144138899628	genie3_Microglia_CASTJ_adj
Ntrk3	7	0.011182108626198083	7	0.011182108626198083	0	0.0	0.0	0.13002784167918136	genie3_Microglia_CASTJ_adj
Macrod2	7	0.011182108626198083	7	0.011182108626198083	0	0.0	0.0	0.1506610409259953	genie3_Microglia_CASTJ_adj
Dlgap2	6	0.009584664536741214	6	0.009584664536741214	0	0.0	0.0	0.11209394173757545	genie3_Microglia_CASTJ_adj
Gpr158	9	0.01437699680511182	9	0.01437699680511182	0	0.0	0.0	0.1458103293094909	genie3_Microglia_CASTJ_adj
Meg3	6	0.009584664536741214	6	0.009584664536741214	0	0.0	0.0	0.0750103478358287	genie3_Microglia_CASTJ_adj
Kctd16	6	0.009584664536741214	6	0.009584664536741214	0	0.0	0.0	0.0986557312065719	genie3_Microglia_CASTJ_adj
Slit3	8	0.012779552715654952	8	0.012779552715654952	0	0.0	0.0	0.1358847967681628	genie3_Microglia_CASTJ_adj
Dok6	9	0.01437699680511182	9	0.01437699680511182	0	0.0	0.0	0.13557044947643584	genie3_Microglia_CASTJ_adj
Grm3	7	0.011182108626198083	7	0.011182108626198083	0	0.0	0.0	0.108894589097572	genie3_Microglia_CASTJ_adj
Gabrb3	11	0.01757188498402556	11	0.01757188498402556	0	0.0	0.0	0.16143560123437828	genie3_Microglia_CASTJ_adj
Lsamp	10	0.01597444089456869	10	0.01597444089456869	0	0.0	0.0	0.12935170192811024	genie3_Microglia_CASTJ_adj
Adgrl2	7	0.011182108626198083	7	0.011182108626198083	0	0.0	0.0	0.12636611447851664	genie3_Microglia_CASTJ_adj
Nrxn3	11	0.01757188498402556	11	0.01757188498402556	0	0.0	0.0	0.1211180693909023	genie3_Microglia_CASTJ_adj
Auts2	6	0.009584664536741214	6	0.009584664536741214	0	0.0	0.0	0.10027548767928156	genie3_Microglia_CASTJ_adj
Utrn	9	0.01437699680511182	9	0.01437699680511182	0	0.0	0.0	0.1288104599651348	genie3_Microglia_CASTJ_adj
Zbtb20	18	0.02875399361022364	2	0.003194888178913738	16	0.025559105431309903	230.0	0.05276254678467399	genie3_Microglia_CASTJ_adj
Mrtfb	9	0.01437699680511182	9	0.01437699680511182	0	0.0	0.0	0.13764537170980157	genie3_Microglia_CASTJ_adj
Gabrg3	10	0.01597444089456869	10	0.01597444089456869	0	0.0	0.0	0.14551239765777382	genie3_Microglia_CASTJ_adj
Klf12	72	0.11501597444089456	3	0.004792332268370607	69	0.11022364217252396	60.0	0.3918965447488897	genie3_Microglia_CASTJ_adj
Mgat4c	9	0.01437699680511182	9	0.01437699680511182	0	0.0	0.0	0.13213260292784246	genie3_Microglia_CASTJ_adj
Cadps	5	0.007987220447284345	5	0.007987220447284345	0	0.0	0.0	0.04469975125547638	genie3_Microglia_CASTJ_adj
Bcr	11	0.01757188498402556	11	0.01757188498402556	0	0.0	0.0	0.15924805205801854	genie3_Microglia_CASTJ_adj
Gabrb1	8	0.012779552715654952	8	0.012779552715654952	0	0.0	0.0	0.12483730342127809	genie3_Microglia_CASTJ_adj
Sfxn5	2	0.003194888178913738	2	0.003194888178913738	0	0.0	0.0	0.0004127775977230299	genie3_Microglia_CASTJ_adj
Slc1a3	4	0.006389776357827476	4	0.006389776357827476	0	0.0	0.0	0.001967349885781461	genie3_Microglia_CASTJ_adj
Chsy3	4	0.006389776357827476	4	0.006389776357827476	0	0.0	0.0	0.08997878167813494	genie3_Microglia_CASTJ_adj
Fgf14	8	0.012779552715654952	8	0.012779552715654952	0	0.0	0.0	0.11642167465550934	genie3_Microglia_CASTJ_adj
Mdga2	8	0.012779552715654952	8	0.012779552715654952	0	0.0	0.0	0.09965448109505776	genie3_Microglia_CASTJ_adj
App	4	0.006389776357827476	4	0.006389776357827476	0	0.0	0.0	0.06588541354912633	genie3_Microglia_CASTJ_adj
Rbms1	84	0.134185303514377	5	0.007987220447284345	79	0.12619808306709265	285.0	0.4722819197223939	genie3_Microglia_CASTJ_adj
Pde7b	9	0.01437699680511182	9	0.01437699680511182	0	0.0	0.0	0.10189653754685754	genie3_Microglia_CASTJ_adj
Glis3	4	0.006389776357827476	2	0.003194888178913738	2	0.003194888178913738	1.0	0.0010904492619197943	genie3_Microglia_CASTJ_adj
Trps1	17	0.027156549520766772	5	0.007987220447284345	12	0.019169329073482427	513.0	0.05403617044680111	genie3_Microglia_CASTJ_adj
Clstn2	5	0.007987220447284345	5	0.007987220447284345	0	0.0	0.0	0.022866037533550418	genie3_Microglia_CASTJ_adj
Xkr6	6	0.009584664536741214	6	0.009584664536741214	0	0.0	0.0	0.10968269749000059	genie3_Microglia_CASTJ_adj
Adgrb3	8	0.012779552715654952	8	0.012779552715654952	0	0.0	0.0	0.1390940259286105	genie3_Microglia_CASTJ_adj
Tnik	7	0.011182108626198083	7	0.011182108626198083	0	0.0	0.0	0.13185237049500775	genie3_Microglia_CASTJ_adj
Mapk1	37	0.05910543130990415	1	0.001597444089456869	36	0.05750798722044728	14.0	0.08840177530062829	genie3_Microglia_CASTJ_adj
Ncam2	7	0.011182108626198083	7	0.011182108626198083	0	0.0	0.0	0.057833035811483274	genie3_Microglia_CASTJ_adj
Plekha5	8	0.012779552715654952	8	0.012779552715654952	0	0.0	0.0	0.11077582607462029	genie3_Microglia_CASTJ_adj
Lrp1b	9	0.01437699680511182	9	0.01437699680511182	0	0.0	0.0	0.1465644370839781	genie3_Microglia_CASTJ_adj
Strn	6	0.009584664536741214	6	0.009584664536741214	0	0.0	0.0	0.10265653722455123	genie3_Microglia_CASTJ_adj
Lrrc7	10	0.01597444089456869	10	0.01597444089456869	0	0.0	0.0	0.14878676649409525	genie3_Microglia_CASTJ_adj
Zeb1	11	0.01757188498402556	1	0.001597444089456869	10	0.01597444089456869	47.0	0.02699713223917415	genie3_Microglia_CASTJ_adj
Ncam1	6	0.009584664536741214	6	0.009584664536741214	0	0.0	0.0	0.12065979494021883	genie3_Microglia_CASTJ_adj
Rian	8	0.012779552715654952	8	0.012779552715654952	0	0.0	0.0	0.09455416612116964	genie3_Microglia_CASTJ_adj
Itpr1	10	0.01597444089456869	10	0.01597444089456869	0	0.0	0.0	0.14317207390908812	genie3_Microglia_CASTJ_adj
Gphn	2	0.003194888178913738	2	0.003194888178913738	0	0.0	0.0	0.03737479671818084	genie3_Microglia_CASTJ_adj
Dlg2	9	0.01437699680511182	9	0.01437699680511182	0	0.0	0.0	0.13222619868628838	genie3_Microglia_CASTJ_adj
Arhgef9	6	0.009584664536741214	6	0.009584664536741214	0	0.0	0.0	0.11033226361967127	genie3_Microglia_CASTJ_adj
Pclo	8	0.012779552715654952	8	0.012779552715654952	0	0.0	0.0	0.013473287579387035	genie3_Microglia_CASTJ_adj
Plcb1	6	0.009584664536741214	6	0.009584664536741214	0	0.0	0.0	0.09444096733120468	genie3_Microglia_CASTJ_adj
Syne1	8	0.012779552715654952	8	0.012779552715654952	0	0.0	0.0	0.09937921390821917	genie3_Microglia_CASTJ_adj
Frmpd4	9	0.01437699680511182	9	0.01437699680511182	0	0.0	0.0	0.12167855458299383	genie3_Microglia_CASTJ_adj
Chd2	5	0.007987220447284345	0	0.0	5	0.007987220447284345	0.0	0.0006702142450753638	genie3_Microglia_CASTJ_adj
Egfem1	6	0.009584664536741214	6	0.009584664536741214	0	0.0	0.0	0.009690175633422136	genie3_Microglia_CASTJ_adj
Nrxn1	4	0.006389776357827476	4	0.006389776357827476	0	0.0	0.0	0.04050901589200853	genie3_Microglia_CASTJ_adj
Stox2	7	0.011182108626198083	7	0.011182108626198083	0	0.0	0.0	0.11155598943626448	genie3_Microglia_CASTJ_adj
Hivep3	6	0.009584664536741214	0	0.0	6	0.009584664536741214	0.0	0.01610865278871031	genie3_Microglia_CASTJ_adj
Foxn3	9	0.01437699680511182	0	0.0	9	0.01437699680511182	0.0	0.0005318234450750947	genie3_Microglia_CASTJ_adj
Plxdc2	5	0.007987220447284345	5	0.007987220447284345	0	0.0	0.0	0.004108301441758049	genie3_Microglia_CASTJ_adj
Kcnip3	5	0.007987220447284345	5	0.007987220447284345	0	0.0	0.0	0.09004867956882666	genie3_Microglia_CASTJ_adj
Mllt3	8	0.012779552715654952	8	0.012779552715654952	0	0.0	0.0	0.08742148770847595	genie3_Microglia_CASTJ_adj
Kdm5b	5	0.007987220447284345	0	0.0	5	0.007987220447284345	0.0	7.285488181429765e-06	genie3_Microglia_CASTJ_adj
Pex5l	5	0.007987220447284345	5	0.007987220447284345	0	0.0	0.0	0.00010236413756074262	genie3_Microglia_CASTJ_adj
Malat1	6	0.009584664536741214	6	0.009584664536741214	0	0.0	0.0	0.0601725386088106	genie3_Microglia_CASTJ_adj
Kazn	7	0.011182108626198083	7	0.011182108626198083	0	0.0	0.0	0.09460392581917311	genie3_Microglia_CASTJ_adj
Cadm2	8	0.012779552715654952	8	0.012779552715654952	0	0.0	0.0	0.10633607822020223	genie3_Microglia_CASTJ_adj
Sgip1	6	0.009584664536741214	6	0.009584664536741214	0	0.0	0.0	0.089719329532511	genie3_Microglia_CASTJ_adj
Farp1	1	0.001597444089456869	1	0.001597444089456869	0	0.0	0.0	0.00031377131492657116	genie3_Microglia_CASTJ_adj
Negr1	6	0.009584664536741214	6	0.009584664536741214	0	0.0	0.0	0.0933900468922604	genie3_Microglia_CASTJ_adj
Nkain2	6	0.009584664536741214	6	0.009584664536741214	0	0.0	0.0	0.10088074616645767	genie3_Microglia_CASTJ_adj
Ugp2	2	0.003194888178913738	1	0.001597444089456869	1	0.001597444089456869	1.0	0.0	genie3_Microglia_CASTJ_adj
Atp13a1	1	0.001597444089456869	1	0.001597444089456869	0	0.0	0.0	0.0	genie3_Microglia_CASTJ_adj
Cntnap2	7	0.011182108626198083	7	0.011182108626198083	0	0.0	0.0	0.06573423269339061	genie3_Microglia_CASTJ_adj
Nin	3	0.004792332268370607	3	0.004792332268370607	0	0.0	0.0	0.03464529354030964	genie3_Microglia_CASTJ_adj
Klf7	2	0.003194888178913738	0	0.0	2	0.003194888178913738	0.0	0.002798719892868459	genie3_Microglia_CASTJ_adj
Cpeb4	3	0.004792332268370607	3	0.004792332268370607	0	0.0	0.0	0.021008027704512433	genie3_Microglia_CASTJ_adj
Zfp945	1	0.001597444089456869	0	0.0	1	0.001597444089456869	0.0	0.0	genie3_Microglia_CASTJ_adj
Fancl	1	0.001597444089456869	1	0.001597444089456869	0	0.0	0.0	0.0	genie3_Microglia_CASTJ_adj
Cpeb3	7	0.011182108626198083	7	0.011182108626198083	0	0.0	0.0	0.035733726538601296	genie3_Microglia_CASTJ_adj
Rgs7bp	9	0.01437699680511182	9	0.01437699680511182	0	0.0	0.0	0.11349541537966948	genie3_Microglia_CASTJ_adj
Fry	10	0.01597444089456869	10	0.01597444089456869	0	0.0	0.0	0.1206540339557299	genie3_Microglia_CASTJ_adj
Cacna1e	5	0.007987220447284345	5	0.007987220447284345	0	0.0	0.0	0.09257608708435984	genie3_Microglia_CASTJ_adj
Celf2	6	0.009584664536741214	6	0.009584664536741214	0	0.0	0.0	0.10444248877971267	genie3_Microglia_CASTJ_adj
Cntn1	6	0.009584664536741214	6	0.009584664536741214	0	0.0	0.0	0.11750357364672985	genie3_Microglia_CASTJ_adj
Sntg1	7	0.011182108626198083	7	0.011182108626198083	0	0.0	0.0	0.07846908347298176	genie3_Microglia_CASTJ_adj
Pde1b	6	0.009584664536741214	6	0.009584664536741214	0	0.0	0.0	0.11573646684718945	genie3_Microglia_CASTJ_adj
Zfhx2	5	0.007987220447284345	1	0.001597444089456869	4	0.006389776357827476	1.0	0.003218711927611282	genie3_Microglia_CASTJ_adj
Camk2a	6	0.009584664536741214	6	0.009584664536741214	0	0.0	0.0	0.01155459898010482	genie3_Microglia_CASTJ_adj
Lrrc4c	5	0.007987220447284345	5	0.007987220447284345	0	0.0	0.0	0.09339006711307035	genie3_Microglia_CASTJ_adj
Rims2	8	0.012779552715654952	8	0.012779552715654952	0	0.0	0.0	0.09289042798162933	genie3_Microglia_CASTJ_adj
Bptf	19	0.03035143769968051	0	0.0	19	0.03035143769968051	0.0	0.004082895602162718	genie3_Microglia_CASTJ_adj
Robo1	11	0.01757188498402556	11	0.01757188498402556	0	0.0	0.0	0.13583922977650748	genie3_Microglia_CASTJ_adj
Ppp2r2b	5	0.007987220447284345	5	0.007987220447284345	0	0.0	0.0	0.07388536089410103	genie3_Microglia_CASTJ_adj
Otud7a	10	0.01597444089456869	10	0.01597444089456869	0	0.0	0.0	0.0936555153971351	genie3_Microglia_CASTJ_adj
Mtf2	12	0.019169329073482427	0	0.0	12	0.019169329073482427	0.0	0.00698380273737337	genie3_Microglia_CASTJ_adj
Map1b	7	0.011182108626198083	7	0.011182108626198083	0	0.0	0.0	0.012126942350218864	genie3_Microglia_CASTJ_adj
Pde4dip	4	0.006389776357827476	4	0.006389776357827476	0	0.0	0.0	0.04340450061409738	genie3_Microglia_CASTJ_adj
Maf	1	0.001597444089456869	0	0.0	1	0.001597444089456869	0.0	0.0	genie3_Microglia_CASTJ_adj
Ralbp1	1	0.001597444089456869	1	0.001597444089456869	0	0.0	0.0	0.0	genie3_Microglia_CASTJ_adj
Stard8	1	0.001597444089456869	1	0.001597444089456869	0	0.0	0.0	0.0001430300335288807	genie3_Microglia_CASTJ_adj
Pou2f1	7	0.011182108626198083	0	0.0	7	0.011182108626198083	0.0	0.01132581526945261	genie3_Microglia_CASTJ_adj
Gpm6b	5	0.007987220447284345	5	0.007987220447284345	0	0.0	0.0	0.03401718415082169	genie3_Microglia_CASTJ_adj
Prkg1	4	0.006389776357827476	4	0.006389776357827476	0	0.0	0.0	0.029564204419896472	genie3_Microglia_CASTJ_adj
Nup93	5	0.007987220447284345	5	0.007987220447284345	0	0.0	0.0	0.06819475368416315	genie3_Microglia_CASTJ_adj
Tia1	5	0.007987220447284345	0	0.0	5	0.007987220447284345	0.0	4.65776841101964e-05	genie3_Microglia_CASTJ_adj
Ahi1	8	0.012779552715654952	8	0.012779552715654952	0	0.0	0.0	0.0002789044620595354	genie3_Microglia_CASTJ_adj
Hs6st3	11	0.01757188498402556	11	0.01757188498402556	0	0.0	0.0	0.114729215102239	genie3_Microglia_CASTJ_adj
Dclre1c	1	0.001597444089456869	1	0.001597444089456869	0	0.0	0.0	0.00014035469834996323	genie3_Microglia_CASTJ_adj
Ccser1	4	0.006389776357827476	4	0.006389776357827476	0	0.0	0.0	0.07970082802934358	genie3_Microglia_CASTJ_adj
Mxi1	2	0.003194888178913738	0	0.0	2	0.003194888178913738	0.0	0.0	genie3_Microglia_CASTJ_adj
Ndel1	2	0.003194888178913738	2	0.003194888178913738	0	0.0	0.0	0.0	genie3_Microglia_CASTJ_adj
Csmd1	6	0.009584664536741214	6	0.009584664536741214	0	0.0	0.0	0.09719076052105353	genie3_Microglia_CASTJ_adj
Gria3	3	0.004792332268370607	3	0.004792332268370607	0	0.0	0.0	0.05967059127997656	genie3_Microglia_CASTJ_adj
Tspan7	5	0.007987220447284345	5	0.007987220447284345	0	0.0	0.0	0.03920267951110891	genie3_Microglia_CASTJ_adj
Dgki	7	0.011182108626198083	7	0.011182108626198083	0	0.0	0.0	0.09668895851693594	genie3_Microglia_CASTJ_adj
Thrb	5	0.007987220447284345	2	0.003194888178913738	3	0.004792332268370607	21.0	0.03390790551148209	genie3_Microglia_CASTJ_adj
Setbp1	32	0.051118210862619806	0	0.0	32	0.051118210862619806	0.0	0.04877367515168402	genie3_Microglia_CASTJ_adj
Mprip	4	0.006389776357827476	4	0.006389776357827476	0	0.0	0.0	0.053277319834311304	genie3_Microglia_CASTJ_adj
ENSMUSG00000062991.10	9	0.01437699680511182	9	0.01437699680511182	0	0.0	0.0	0.09877036295831117	genie3_Microglia_CASTJ_adj
Pcdh9	5	0.007987220447284345	5	0.007987220447284345	0	0.0	0.0	0.07068524078039914	genie3_Microglia_CASTJ_adj
Gria2	7	0.011182108626198083	7	0.011182108626198083	0	0.0	0.0	0.01586975489338085	genie3_Microglia_CASTJ_adj
Ptk2	4	0.006389776357827476	4	0.006389776357827476	0	0.0	0.0	0.05484521859291625	genie3_Microglia_CASTJ_adj
Pde8b	7	0.011182108626198083	7	0.011182108626198083	0	0.0	0.0	0.08509971476308453	genie3_Microglia_CASTJ_adj
Ctdspl	7	0.011182108626198083	7	0.011182108626198083	0	0.0	0.0	0.1053786656570786	genie3_Microglia_CASTJ_adj
Phlpp1	2	0.003194888178913738	2	0.003194888178913738	0	0.0	0.0	2.6426843860878412e-05	genie3_Microglia_CASTJ_adj
Mast4	1	0.001597444089456869	1	0.001597444089456869	0	0.0	0.0	2.640436932701206e-05	genie3_Microglia_CASTJ_adj
Mef2c	52	0.08306709265175719	0	0.0	52	0.08306709265175719	0.0	0.13727582076995956	genie3_Microglia_CASTJ_adj
Hmg20a	1	0.001597444089456869	0	0.0	1	0.001597444089456869	0.0	0.0	genie3_Microglia_CASTJ_adj
Ubqln1	1	0.001597444089456869	1	0.001597444089456869	0	0.0	0.0	0.0	genie3_Microglia_CASTJ_adj
Dab1	4	0.006389776357827476	4	0.006389776357827476	0	0.0	0.0	0.07962627337242997	genie3_Microglia_CASTJ_adj
Samd12	11	0.01757188498402556	11	0.01757188498402556	0	0.0	0.0	0.10163083487150147	genie3_Microglia_CASTJ_adj
Focad	8	0.012779552715654952	8	0.012779552715654952	0	0.0	0.0	0.09709389326970018	genie3_Microglia_CASTJ_adj
Hmbox1	54	0.08626198083067092	0	0.0	54	0.08626198083067092	0.0	0.1801553849387822	genie3_Microglia_CASTJ_adj
Gpc6	5	0.007987220447284345	5	0.007987220447284345	0	0.0	0.0	0.04227061423367852	genie3_Microglia_CASTJ_adj
Tcf4	13	0.020766773162939296	0	0.0	13	0.020766773162939296	0.0	0.02875202283870256	genie3_Microglia_CASTJ_adj
Foxo1	1	0.001597444089456869	0	0.0	1	0.001597444089456869	0.0	0.0	genie3_Microglia_CASTJ_adj
Csad	1	0.001597444089456869	1	0.001597444089456869	0	0.0	0.0	0.0	genie3_Microglia_CASTJ_adj
Kcnip4	9	0.01437699680511182	9	0.01437699680511182	0	0.0	0.0	0.12263304082296779	genie3_Microglia_CASTJ_adj
Thoc2	21	0.03354632587859425	0	0.0	21	0.03354632587859425	0.0	0.006410299581510364	genie3_Microglia_CASTJ_adj
Sptan1	3	0.004792332268370607	3	0.004792332268370607	0	0.0	0.0	0.0003002856705224547	genie3_Microglia_CASTJ_adj
Aff4	9	0.01437699680511182	0	0.0	9	0.01437699680511182	0.0	0.0012542472863413855	genie3_Microglia_CASTJ_adj
Cyth1	2	0.003194888178913738	2	0.003194888178913738	0	0.0	0.0	0.011029820498793454	genie3_Microglia_CASTJ_adj
Tenm2	7	0.011182108626198083	7	0.011182108626198083	0	0.0	0.0	0.08510646192734116	genie3_Microglia_CASTJ_adj
Ntrk2	7	0.011182108626198083	7	0.011182108626198083	0	0.0	0.0	0.03930162294470245	genie3_Microglia_CASTJ_adj
Ewsr1	13	0.020766773162939296	0	0.0	13	0.020766773162939296	0.0	0.0008985422683022202	genie3_Microglia_CASTJ_adj
Pcdh15	2	0.003194888178913738	2	0.003194888178913738	0	0.0	0.0	2.5653741690710574e-05	genie3_Microglia_CASTJ_adj
Zfp148	12	0.019169329073482427	0	0.0	12	0.019169329073482427	0.0	0.03217124570574217	genie3_Microglia_CASTJ_adj
Kdm7a	1	0.001597444089456869	0	0.0	1	0.001597444089456869	0.0	0.0009639091632589765	genie3_Microglia_CASTJ_adj
Homer1	6	0.009584664536741214	6	0.009584664536741214	0	0.0	0.0	0.029248950104194153	genie3_Microglia_CASTJ_adj
Zhx2	1	0.001597444089456869	0	0.0	1	0.001597444089456869	0.0	0.0009066535417350479	genie3_Microglia_CASTJ_adj
Spock1	5	0.007987220447284345	5	0.007987220447284345	0	0.0	0.0	0.05577562360379626	genie3_Microglia_CASTJ_adj
Mctp1	3	0.004792332268370607	3	0.004792332268370607	0	0.0	0.0	0.07187445035246713	genie3_Microglia_CASTJ_adj
Lrrtm4	7	0.011182108626198083	7	0.011182108626198083	0	0.0	0.0	0.05545372300116414	genie3_Microglia_CASTJ_adj
Atp2b1	7	0.011182108626198083	7	0.011182108626198083	0	0.0	0.0	0.07538761564106025	genie3_Microglia_CASTJ_adj
Rtn1	6	0.009584664536741214	6	0.009584664536741214	0	0.0	0.0	0.11005665985900562	genie3_Microglia_CASTJ_adj
Neat1	1	0.001597444089456869	1	0.001597444089456869	0	0.0	0.0	2.5026625421167902e-05	genie3_Microglia_CASTJ_adj
Zfp445	9	0.01437699680511182	0	0.0	9	0.01437699680511182	0.0	0.0013144813399338037	genie3_Microglia_CASTJ_adj
Rfx7	4	0.006389776357827476	0	0.0	4	0.006389776357827476	0.0	0.0026919558014191786	genie3_Microglia_CASTJ_adj
Pi4ka	4	0.006389776357827476	4	0.006389776357827476	0	0.0	0.0	0.02638699869748217	genie3_Microglia_CASTJ_adj
Tenm4	4	0.006389776357827476	4	0.006389776357827476	0	0.0	0.0	0.07126041706480542	genie3_Microglia_CASTJ_adj
Snrnp70	19	0.03035143769968051	0	0.0	19	0.03035143769968051	0.0	0.013130088866240456	genie3_Microglia_CASTJ_adj
R3hdm2	8	0.012779552715654952	0	0.0	8	0.012779552715654952	0.0	0.0021000406097636975	genie3_Microglia_CASTJ_adj
Akap6	5	0.007987220447284345	5	0.007987220447284345	0	0.0	0.0	0.08271052176468986	genie3_Microglia_CASTJ_adj
Snhg14	8	0.012779552715654952	8	0.012779552715654952	0	0.0	0.0	0.02962458322112468	genie3_Microglia_CASTJ_adj
Galntl6	6	0.009584664536741214	6	0.009584664536741214	0	0.0	0.0	0.047256809440544945	genie3_Microglia_CASTJ_adj
A230057D06Rik	4	0.006389776357827476	4	0.006389776357827476	0	0.0	0.0	0.0585623366951697	genie3_Microglia_CASTJ_adj
Ncor2	9	0.01437699680511182	0	0.0	9	0.01437699680511182	0.0	0.0014018713642787763	genie3_Microglia_CASTJ_adj
Eml6	3	0.004792332268370607	3	0.004792332268370607	0	0.0	0.0	0.051358878555351505	genie3_Microglia_CASTJ_adj
Gria4	8	0.012779552715654952	8	0.012779552715654952	0	0.0	0.0	0.09015240378944532	genie3_Microglia_CASTJ_adj
Lrfn5	3	0.004792332268370607	3	0.004792332268370607	0	0.0	0.0	0.06318291157037365	genie3_Microglia_CASTJ_adj
Magi2	6	0.009584664536741214	6	0.009584664536741214	0	0.0	0.0	0.09029601484240307	genie3_Microglia_CASTJ_adj
Cntn5	4	0.006389776357827476	4	0.006389776357827476	0	0.0	0.0	0.07547128440330712	genie3_Microglia_CASTJ_adj
Tnr	7	0.011182108626198083	7	0.011182108626198083	0	0.0	0.0	0.07326970834650776	genie3_Microglia_CASTJ_adj
Mga	1	0.001597444089456869	0	0.0	1	0.001597444089456869	0.0	0.0003122595997974257	genie3_Microglia_CASTJ_adj
Marchf1	5	0.007987220447284345	5	0.007987220447284345	0	0.0	0.0	0.009998807372515427	genie3_Microglia_CASTJ_adj
Kcnb2	3	0.004792332268370607	3	0.004792332268370607	0	0.0	0.0	0.016583829961035135	genie3_Microglia_CASTJ_adj
Tmeff2	3	0.004792332268370607	3	0.004792332268370607	0	0.0	0.0	0.038810913898628244	genie3_Microglia_CASTJ_adj
Slc12a2	2	0.003194888178913738	2	0.003194888178913738	0	0.0	0.0	2.393874743596467e-05	genie3_Microglia_CASTJ_adj
Ppip5k1	1	0.001597444089456869	1	0.001597444089456869	0	0.0	0.0	0.012084618394641722	genie3_Microglia_CASTJ_adj
5730522E02Rik	2	0.003194888178913738	2	0.003194888178913738	0	0.0	0.0	0.031392556244299645	genie3_Microglia_CASTJ_adj
Nav3	5	0.007987220447284345	5	0.007987220447284345	0	0.0	0.0	0.003785853019114097	genie3_Microglia_CASTJ_adj
Camta1	1	0.001597444089456869	1	0.001597444089456869	0	0.0	0.0	0.00021390054493833366	genie3_Microglia_CASTJ_adj
Esyt2	1	0.001597444089456869	1	0.001597444089456869	0	0.0	0.0	0.030547013455299303	genie3_Microglia_CASTJ_adj
Ralyl	2	0.003194888178913738	2	0.003194888178913738	0	0.0	0.0	0.0002701798811390329	genie3_Microglia_CASTJ_adj
Tanc2	3	0.004792332268370607	3	0.004792332268370607	0	0.0	0.0	3.7008683070330044e-05	genie3_Microglia_CASTJ_adj
Lifr	1	0.001597444089456869	1	0.001597444089456869	0	0.0	0.0	0.00011973291866230566	genie3_Microglia_CASTJ_adj
Nrcam	5	0.007987220447284345	5	0.007987220447284345	0	0.0	0.0	0.04123700936276801	genie3_Microglia_CASTJ_adj
Zfhx3	16	0.025559105431309903	0	0.0	16	0.025559105431309903	0.0	0.0003892718596458402	genie3_Microglia_CASTJ_adj
Rapgef5	4	0.006389776357827476	4	0.006389776357827476	0	0.0	0.0	0.003121879369491298	genie3_Microglia_CASTJ_adj
Grin2a	3	0.004792332268370607	3	0.004792332268370607	0	0.0	0.0	0.02810509487284826	genie3_Microglia_CASTJ_adj
Mgll	4	0.006389776357827476	4	0.006389776357827476	0	0.0	0.0	0.0034581857247338427	genie3_Microglia_CASTJ_adj
Srgap3	2	0.003194888178913738	2	0.003194888178913738	0	0.0	0.0	0.029588530009765326	genie3_Microglia_CASTJ_adj
Ttc3	6	0.009584664536741214	6	0.009584664536741214	0	0.0	0.0	0.03607617414417589	genie3_Microglia_CASTJ_adj
Dgkh	7	0.011182108626198083	7	0.011182108626198083	0	0.0	0.0	0.056925572899086244	genie3_Microglia_CASTJ_adj
Opcml	4	0.006389776357827476	4	0.006389776357827476	0	0.0	0.0	0.07171965421638322	genie3_Microglia_CASTJ_adj
Mllt10	5	0.007987220447284345	0	0.0	5	0.007987220447284345	0.0	0.021869818927726565	genie3_Microglia_CASTJ_adj
Sorbs2	4	0.006389776357827476	4	0.006389776357827476	0	0.0	0.0	0.03674855721126658	genie3_Microglia_CASTJ_adj
Syt1	6	0.009584664536741214	6	0.009584664536741214	0	0.0	0.0	0.05674070638301907	genie3_Microglia_CASTJ_adj
Rufy3	1	0.001597444089456869	0	0.0	1	0.001597444089456869	0.0	0.00029024056370163305	genie3_Microglia_CASTJ_adj
Dtnb	7	0.011182108626198083	7	0.011182108626198083	0	0.0	0.0	0.0677529425535857	genie3_Microglia_CASTJ_adj
Pde4b	4	0.006389776357827476	4	0.006389776357827476	0	0.0	0.0	0.007798118537931552	genie3_Microglia_CASTJ_adj
Cacnb4	2	0.003194888178913738	2	0.003194888178913738	0	0.0	0.0	0.03382843690622785	genie3_Microglia_CASTJ_adj
ENSMUSG00000036452.19	6	0.009584664536741214	6	0.009584664536741214	0	0.0	0.0	0.047871024848994595	genie3_Microglia_CASTJ_adj
Srrm2	8	0.012779552715654952	8	0.012779552715654952	0	0.0	0.0	0.00023543619530474764	genie3_Microglia_CASTJ_adj
PTPRG	3	0.004792332268370607	3	0.004792332268370607	0	0.0	0.0	0.027454039654110644	genie3_Microglia_CASTJ_adj
Slc6a6	4	0.006389776357827476	4	0.006389776357827476	0	0.0	0.0	0.06120696994433947	genie3_Microglia_CASTJ_adj
Epb41l3	5	0.007987220447284345	5	0.007987220447284345	0	0.0	0.0	0.020893793987048534	genie3_Microglia_CASTJ_adj
Rps6ka3	2	0.003194888178913738	2	0.003194888178913738	0	0.0	0.0	0.05035848249777615	genie3_Microglia_CASTJ_adj
Nedd4l	3	0.004792332268370607	3	0.004792332268370607	0	0.0	0.0	0.04463303226598172	genie3_Microglia_CASTJ_adj
Zswim6	3	0.004792332268370607	3	0.004792332268370607	0	0.0	0.0	0.06303193721133316	genie3_Microglia_CASTJ_adj
Kalrn	1	0.001597444089456869	1	0.001597444089456869	0	0.0	0.0	0.01170237152443844	genie3_Microglia_CASTJ_adj
Otud4	1	0.001597444089456869	0	0.0	1	0.001597444089456869	0.0	0.0	genie3_Microglia_CASTJ_adj
Eya4	1	0.001597444089456869	1	0.001597444089456869	0	0.0	0.0	0.0	genie3_Microglia_CASTJ_adj
Cers6	4	0.006389776357827476	0	0.0	4	0.006389776357827476	0.0	0.006048502883134781	genie3_Microglia_CASTJ_adj
Erc2	3	0.004792332268370607	3	0.004792332268370607	0	0.0	0.0	0.06214570165941174	genie3_Microglia_CASTJ_adj
Ccdc88a	1	0.001597444089456869	1	0.001597444089456869	0	0.0	0.0	0.00019026274542700822	genie3_Microglia_CASTJ_adj
Ank	2	0.003194888178913738	2	0.003194888178913738	0	0.0	0.0	0.03354697073888985	genie3_Microglia_CASTJ_adj
Arhgap18	5	0.007987220447284345	5	0.007987220447284345	0	0.0	0.0	0.04769787405359068	genie3_Microglia_CASTJ_adj
Nav1	1	0.001597444089456869	1	0.001597444089456869	0	0.0	0.0	0.00011666354121760891	genie3_Microglia_CASTJ_adj
Sik3	5	0.007987220447284345	5	0.007987220447284345	0	0.0	0.0	0.07741094672877577	genie3_Microglia_CASTJ_adj
Mbd5	3	0.004792332268370607	3	0.004792332268370607	0	0.0	0.0	0.06306090662174942	genie3_Microglia_CASTJ_adj
Mbd1	2	0.003194888178913738	0	0.0	2	0.003194888178913738	0.0	1.3639204979223771e-05	genie3_Microglia_CASTJ_adj
Pkd1	9	0.01437699680511182	9	0.01437699680511182	0	0.0	0.0	0.0002579600004281269	genie3_Microglia_CASTJ_adj
Rasgef1b	3	0.004792332268370607	3	0.004792332268370607	0	0.0	0.0	0.06296744997046408	genie3_Microglia_CASTJ_adj
Rreb1	1	0.001597444089456869	0	0.0	1	0.001597444089456869	0.0	0.0	genie3_Microglia_CASTJ_adj
Atxn3	1	0.001597444089456869	1	0.001597444089456869	0	0.0	0.0	0.0	genie3_Microglia_CASTJ_adj
Tcf12	4	0.006389776357827476	0	0.0	4	0.006389776357827476	0.0	0.003489169226901296	genie3_Microglia_CASTJ_adj
Arid5b	1	0.001597444089456869	0	0.0	1	0.001597444089456869	0.0	3.902609241734057e-05	genie3_Microglia_CASTJ_adj
Psd3	5	0.007987220447284345	5	0.007987220447284345	0	0.0	0.0	0.0013367813751669838	genie3_Microglia_CASTJ_adj
Inpp4a	1	0.001597444089456869	1	0.001597444089456869	0	0.0	0.0	0.013772544437136115	genie3_Microglia_CASTJ_adj
Dapk1	2	0.003194888178913738	2	0.003194888178913738	0	0.0	0.0	0.04164743364718681	genie3_Microglia_CASTJ_adj
Mical3	5	0.007987220447284345	5	0.007987220447284345	0	0.0	0.0	0.0907625459954885	genie3_Microglia_CASTJ_adj
Rgs7	2	0.003194888178913738	2	0.003194888178913738	0	0.0	0.0	0.012455640371892535	genie3_Microglia_CASTJ_adj
Nfat5	5	0.007987220447284345	0	0.0	5	0.007987220447284345	0.0	3.444369337631221e-05	genie3_Microglia_CASTJ_adj
Wwp1	1	0.001597444089456869	1	0.001597444089456869	0	0.0	0.0	0.0001142302681795583	genie3_Microglia_CASTJ_adj
Rab6b	4	0.006389776357827476	4	0.006389776357827476	0	0.0	0.0	0.04410050759350461	genie3_Microglia_CASTJ_adj
Vwa8	4	0.006389776357827476	4	0.006389776357827476	0	0.0	0.0	0.037825071176188746	genie3_Microglia_CASTJ_adj
Large1	5	0.007987220447284345	5	0.007987220447284345	0	0.0	0.0	0.07841859694001015	genie3_Microglia_CASTJ_adj
Arap2	2	0.003194888178913738	2	0.003194888178913738	0	0.0	0.0	0.0005688438499102589	genie3_Microglia_CASTJ_adj
Ube2e2	4	0.006389776357827476	4	0.006389776357827476	0	0.0	0.0	0.0435595611578314	genie3_Microglia_CASTJ_adj
Dock9	1	0.001597444089456869	1	0.001597444089456869	0	0.0	0.0	0.0004623310076431754	genie3_Microglia_CASTJ_adj
Fat3	5	0.007987220447284345	5	0.007987220447284345	0	0.0	0.0	0.04171604172738284	genie3_Microglia_CASTJ_adj
Bltp1	1	0.001597444089456869	1	0.001597444089456869	0	0.0	0.0	3.592970445722919e-05	genie3_Microglia_CASTJ_adj
Hdac8	4	0.006389776357827476	0	0.0	4	0.006389776357827476	0.0	0.009184106076333319	genie3_Microglia_CASTJ_adj
Prickle2	1	0.001597444089456869	1	0.001597444089456869	0	0.0	0.0	0.011217320858198382	genie3_Microglia_CASTJ_adj
Ppp1r9a	4	0.006389776357827476	4	0.006389776357827476	0	0.0	0.0	0.06667417653015807	genie3_Microglia_CASTJ_adj
Smad2	1	0.001597444089456869	0	0.0	1	0.001597444089456869	0.0	0.0	genie3_Microglia_CASTJ_adj
Wipf2	1	0.001597444089456869	1	0.001597444089456869	0	0.0	0.0	0.0	genie3_Microglia_CASTJ_adj
Phf21a	11	0.01757188498402556	0	0.0	11	0.01757188498402556	0.0	0.04420047303126485	genie3_Microglia_CASTJ_adj
Stxbp1	4	0.006389776357827476	4	0.006389776357827476	0	0.0	0.0	0.0005599766843568573	genie3_Microglia_CASTJ_adj
Cdc42bpa	3	0.004792332268370607	3	0.004792332268370607	0	0.0	0.0	0.003446807152607502	genie3_Microglia_CASTJ_adj
Atp2b2	2	0.003194888178913738	2	0.003194888178913738	0	0.0	0.0	0.05000855744005789	genie3_Microglia_CASTJ_adj
Ppfia2	4	0.006389776357827476	4	0.006389776357827476	0	0.0	0.0	0.036309550193859286	genie3_Microglia_CASTJ_adj
Ric8b	5	0.007987220447284345	5	0.007987220447284345	0	0.0	0.0	0.0804312827911515	genie3_Microglia_CASTJ_adj
Mef2a	14	0.022364217252396165	0	0.0	14	0.022364217252396165	0.0	0.0003771091209598399	genie3_Microglia_CASTJ_adj
Ywhae	4	0.006389776357827476	0	0.0	4	0.006389776357827476	0.0	6.265386830462565e-07	genie3_Microglia_CASTJ_adj
1110019D14Rik	1	0.001597444089456869	1	0.001597444089456869	0	0.0	0.0	1.7555504783408497e-08	genie3_Microglia_CASTJ_adj
Vps13a	2	0.003194888178913738	2	0.003194888178913738	0	0.0	0.0	6.42631101240226e-05	genie3_Microglia_CASTJ_adj
Stau2	8	0.012779552715654952	1	0.001597444089456869	7	0.011182108626198083	5.0	0.012284380100152184	genie3_Microglia_CASTJ_adj
Zfp438	1	0.001597444089456869	0	0.0	1	0.001597444089456869	0.0	0.0	genie3_Microglia_CASTJ_adj
Spns2	1	0.001597444089456869	1	0.001597444089456869	0	0.0	0.0	0.0	genie3_Microglia_CASTJ_adj
Ugcg	1	0.001597444089456869	1	0.001597444089456869	0	0.0	0.0	0.00010989064776701785	genie3_Microglia_CASTJ_adj
Nptn	4	0.006389776357827476	4	0.006389776357827476	0	0.0	0.0	0.0665749920049069	genie3_Microglia_CASTJ_adj
Gtf2i	2	0.003194888178913738	0	0.0	2	0.003194888178913738	0.0	0.000675631689189801	genie3_Microglia_CASTJ_adj
Nav2	4	0.006389776357827476	4	0.006389776357827476	0	0.0	0.0	0.0034590665860761566	genie3_Microglia_CASTJ_adj
Ddhd1	1	0.001597444089456869	1	0.001597444089456869	0	0.0	0.0	0.0014606464857034721	genie3_Microglia_CASTJ_adj
Ptprs	3	0.004792332268370607	3	0.004792332268370607	0	0.0	0.0	0.0002031703203205063	genie3_Microglia_CASTJ_adj
Zfyve28	2	0.003194888178913738	2	0.003194888178913738	0	0.0	0.0	0.03293127820811651	genie3_Microglia_CASTJ_adj
Cacna2d1	3	0.004792332268370607	3	0.004792332268370607	0	0.0	0.0	0.03595162294385962	genie3_Microglia_CASTJ_adj
Man1c1	1	0.001597444089456869	1	0.001597444089456869	0	0.0	0.0	0.00010913572935382987	genie3_Microglia_CASTJ_adj
Scmh1	16	0.025559105431309903	0	0.0	16	0.025559105431309903	0.0	0.031715204191974385	genie3_Microglia_CASTJ_adj
Hltf	1	0.001597444089456869	0	0.0	1	0.001597444089456869	0.0	0.0	genie3_Microglia_CASTJ_adj
Pknox1	1	0.001597444089456869	1	0.001597444089456869	0	0.0	0.0	0.0	genie3_Microglia_CASTJ_adj
Smad3	1	0.001597444089456869	0	0.0	1	0.001597444089456869	0.0	2.7051966635222874e-05	genie3_Microglia_CASTJ_adj
Cdh18	4	0.006389776357827476	4	0.006389776357827476	0	0.0	0.0	0.000982999805762635	genie3_Microglia_CASTJ_adj
Nrp1	1	0.001597444089456869	1	0.001597444089456869	0	0.0	0.0	0.00010839390942861555	genie3_Microglia_CASTJ_adj
Rabgap1l	1	0.001597444089456869	1	0.001597444089456869	0	0.0	0.0	0.027396891350697603	genie3_Microglia_CASTJ_adj
Ttc7b	3	0.004792332268370607	3	0.004792332268370607	0	0.0	0.0	0.04382275880408076	genie3_Microglia_CASTJ_adj
Ttyh3	4	0.006389776357827476	4	0.006389776357827476	0	0.0	0.0	0.023273816081161	genie3_Microglia_CASTJ_adj
Dclk1	2	0.003194888178913738	2	0.003194888178913738	0	0.0	0.0	0.0185690241642622	genie3_Microglia_CASTJ_adj
Dlgap1	5	0.007987220447284345	5	0.007987220447284345	0	0.0	0.0	0.05296839681178275	genie3_Microglia_CASTJ_adj
Hlcs	1	0.001597444089456869	0	0.0	1	0.001597444089456869	0.0	0.0007987343705917197	genie3_Microglia_CASTJ_adj
Maml3	3	0.004792332268370607	3	0.004792332268370607	0	0.0	0.0	3.060390784925803e-05	genie3_Microglia_CASTJ_adj
Cadm1	2	0.003194888178913738	2	0.003194888178913738	0	0.0	0.0	0.027474879738101348	genie3_Microglia_CASTJ_adj
Clstn1	6	0.009584664536741214	6	0.009584664536741214	0	0.0	0.0	0.010028136925885469	genie3_Microglia_CASTJ_adj
Zfp800	1	0.001597444089456869	0	0.0	1	0.001597444089456869	0.0	0.0	genie3_Microglia_CASTJ_adj
Tomm34	1	0.001597444089456869	1	0.001597444089456869	0	0.0	0.0	0.0	genie3_Microglia_CASTJ_adj
Dock3	3	0.004792332268370607	3	0.004792332268370607	0	0.0	0.0	0.045637138979537056	genie3_Microglia_CASTJ_adj
Ncoa1	4	0.006389776357827476	2	0.003194888178913738	2	0.003194888178913738	0.0	0.029450747097639618	genie3_Microglia_CASTJ_adj
Sergef	1	0.001597444089456869	1	0.001597444089456869	0	0.0	0.0	0.00901297054006791	genie3_Microglia_CASTJ_adj
Gls	1	0.001597444089456869	1	0.001597444089456869	0	0.0	0.0	0.00017334599263566628	genie3_Microglia_CASTJ_adj
Ypel2	1	0.001597444089456869	1	0.001597444089456869	0	0.0	0.0	2.080588808476091e-05	genie3_Microglia_CASTJ_adj
Dnaaf9	1	0.001597444089456869	1	0.001597444089456869	0	0.0	0.0	0.00017298712723001948	genie3_Microglia_CASTJ_adj
Smarca4	4	0.006389776357827476	1	0.001597444089456869	3	0.004792332268370607	2.0	0.0011600902191786196	genie3_Microglia_CASTJ_adj
Atp2a2	2	0.003194888178913738	2	0.003194888178913738	0	0.0	0.0	0.00022061305062187728	genie3_Microglia_CASTJ_adj
Xrcc4	3	0.004792332268370607	0	0.0	3	0.004792332268370607	0.0	0.004753616452601234	genie3_Microglia_CASTJ_adj
Ahdc1	1	0.001597444089456869	0	0.0	1	0.001597444089456869	0.0	0.004366921487898368	genie3_Microglia_CASTJ_adj
Elmo2	1	0.001597444089456869	1	0.001597444089456869	0	0.0	0.0	0.0005882858295446919	genie3_Microglia_CASTJ_adj
Grm7	6	0.009584664536741214	6	0.009584664536741214	0	0.0	0.0	0.08789711791121338	genie3_Microglia_CASTJ_adj
Ccdc6	1	0.001597444089456869	1	0.001597444089456869	0	0.0	0.0	1.01301429202861e-05	genie3_Microglia_CASTJ_adj
Bclaf1	2	0.003194888178913738	0	0.0	2	0.003194888178913738	0.0	0.0002773272364333822	genie3_Microglia_CASTJ_adj
Adgrl1	4	0.006389776357827476	4	0.006389776357827476	0	0.0	0.0	0.029788939001705605	genie3_Microglia_CASTJ_adj
Ski	1	0.001597444089456869	0	0.0	1	0.001597444089456869	0.0	0.0012673319856676695	genie3_Microglia_CASTJ_adj
Ank2	2	0.003194888178913738	2	0.003194888178913738	0	0.0	0.0	0.026637325629846224	genie3_Microglia_CASTJ_adj
Dync1i2	2	0.003194888178913738	2	0.003194888178913738	0	0.0	0.0	0.0015925942662660102	genie3_Microglia_CASTJ_adj
Pak1	2	0.003194888178913738	2	0.003194888178913738	0	0.0	0.0	2.0774316709592472e-05	genie3_Microglia_CASTJ_adj
Zfyve9	1	0.001597444089456869	1	0.001597444089456869	0	0.0	0.0	1.789145742217122e-05	genie3_Microglia_CASTJ_adj
Pcsk2	4	0.006389776357827476	4	0.006389776357827476	0	0.0	0.0	0.04950493845758267	genie3_Microglia_CASTJ_adj
Agbl4	2	0.003194888178913738	2	0.003194888178913738	0	0.0	0.0	0.022899353607972253	genie3_Microglia_CASTJ_adj
Sptbn1	2	0.003194888178913738	2	0.003194888178913738	0	0.0	0.0	0.024535754301448807	genie3_Microglia_CASTJ_adj
Kmt2a	8	0.012779552715654952	3	0.004792332268370607	5	0.007987220447284345	7.0	0.0009873370312108883	genie3_Microglia_CASTJ_adj
Rps6ka5	5	0.007987220447284345	0	0.0	5	0.007987220447284345	0.0	0.009805274261282077	genie3_Microglia_CASTJ_adj
Dlg4	2	0.003194888178913738	2	0.003194888178913738	0	0.0	0.0	5.480720540921773e-05	genie3_Microglia_CASTJ_adj
Mapk10	1	0.001597444089456869	1	0.001597444089456869	0	0.0	0.0	0.022950916210819183	genie3_Microglia_CASTJ_adj
Mycbp2	3	0.004792332268370607	3	0.004792332268370607	0	0.0	0.0	0.0007638519905471472	genie3_Microglia_CASTJ_adj
Bdp1	2	0.003194888178913738	0	0.0	2	0.003194888178913738	0.0	0.0015245731392264006	genie3_Microglia_CASTJ_adj
Ssbp3	4	0.006389776357827476	0	0.0	4	0.006389776357827476	0.0	0.0034246381228761127	genie3_Microglia_CASTJ_adj
Ndrg3	1	0.001597444089456869	1	0.001597444089456869	0	0.0	0.0	0.00016936314340715547	genie3_Microglia_CASTJ_adj
Dmxl2	4	0.006389776357827476	4	0.006389776357827476	0	0.0	0.0	0.008813111855860402	genie3_Microglia_CASTJ_adj
Ylpm1	4	0.006389776357827476	4	0.006389776357827476	0	0.0	0.0	0.033906960687090495	genie3_Microglia_CASTJ_adj
Ftx	2	0.003194888178913738	2	0.003194888178913738	0	0.0	0.0	0.046922585077320104	genie3_Microglia_CASTJ_adj
Macf1	2	0.003194888178913738	2	0.003194888178913738	0	0.0	0.0	0.0035681512899737172	genie3_Microglia_CASTJ_adj
Strbp	1	0.001597444089456869	1	0.001597444089456869	0	0.0	0.0	0.0003291510981539177	genie3_Microglia_CASTJ_adj
Tusc3	5	0.007987220447284345	5	0.007987220447284345	0	0.0	0.0	0.054504497862524134	genie3_Microglia_CASTJ_adj
Gpm6a	3	0.004792332268370607	3	0.004792332268370607	0	0.0	0.0	0.00876753438840075	genie3_Microglia_CASTJ_adj
Arhgap21	3	0.004792332268370607	3	0.004792332268370607	0	0.0	0.0	0.0005004507034297482	genie3_Microglia_CASTJ_adj
Erbb4	6	0.009584664536741214	6	0.009584664536741214	0	0.0	0.0	0.014393399858469831	genie3_Microglia_CASTJ_adj
Prkch	3	0.004792332268370607	3	0.004792332268370607	0	0.0	0.0	0.05693074804428144	genie3_Microglia_CASTJ_adj
Rgl1	1	0.001597444089456869	1	0.001597444089456869	0	0.0	0.0	0.00010294394725812091	genie3_Microglia_CASTJ_adj
Unc80	8	0.012779552715654952	8	0.012779552715654952	0	0.0	0.0	0.04195313881849107	genie3_Microglia_CASTJ_adj
Sorl1	2	0.003194888178913738	2	0.003194888178913738	0	0.0	0.0	6.530721286369369e-05	genie3_Microglia_CASTJ_adj
Uxs1	1	0.001597444089456869	1	0.001597444089456869	0	0.0	0.0	0.01025623311912675	genie3_Microglia_CASTJ_adj
Myo6	1	0.001597444089456869	1	0.001597444089456869	0	0.0	0.0	2.0076797457594448e-05	genie3_Microglia_CASTJ_adj
Arpp21	2	0.003194888178913738	2	0.003194888178913738	0	0.0	0.0	0.018633603307606824	genie3_Microglia_CASTJ_adj
Agap1	1	0.001597444089456869	1	0.001597444089456869	0	0.0	0.0	0.007723821604850363	genie3_Microglia_CASTJ_adj
Slc20a2	1	0.001597444089456869	1	0.001597444089456869	0	0.0	0.0	5.6885937271255896e-05	genie3_Microglia_CASTJ_adj
Lrrfip1	4	0.006389776357827476	0	0.0	4	0.006389776357827476	0.0	0.004235059077179725	genie3_Microglia_CASTJ_adj
Ankrd12	1	0.001597444089456869	1	0.001597444089456869	0	0.0	0.0	0.00032544564747392473	genie3_Microglia_CASTJ_adj
A330023F24Rik	2	0.003194888178913738	2	0.003194888178913738	0	0.0	0.0	0.0077506884428096305	genie3_Microglia_CASTJ_adj
Rab11fip3	3	0.004792332268370607	3	0.004792332268370607	0	0.0	0.0	0.011105634446400265	genie3_Microglia_CASTJ_adj
Sfpq	1	0.001597444089456869	0	0.0	1	0.001597444089456869	0.0	0.0	genie3_Microglia_CASTJ_adj
Tspyl2	1	0.001597444089456869	1	0.001597444089456869	0	0.0	0.0	0.0	genie3_Microglia_CASTJ_adj
Diaph2	2	0.003194888178913738	2	0.003194888178913738	0	0.0	0.0	0.028814755924688122	genie3_Microglia_CASTJ_adj
Zfp532	1	0.001597444089456869	0	0.0	1	0.001597444089456869	0.0	0.0012391265514833671	genie3_Microglia_CASTJ_adj
Zfp207	1	0.001597444089456869	0	0.0	1	0.001597444089456869	0.0	0.0033342182319372683	genie3_Microglia_CASTJ_adj
Dmd	4	0.006389776357827476	4	0.006389776357827476	0	0.0	0.0	0.02298969735765732	genie3_Microglia_CASTJ_adj
Zzz3	4	0.006389776357827476	0	0.0	4	0.006389776357827476	0.0	0.002156843314771348	genie3_Microglia_CASTJ_adj
Ecpas	1	0.001597444089456869	1	0.001597444089456869	0	0.0	0.0	0.0101223895595644	genie3_Microglia_CASTJ_adj
Myo1b	1	0.001597444089456869	1	0.001597444089456869	0	0.0	0.0	0.02567771703214392	genie3_Microglia_CASTJ_adj
Snap25	2	0.003194888178913738	2	0.003194888178913738	0	0.0	0.0	0.021873369045753325	genie3_Microglia_CASTJ_adj
Hnrnpu	5	0.007987220447284345	5	0.007987220447284345	0	0.0	0.0	0.0004905804611349175	genie3_Microglia_CASTJ_adj
Dpp10	5	0.007987220447284345	5	0.007987220447284345	0	0.0	0.0	0.022816948301986714	genie3_Microglia_CASTJ_adj
Robo2	4	0.006389776357827476	4	0.006389776357827476	0	0.0	0.0	0.04032703929819289	genie3_Microglia_CASTJ_adj
Inpp5d	1	0.001597444089456869	1	0.001597444089456869	0	0.0	0.0	9.904851036956449e-06	genie3_Microglia_CASTJ_adj
Nbea	2	0.003194888178913738	2	0.003194888178913738	0	0.0	0.0	0.021714516504363228	genie3_Microglia_CASTJ_adj
Scai	1	0.001597444089456869	1	0.001597444089456869	0	0.0	0.0	0.012890223133775509	genie3_Microglia_CASTJ_adj
Mbd2	1	0.001597444089456869	0	0.0	1	0.001597444089456869	0.0	0.0003646479061857001	genie3_Microglia_CASTJ_adj
Abcd2	2	0.003194888178913738	2	0.003194888178913738	0	0.0	0.0	0.001311200454937979	genie3_Microglia_CASTJ_adj
Pip5k1c	1	0.001597444089456869	1	0.001597444089456869	0	0.0	0.0	6.979654354603148e-06	genie3_Microglia_CASTJ_adj
Fgf12	5	0.007987220447284345	5	0.007987220447284345	0	0.0	0.0	0.06369405398150159	genie3_Microglia_CASTJ_adj
Ap1b1	1	0.001597444089456869	1	0.001597444089456869	0	0.0	0.0	9.887995700251066e-05	genie3_Microglia_CASTJ_adj
Bckdhb	1	0.001597444089456869	1	0.001597444089456869	0	0.0	0.0	1.9289667868797248e-05	genie3_Microglia_CASTJ_adj
Dock4	1	0.001597444089456869	1	0.001597444089456869	0	0.0	0.0	9.740066484156691e-06	genie3_Microglia_CASTJ_adj
Tjp1	2	0.003194888178913738	2	0.003194888178913738	0	0.0	0.0	0.02524331285351315	genie3_Microglia_CASTJ_adj
Zfp950	1	0.001597444089456869	0	0.0	1	0.001597444089456869	0.0	0.0007309270429293608	genie3_Microglia_CASTJ_adj
Nr3c1	8	0.012779552715654952	0	0.0	8	0.012779552715654952	0.0	0.014660493365493667	genie3_Microglia_CASTJ_adj
Ssu72	1	0.001597444089456869	1	0.001597444089456869	0	0.0	0.0	9.386707006537882e-06	genie3_Microglia_CASTJ_adj
Adam22	2	0.003194888178913738	2	0.003194888178913738	0	0.0	0.0	0.01691216922470938	genie3_Microglia_CASTJ_adj
Hace1	2	0.003194888178913738	2	0.003194888178913738	0	0.0	0.0	0.032339240204969144	genie3_Microglia_CASTJ_adj
Osbpl8	3	0.004792332268370607	3	0.004792332268370607	0	0.0	0.0	0.03354249877072761	genie3_Microglia_CASTJ_adj
Ptk2b	5	0.007987220447284345	5	0.007987220447284345	0	0.0	0.0	0.0519170213973386	genie3_Microglia_CASTJ_adj
Hivep2	1	0.001597444089456869	0	0.0	1	0.001597444089456869	0.0	0.0	genie3_Microglia_CASTJ_adj
Bend6	1	0.001597444089456869	1	0.001597444089456869	0	0.0	0.0	0.0	genie3_Microglia_CASTJ_adj
Wdpcp	1	0.001597444089456869	1	0.001597444089456869	0	0.0	0.0	0.004457421086438364	genie3_Microglia_CASTJ_adj
Mir99ahg	3	0.004792332268370607	3	0.004792332268370607	0	0.0	0.0	0.003424852212780537	genie3_Microglia_CASTJ_adj
Ccnt2	3	0.004792332268370607	0	0.0	3	0.004792332268370607	0.0	0.0005366638525266864	genie3_Microglia_CASTJ_adj
Vamp4	1	0.001597444089456869	1	0.001597444089456869	0	0.0	0.0	9.28019728048034e-06	genie3_Microglia_CASTJ_adj
Nsun2	1	0.001597444089456869	1	0.001597444089456869	0	0.0	0.0	0.001199450995928225	genie3_Microglia_CASTJ_adj
Apc	2	0.003194888178913738	2	0.003194888178913738	0	0.0	0.0	0.0013544329790139567	genie3_Microglia_CASTJ_adj
Lingo2	3	0.004792332268370607	3	0.004792332268370607	0	0.0	0.0	0.05662374145728372	genie3_Microglia_CASTJ_adj
Trim9	2	0.003194888178913738	2	0.003194888178913738	0	0.0	0.0	0.024935926039128194	genie3_Microglia_CASTJ_adj
Atf2	1	0.001597444089456869	0	0.0	1	0.001597444089456869	0.0	0.0	genie3_Microglia_CASTJ_adj
Nova1	1	0.001597444089456869	1	0.001597444089456869	0	0.0	0.0	0.0	genie3_Microglia_CASTJ_adj
Hcfc1	1	0.001597444089456869	0	0.0	1	0.001597444089456869	0.0	0.0	genie3_Microglia_CASTJ_adj
Rad50	1	0.001597444089456869	1	0.001597444089456869	0	0.0	0.0	0.0	genie3_Microglia_CASTJ_adj
Car10	1	0.001597444089456869	1	0.001597444089456869	0	0.0	0.0	0.0007027351653520231	genie3_Microglia_CASTJ_adj
Hp1bp3	1	0.001597444089456869	0	0.0	1	0.001597444089456869	0.0	0.0	genie3_Microglia_CASTJ_adj
Dazap1	1	0.001597444089456869	1	0.001597444089456869	0	0.0	0.0	0.0	genie3_Microglia_CASTJ_adj
Apex2	1	0.001597444089456869	0	0.0	1	0.001597444089456869	0.0	0.0	genie3_Microglia_CASTJ_adj
Tln2	1	0.001597444089456869	1	0.001597444089456869	0	0.0	0.0	0.00953209319431992	genie3_Microglia_CASTJ_adj
Cdk17	3	0.004792332268370607	3	0.004792332268370607	0	0.0	0.0	0.0378736329101285	genie3_Microglia_CASTJ_adj
Braf	1	0.001597444089456869	1	0.001597444089456869	0	0.0	0.0	0.024214946956822768	genie3_Microglia_CASTJ_adj
Snrk	2	0.003194888178913738	2	0.003194888178913738	0	0.0	0.0	1.5147792860557477e-08	genie3_Microglia_CASTJ_adj
Faf1	1	0.001597444089456869	1	0.001597444089456869	0	0.0	0.0	0.024136501085281464	genie3_Microglia_CASTJ_adj
Sipa1l1	1	0.001597444089456869	1	0.001597444089456869	0	0.0	0.0	0.024134800160092305	genie3_Microglia_CASTJ_adj
Syngap1	1	0.001597444089456869	1	0.001597444089456869	0	0.0	0.0	9.853462636391363e-05	genie3_Microglia_CASTJ_adj
Nrg3	3	0.004792332268370607	3	0.004792332268370607	0	0.0	0.0	0.041254385981775256	genie3_Microglia_CASTJ_adj
Srek1	3	0.004792332268370607	3	0.004792332268370607	0	0.0	0.0	0.0015153455526372038	genie3_Microglia_CASTJ_adj
Pals2	2	0.003194888178913738	2	0.003194888178913738	0	0.0	0.0	0.002015031784863586	genie3_Microglia_CASTJ_adj
Gas7	1	0.001597444089456869	1	0.001597444089456869	0	0.0	0.0	0.024103848879623843	genie3_Microglia_CASTJ_adj
Ptprd	1	0.001597444089456869	1	0.001597444089456869	0	0.0	0.0	0.009476782387749818	genie3_Microglia_CASTJ_adj
Slc44a1	1	0.001597444089456869	1	0.001597444089456869	0	0.0	0.0	0.00031552242051299546	genie3_Microglia_CASTJ_adj
Atrnl1	2	0.003194888178913738	2	0.003194888178913738	0	0.0	0.0	0.02812661507620546	genie3_Microglia_CASTJ_adj
Etv5	1	0.001597444089456869	0	0.0	1	0.001597444089456869	0.0	2.457443347550334e-06	genie3_Microglia_CASTJ_adj
Agtpbp1	1	0.001597444089456869	1	0.001597444089456869	0	0.0	0.0	0.02399510223194098	genie3_Microglia_CASTJ_adj
Map2	3	0.004792332268370607	3	0.004792332268370607	0	0.0	0.0	0.05284023877240193	genie3_Microglia_CASTJ_adj
Wdr7	2	0.003194888178913738	2	0.003194888178913738	0	0.0	0.0	0.03354315457950554	genie3_Microglia_CASTJ_adj
Man2a1	1	0.001597444089456869	1	0.001597444089456869	0	0.0	0.0	9.460804274974912e-05	genie3_Microglia_CASTJ_adj
Banp	2	0.003194888178913738	0	0.0	2	0.003194888178913738	0.0	0.0017465066848771258	genie3_Microglia_CASTJ_adj
Micu3	3	0.004792332268370607	3	0.004792332268370607	0	0.0	0.0	0.010327752816693962	genie3_Microglia_CASTJ_adj
Spred1	1	0.001597444089456869	1	0.001597444089456869	0	0.0	0.0	0.02069394552979734	genie3_Microglia_CASTJ_adj
Iqsec1	3	0.004792332268370607	3	0.004792332268370607	0	0.0	0.0	0.031837514836633864	genie3_Microglia_CASTJ_adj
Cstpp1	1	0.001597444089456869	1	0.001597444089456869	0	0.0	0.0	0.0006858640690059855	genie3_Microglia_CASTJ_adj
Aebp2	2	0.003194888178913738	0	0.0	2	0.003194888178913738	0.0	0.0	genie3_Microglia_CASTJ_adj
Stx12	1	0.001597444089456869	1	0.001597444089456869	0	0.0	0.0	0.0	genie3_Microglia_CASTJ_adj
Zfp512	1	0.001597444089456869	0	0.0	1	0.001597444089456869	0.0	0.0	genie3_Microglia_CASTJ_adj
Scamp5	1	0.001597444089456869	1	0.001597444089456869	0	0.0	0.0	0.0	genie3_Microglia_CASTJ_adj
Hecw2	2	0.003194888178913738	2	0.003194888178913738	0	0.0	0.0	0.029174348552360303	genie3_Microglia_CASTJ_adj
Klf13	2	0.003194888178913738	1	0.001597444089456869	1	0.001597444089456869	0.0	0.0	genie3_Microglia_CASTJ_adj
Rexo1	1	0.001597444089456869	1	0.001597444089456869	0	0.0	0.0	9.677971246299885e-05	genie3_Microglia_CASTJ_adj
Elmo1	1	0.001597444089456869	1	0.001597444089456869	0	0.0	0.0	9.223823852757373e-06	genie3_Microglia_CASTJ_adj
Arntl	3	0.004792332268370607	2	0.003194888178913738	1	0.001597444089456869	6.0	0.005671862962796282	genie3_Microglia_CASTJ_adj
Gmcl1	2	0.003194888178913738	2	0.003194888178913738	0	0.0	0.0	0.002384218963356761	genie3_Microglia_CASTJ_adj
Shank1	4	0.006389776357827476	4	0.006389776357827476	0	0.0	0.0	0.00010976366264603169	genie3_Microglia_CASTJ_adj
Hectd4	1	0.001597444089456869	1	0.001597444089456869	0	0.0	0.0	0.009279498125479594	genie3_Microglia_CASTJ_adj
Kat6b	1	0.001597444089456869	1	0.001597444089456869	0	0.0	0.0	0.02356419035428665	genie3_Microglia_CASTJ_adj
Trim2	1	0.001597444089456869	1	0.001597444089456869	0	0.0	0.0	0.001149024112461549	genie3_Microglia_CASTJ_adj
Smarcc2	1	0.001597444089456869	0	0.0	1	0.001597444089456869	0.0	0.0005474241716754616	genie3_Microglia_CASTJ_adj
Ctsb	1	0.001597444089456869	1	0.001597444089456869	0	0.0	0.0	9.282304785030395e-05	genie3_Microglia_CASTJ_adj
Brinp1	2	0.003194888178913738	2	0.003194888178913738	0	0.0	0.0	0.04222174162986761	genie3_Microglia_CASTJ_adj
Arhgap32	1	0.001597444089456869	1	0.001597444089456869	0	0.0	0.0	0.009241528769562819	genie3_Microglia_CASTJ_adj
Cux1	1	0.001597444089456869	0	0.0	1	0.001597444089456869	0.0	0.0	genie3_Microglia_CASTJ_adj
Xylt1	1	0.001597444089456869	1	0.001597444089456869	0	0.0	0.0	0.0	genie3_Microglia_CASTJ_adj
Slc9a9	1	0.001597444089456869	1	0.001597444089456869	0	0.0	0.0	9.269922326643175e-05	genie3_Microglia_CASTJ_adj
Rnf38	1	0.001597444089456869	1	0.001597444089456869	0	0.0	0.0	8.846452627769942e-06	genie3_Microglia_CASTJ_adj
Cnot4	1	0.001597444089456869	0	0.0	1	0.001597444089456869	0.0	8.487388075107255e-05	genie3_Microglia_CASTJ_adj
Ryr2	3	0.004792332268370607	3	0.004792332268370607	0	0.0	0.0	0.0036209021426652486	genie3_Microglia_CASTJ_adj
Prkce	3	0.004792332268370607	3	0.004792332268370607	0	0.0	0.0	0.022114087891066583	genie3_Microglia_CASTJ_adj
Sf3b1	1	0.001597444089456869	0	0.0	1	0.001597444089456869	0.0	0.0	genie3_Microglia_CASTJ_adj
Gga3	1	0.001597444089456869	1	0.001597444089456869	0	0.0	0.0	0.0	genie3_Microglia_CASTJ_adj
Tgfbr1	1	0.001597444089456869	1	0.001597444089456869	0	0.0	0.0	9.07344638632525e-06	genie3_Microglia_CASTJ_adj
Dip2c	1	0.001597444089456869	1	0.001597444089456869	0	0.0	0.0	0.006916567087000386	genie3_Microglia_CASTJ_adj
Pja2	2	0.003194888178913738	2	0.003194888178913738	0	0.0	0.0	0.009449325871738135	genie3_Microglia_CASTJ_adj
Ywhaz	4	0.006389776357827476	0	0.0	4	0.006389776357827476	0.0	0.006544757889184267	genie3_Microglia_CASTJ_adj
Lncpint	2	0.003194888178913738	2	0.003194888178913738	0	0.0	0.0	0.03082181002648482	genie3_Microglia_CASTJ_adj
Zfp809	1	0.001597444089456869	0	0.0	1	0.001597444089456869	0.0	0.0	genie3_Microglia_CASTJ_adj
Tmem175	1	0.001597444089456869	1	0.001597444089456869	0	0.0	0.0	0.0	genie3_Microglia_CASTJ_adj
Mmaa	1	0.001597444089456869	1	0.001597444089456869	0	0.0	0.0	1.5560497524974042e-05	genie3_Microglia_CASTJ_adj
Smc3	2	0.003194888178913738	0	0.0	2	0.003194888178913738	0.0	0.0	genie3_Microglia_CASTJ_adj
Rrp1b	1	0.001597444089456869	1	0.001597444089456869	0	0.0	0.0	0.0	genie3_Microglia_CASTJ_adj
Cnst	1	0.001597444089456869	1	0.001597444089456869	0	0.0	0.0	9.023717284751963e-06	genie3_Microglia_CASTJ_adj
Dennd1a	1	0.001597444089456869	1	0.001597444089456869	0	0.0	0.0	0.020056624187292062	genie3_Microglia_CASTJ_adj
Ttll5	1	0.001597444089456869	1	0.001597444089456869	0	0.0	0.0	1.7814711463114374e-05	genie3_Microglia_CASTJ_adj
Abr	1	0.001597444089456869	1	0.001597444089456869	0	0.0	0.0	0.00909032795701792	genie3_Microglia_CASTJ_adj
Jarid2	1	0.001597444089456869	1	0.001597444089456869	0	0.0	0.0	2.894841604721907e-05	genie3_Microglia_CASTJ_adj
Carf	1	0.001597444089456869	0	0.0	1	0.001597444089456869	0.0	0.0005274868762874959	genie3_Microglia_CASTJ_adj
Bcas3	3	0.004792332268370607	3	0.004792332268370607	0	0.0	0.0	0.033809744742657785	genie3_Microglia_CASTJ_adj
Zfp407	4	0.006389776357827476	0	0.0	4	0.006389776357827476	0.0	0.023723281682083118	genie3_Microglia_CASTJ_adj
Ehbp1	3	0.004792332268370607	3	0.004792332268370607	0	0.0	0.0	0.03267445239972662	genie3_Microglia_CASTJ_adj
Huwe1	1	0.001597444089456869	1	0.001597444089456869	0	0.0	0.0	0.0001472108656199363	genie3_Microglia_CASTJ_adj
Srgap2	1	0.001597444089456869	1	0.001597444089456869	0	0.0	0.0	1.2201563131966975e-05	genie3_Microglia_CASTJ_adj
Zfp652	1	0.001597444089456869	0	0.0	1	0.001597444089456869	0.0	0.0	genie3_Microglia_CASTJ_adj
Crat	1	0.001597444089456869	1	0.001597444089456869	0	0.0	0.0	0.0	genie3_Microglia_CASTJ_adj
Abcc5	2	0.003194888178913738	2	0.003194888178913738	0	0.0	0.0	0.019284350224921826	genie3_Microglia_CASTJ_adj
Hprt	1	0.001597444089456869	1	0.001597444089456869	0	0.0	0.0	1.764936841950254e-05	genie3_Microglia_CASTJ_adj
Trf	1	0.001597444089456869	1	0.001597444089456869	0	0.0	0.0	1.4325675612659613e-08	genie3_Microglia_CASTJ_adj
Sema6d	3	0.004792332268370607	3	0.004792332268370607	0	0.0	0.0	0.0037009318231090963	genie3_Microglia_CASTJ_adj
Fam118b	1	0.001597444089456869	1	0.001597444089456869	0	0.0	0.0	8.883427044323326e-06	genie3_Microglia_CASTJ_adj
Etl4	1	0.001597444089456869	1	0.001597444089456869	0	0.0	0.0	0.00014609777460108519	genie3_Microglia_CASTJ_adj
Pag1	1	0.001597444089456869	1	0.001597444089456869	0	0.0	0.0	0.00312834988462929	genie3_Microglia_CASTJ_adj
Gpatch8	2	0.003194888178913738	2	0.003194888178913738	0	0.0	0.0	0.019882530083477547	genie3_Microglia_CASTJ_adj
Zfp326	1	0.001597444089456869	0	0.0	1	0.001597444089456869	0.0	0.0	genie3_Microglia_CASTJ_adj
Nudcd3	1	0.001597444089456869	1	0.001597444089456869	0	0.0	0.0	0.0	genie3_Microglia_CASTJ_adj
Add3	1	0.001597444089456869	1	0.001597444089456869	0	0.0	0.0	0.0012230673536274517	genie3_Microglia_CASTJ_adj
Paxip1	1	0.001597444089456869	0	0.0	1	0.001597444089456869	0.0	0.0	genie3_Microglia_CASTJ_adj
Sec22a	1	0.001597444089456869	1	0.001597444089456869	0	0.0	0.0	0.0	genie3_Microglia_CASTJ_adj
Zbtb38	2	0.003194888178913738	0	0.0	2	0.003194888178913738	0.0	0.0005973109832928353	genie3_Microglia_CASTJ_adj
Patz1	1	0.001597444089456869	1	0.001597444089456869	0	0.0	0.0	0.0	genie3_Microglia_CASTJ_adj
Rbfox3	1	0.001597444089456869	1	0.001597444089456869	0	0.0	0.0	0.008863087483036393	genie3_Microglia_CASTJ_adj
Drosha	1	0.001597444089456869	1	0.001597444089456869	0	0.0	0.0	0.00029563061711123783	genie3_Microglia_CASTJ_adj
Tpp1	1	0.001597444089456869	1	0.001597444089456869	0	0.0	0.0	1.197253700461299e-05	genie3_Microglia_CASTJ_adj
Arl15	1	0.001597444089456869	1	0.001597444089456869	0	0.0	0.0	0.007469894460093495	genie3_Microglia_CASTJ_adj
Frmd5	1	0.001597444089456869	1	0.001597444089456869	0	0.0	0.0	0.019429438375604582	genie3_Microglia_CASTJ_adj
Mapre2	1	0.001597444089456869	1	0.001597444089456869	0	0.0	0.0	0.008825932749548045	genie3_Microglia_CASTJ_adj
R3hdm1	2	0.003194888178913738	2	0.003194888178913738	0	0.0	0.0	0.031136899982063728	genie3_Microglia_CASTJ_adj
Golga4	1	0.001597444089456869	1	0.001597444089456869	0	0.0	0.0	9.135147074682729e-05	genie3_Microglia_CASTJ_adj
Ssbp2	1	0.001597444089456869	1	0.001597444089456869	0	0.0	0.0	0.00020534804573839067	genie3_Microglia_CASTJ_adj
Zcchc7	1	0.001597444089456869	1	0.001597444089456869	0	0.0	0.0	0.00197331881385616	genie3_Microglia_CASTJ_adj
Zfp608	1	0.001597444089456869	1	0.001597444089456869	0	0.0	0.0	0.0034746917666572895	genie3_Microglia_CASTJ_adj
Dlgap4	1	0.001597444089456869	1	0.001597444089456869	0	0.0	0.0	0.022312743205715573	genie3_Microglia_CASTJ_adj
Herc1	1	0.001597444089456869	1	0.001597444089456869	0	0.0	0.0	0.00027911254306821993	genie3_Microglia_CASTJ_adj
Mosmo	1	0.001597444089456869	1	0.001597444089456869	0	0.0	0.0	7.769010998095838e-05	genie3_Microglia_CASTJ_adj
Xkr4	2	0.003194888178913738	2	0.003194888178913738	0	0.0	0.0	0.020013220710073824	genie3_Microglia_CASTJ_adj
Soga1	1	0.001597444089456869	1	0.001597444089456869	0	0.0	0.0	8.647216249175505e-06	genie3_Microglia_CASTJ_adj
Taf1	1	0.001597444089456869	0	0.0	1	0.001597444089456869	0.0	0.0	genie3_Microglia_CASTJ_adj
Sf3a1	1	0.001597444089456869	1	0.001597444089456869	0	0.0	0.0	0.0	genie3_Microglia_CASTJ_adj
Vps35	1	0.001597444089456869	1	0.001597444089456869	0	0.0	0.0	0.0	genie3_Microglia_CASTJ_adj
Ola1	2	0.003194888178913738	2	0.003194888178913738	0	0.0	0.0	0.0004239145235027742	genie3_Microglia_CASTJ_adj
Garnl3	1	0.001597444089456869	1	0.001597444089456869	0	0.0	0.0	3.109145378783094e-05	genie3_Microglia_CASTJ_adj
Ncoa2	1	0.001597444089456869	0	0.0	1	0.001597444089456869	0.0	0.0	genie3_Microglia_CASTJ_adj
Myef2	1	0.001597444089456869	1	0.001597444089456869	0	0.0	0.0	0.0	genie3_Microglia_CASTJ_adj
Rcor1	1	0.001597444089456869	0	0.0	1	0.001597444089456869	0.0	0.0	genie3_Microglia_CASTJ_adj
4833420G17Rik	1	0.001597444089456869	1	0.001597444089456869	0	0.0	0.0	0.0	genie3_Microglia_CASTJ_adj
Nfx1	2	0.003194888178913738	0	0.0	2	0.003194888178913738	0.0	2.852338570417654e-05	genie3_Microglia_CASTJ_adj
Nup160	1	0.001597444089456869	1	0.001597444089456869	0	0.0	0.0	6.309019800373144e-07	genie3_Microglia_CASTJ_adj
Mbnl1	1	0.001597444089456869	1	0.001597444089456869	0	0.0	0.0	0.00303175272315652	genie3_Microglia_CASTJ_adj
Ifitm10	1	0.001597444089456869	1	0.001597444089456869	0	0.0	0.0	8.327055717225823e-06	genie3_Microglia_CASTJ_adj
Tomm70a	1	0.001597444089456869	1	0.001597444089456869	0	0.0	0.0	0.022067963798441215	genie3_Microglia_CASTJ_adj
Nf1	1	0.001597444089456869	0	0.0	1	0.001597444089456869	0.0	0.0	genie3_Microglia_CASTJ_adj
Hdac4	1	0.001597444089456869	1	0.001597444089456869	0	0.0	0.0	0.0	genie3_Microglia_CASTJ_adj
Chn2	1	0.001597444089456869	1	0.001597444089456869	0	0.0	0.0	8.586792797505203e-06	genie3_Microglia_CASTJ_adj
Ercc6	1	0.001597444089456869	1	0.001597444089456869	0	0.0	0.0	0.0073405293899901835	genie3_Microglia_CASTJ_adj
Cacna1a	2	0.003194888178913738	2	0.003194888178913738	0	0.0	0.0	0.011232662361201398	genie3_Microglia_CASTJ_adj
Tmem164	1	0.001597444089456869	1	0.001597444089456869	0	0.0	0.0	1.6915486118819945e-05	genie3_Microglia_CASTJ_adj
Commd10	1	0.001597444089456869	1	0.001597444089456869	0	0.0	0.0	0.02191092693549068	genie3_Microglia_CASTJ_adj
Prex1	1	0.001597444089456869	1	0.001597444089456869	0	0.0	0.0	8.524871571161507e-06	genie3_Microglia_CASTJ_adj
Frmd4a	2	0.003194888178913738	2	0.003194888178913738	0	0.0	0.0	0.022262766525874913	genie3_Microglia_CASTJ_adj
Tmem178b	1	0.001597444089456869	1	0.001597444089456869	0	0.0	0.0	0.008591883952711014	genie3_Microglia_CASTJ_adj
Arid3b	1	0.001597444089456869	0	0.0	1	0.001597444089456869	0.0	2.144552619922572e-05	genie3_Microglia_CASTJ_adj
Daam1	2	0.003194888178913738	2	0.003194888178913738	0	0.0	0.0	0.003401618673288107	genie3_Microglia_CASTJ_adj
Asic2	1	0.001597444089456869	1	0.001597444089456869	0	0.0	0.0	0.0019236854026620986	genie3_Microglia_CASTJ_adj
Tef	1	0.001597444089456869	0	0.0	1	0.001597444089456869	0.0	0.0003131983124896346	genie3_Microglia_CASTJ_adj
Mtch1	1	0.001597444089456869	1	0.001597444089456869	0	0.0	0.0	0.008553813358348348	genie3_Microglia_CASTJ_adj
Ldlrad4	1	0.001597444089456869	1	0.001597444089456869	0	0.0	0.0	8.191315866439973e-06	genie3_Microglia_CASTJ_adj
Stat5b	1	0.001597444089456869	0	0.0	1	0.001597444089456869	0.0	0.00031243715153510433	genie3_Microglia_CASTJ_adj
Rab11b	1	0.001597444089456869	1	0.001597444089456869	0	0.0	0.0	8.18257486490086e-06	genie3_Microglia_CASTJ_adj
D5Ertd579e	1	0.001597444089456869	1	0.001597444089456869	0	0.0	0.0	0.007213798893043356	genie3_Microglia_CASTJ_adj
Nme7	1	0.001597444089456869	1	0.001597444089456869	0	0.0	0.0	0.0010559546250218258	genie3_Microglia_CASTJ_adj
Kat7	1	0.001597444089456869	0	0.0	1	0.001597444089456869	0.0	0.0	genie3_Microglia_CASTJ_adj
Adamts16	1	0.001597444089456869	1	0.001597444089456869	0	0.0	0.0	0.0	genie3_Microglia_CASTJ_adj
Mapkapk2	1	0.001597444089456869	1	0.001597444089456869	0	0.0	0.0	8.534269640323129e-05	genie3_Microglia_CASTJ_adj
C2cd5	1	0.001597444089456869	1	0.001597444089456869	0	0.0	0.0	8.80046855508995e-05	genie3_Microglia_CASTJ_adj
Pbx3	1	0.001597444089456869	1	0.001597444089456869	0	0.0	0.0	0.0002640463111614102	genie3_Microglia_CASTJ_adj
Snd1	1	0.001597444089456869	0	0.0	1	0.001597444089456869	0.0	7.947259435186281e-05	genie3_Microglia_CASTJ_adj
Rtn3	1	0.001597444089456869	1	0.001597444089456869	0	0.0	0.0	0.008447650953759335	genie3_Microglia_CASTJ_adj
Sp3	1	0.001597444089456869	0	0.0	1	0.001597444089456869	0.0	3.249102825580327e-10	genie3_Microglia_CASTJ_adj
Srrm1	1	0.001597444089456869	1	0.001597444089456869	0	0.0	0.0	0.00026884104624456815	genie3_Microglia_CASTJ_adj
Atp6v1a	1	0.001597444089456869	1	0.001597444089456869	0	0.0	0.0	8.458257867825723e-05	genie3_Microglia_CASTJ_adj
Vezt	1	0.001597444089456869	1	0.001597444089456869	0	0.0	0.0	0.0002098991534768144	genie3_Microglia_CASTJ_adj
Ppp2r3a	1	0.001597444089456869	1	0.001597444089456869	0	0.0	0.0	1.6500732498277255e-05	genie3_Microglia_CASTJ_adj
Lcorl	1	0.001597444089456869	0	0.0	1	0.001597444089456869	0.0	8.442405615492972e-05	genie3_Microglia_CASTJ_adj
Zscan26	1	0.001597444089456869	0	0.0	1	0.001597444089456869	0.0	0.0	genie3_Microglia_CASTJ_adj
Xpo1	1	0.001597444089456869	1	0.001597444089456869	0	0.0	0.0	0.0	genie3_Microglia_CASTJ_adj
Dgkz	1	0.001597444089456869	1	0.001597444089456869	0	0.0	0.0	2.678112636776831e-05	genie3_Microglia_CASTJ_adj
Ptpn4	1	0.001597444089456869	1	0.001597444089456869	0	0.0	0.0	0.0029301688876304808	genie3_Microglia_CASTJ_adj
Plcl1	1	0.001597444089456869	1	0.001597444089456869	0	0.0	0.0	1.642409786859371e-05	genie3_Microglia_CASTJ_adj
Pcdh7	1	0.001597444089456869	1	0.001597444089456869	0	0.0	0.0	0.0005749902267934608	genie3_Microglia_CASTJ_adj
Klf3	1	0.001597444089456869	0	0.0	1	0.001597444089456869	0.0	0.0	genie3_Microglia_CASTJ_adj
Etfa	1	0.001597444089456869	1	0.001597444089456869	0	0.0	0.0	0.0	genie3_Microglia_CASTJ_adj
Gpi1	1	0.001597444089456869	1	0.001597444089456869	0	0.0	0.0	8.687071699143764e-05	genie3_Microglia_CASTJ_adj
Papola	1	0.001597444089456869	1	0.001597444089456869	0	0.0	0.0	1.910016155814482e-05	genie3_Microglia_CASTJ_adj
Tmcc3	1	0.001597444089456869	1	0.001597444089456869	0	0.0	0.0	8.272855927471003e-06	genie3_Microglia_CASTJ_adj
Rsf1	1	0.001597444089456869	1	0.001597444089456869	0	0.0	0.0	0.002909767138789141	genie3_Microglia_CASTJ_adj
Klhdc10	1	0.001597444089456869	1	0.001597444089456869	0	0.0	0.0	0.003818470277979264	genie3_Microglia_CASTJ_adj
Apbb1ip	1	0.001597444089456869	1	0.001597444089456869	0	0.0	0.0	7.992702305851921e-06	genie3_Microglia_CASTJ_adj
Rora	165	0.30386740331491713	7	0.01289134438305709	158	0.29097605893186	1552.0	0.5574368698392278	genie3_Microglia_B6J_adj
Tnik	8	0.014732965009208104	8	0.014732965009208104	0	0.0	0.0	0.1470322441811829	genie3_Microglia_B6J_adj
ENSMUSG00000062991.10	10	0.01841620626151013	10	0.01841620626151013	0	0.0	0.0	0.15467034197448182	genie3_Microglia_B6J_adj
Lrrc4c	8	0.014732965009208104	8	0.014732965009208104	0	0.0	0.0	0.1449816846629278	genie3_Microglia_B6J_adj
Msi2	34	0.06261510128913444	7	0.01289134438305709	27	0.049723756906077346	293.0	0.05257829501210779	genie3_Microglia_B6J_adj
Slc1a2	8	0.014732965009208104	8	0.014732965009208104	0	0.0	0.0	0.020839142841987984	genie3_Microglia_B6J_adj
Hivep2	306	0.56353591160221	6	0.011049723756906077	300	0.5524861878453039	2235.0	1.0	genie3_Microglia_B6J_adj
Ank3	9	0.016574585635359115	9	0.016574585635359115	0	0.0	0.0	0.15877991985102197	genie3_Microglia_B6J_adj
Robo2	9	0.016574585635359115	9	0.016574585635359115	0	0.0	0.0	0.15309915511093208	genie3_Microglia_B6J_adj
Msra	116	0.2136279926335175	2	0.003683241252302026	114	0.20994475138121546	222.0	0.432031899244062	genie3_Microglia_B6J_adj
Kcnd2	7	0.01289134438305709	7	0.01289134438305709	0	0.0	0.0	0.1431812137950793	genie3_Microglia_B6J_adj
Foxp1	105	0.19337016574585636	3	0.0055248618784530384	102	0.1878453038674033	166.0	0.38689896378478617	genie3_Microglia_B6J_adj
Dcc	7	0.01289134438305709	7	0.01289134438305709	0	0.0	0.0	0.09806358428948286	genie3_Microglia_B6J_adj
Kcnq5	5	0.009208103130755065	5	0.009208103130755065	0	0.0	0.0	0.1369054969097381	genie3_Microglia_B6J_adj
Rbfox2	204	0.3756906077348066	8	0.014732965009208104	196	0.36095764272559855	2154.0	0.7457140020107962	genie3_Microglia_B6J_adj
Dlg2	7	0.01289134438305709	7	0.01289134438305709	0	0.0	0.0	0.1521127842831978	genie3_Microglia_B6J_adj
Cacna2d3	9	0.016574585635359115	9	0.016574585635359115	0	0.0	0.0	0.1564796915292889	genie3_Microglia_B6J_adj
Akap6	8	0.014732965009208104	8	0.014732965009208104	0	0.0	0.0	0.16423561612762247	genie3_Microglia_B6J_adj
Lsamp	7	0.01289134438305709	7	0.01289134438305709	0	0.0	0.0	0.11047437496105764	genie3_Microglia_B6J_adj
Setbp1	183	0.3370165745856354	3	0.0055248618784530384	180	0.3314917127071823	441.0	0.4870310085870357	genie3_Microglia_B6J_adj
Nrg3	3	0.0055248618784530384	3	0.0055248618784530384	0	0.0	0.0	0.07335046897412172	genie3_Microglia_B6J_adj
Gabrb1	5	0.009208103130755065	5	0.009208103130755065	0	0.0	0.0	0.055218404959014956	genie3_Microglia_B6J_adj
Gabrb3	10	0.01841620626151013	10	0.01841620626151013	0	0.0	0.0	0.16353823792890573	genie3_Microglia_B6J_adj
Auts2	9	0.016574585635359115	9	0.016574585635359115	0	0.0	0.0	0.1426447135619597	genie3_Microglia_B6J_adj
Celf4	206	0.37937384898710863	6	0.011049723756906077	200	0.3683241252302026	1525.0	0.7018192002792365	genie3_Microglia_B6J_adj
Gpm6b	6	0.011049723756906077	6	0.011049723756906077	0	0.0	0.0	0.06428493922065973	genie3_Microglia_B6J_adj
Tspan7	5	0.009208103130755065	5	0.009208103130755065	0	0.0	0.0	0.0317624276822626	genie3_Microglia_B6J_adj
Myt1l	8	0.014732965009208104	8	0.014732965009208104	0	0.0	0.0	0.17564989957885338	genie3_Microglia_B6J_adj
Kalrn	4	0.007366482504604052	4	0.007366482504604052	0	0.0	0.0	0.09244493453830305	genie3_Microglia_B6J_adj
Atrnl1	6	0.011049723756906077	6	0.011049723756906077	0	0.0	0.0	0.11939430025583611	genie3_Microglia_B6J_adj
Lrrc7	8	0.014732965009208104	8	0.014732965009208104	0	0.0	0.0	0.18191823391408282	genie3_Microglia_B6J_adj
Pbx1	64	0.11786372007366483	6	0.011049723756906077	58	0.10681399631675875	1139.0	0.19490504466228603	genie3_Microglia_B6J_adj
Spock1	5	0.009208103130755065	5	0.009208103130755065	0	0.0	0.0	0.0885080319653614	genie3_Microglia_B6J_adj
Syt1	7	0.01289134438305709	7	0.01289134438305709	0	0.0	0.0	0.12166969819491148	genie3_Microglia_B6J_adj
Grid1	9	0.016574585635359115	9	0.016574585635359115	0	0.0	0.0	0.15310097854555024	genie3_Microglia_B6J_adj
Pde10a	6	0.011049723756906077	6	0.011049723756906077	0	0.0	0.0	0.09476587155955242	genie3_Microglia_B6J_adj
B3galt1	5	0.009208103130755065	5	0.009208103130755065	0	0.0	0.0	0.09330777947195729	genie3_Microglia_B6J_adj
Ctnnd2	7	0.01289134438305709	7	0.01289134438305709	0	0.0	0.0	0.10423237395772524	genie3_Microglia_B6J_adj
Stox2	9	0.016574585635359115	9	0.016574585635359115	0	0.0	0.0	0.13159094710424354	genie3_Microglia_B6J_adj
Cntnap2	9	0.016574585635359115	9	0.016574585635359115	0	0.0	0.0	0.15202142945812297	genie3_Microglia_B6J_adj
Adgrb3	9	0.016574585635359115	9	0.016574585635359115	0	0.0	0.0	0.17417242052104343	genie3_Microglia_B6J_adj
Cntn1	7	0.01289134438305709	7	0.01289134438305709	0	0.0	0.0	0.13285734646917935	genie3_Microglia_B6J_adj
Cadm2	9	0.016574585635359115	9	0.016574585635359115	0	0.0	0.0	0.14876511422890856	genie3_Microglia_B6J_adj
Cadps	7	0.01289134438305709	7	0.01289134438305709	0	0.0	0.0	0.10038705832276822	genie3_Microglia_B6J_adj
Anks1b	9	0.016574585635359115	9	0.016574585635359115	0	0.0	0.0	0.13976769566653668	genie3_Microglia_B6J_adj
Syne1	4	0.007366482504604052	4	0.007366482504604052	0	0.0	0.0	0.07706881181178173	genie3_Microglia_B6J_adj
Robo1	8	0.014732965009208104	8	0.014732965009208104	0	0.0	0.0	0.12217914708012899	genie3_Microglia_B6J_adj
Plcb1	8	0.014732965009208104	8	0.014732965009208104	0	0.0	0.0	0.1540177095776192	genie3_Microglia_B6J_adj
Gnao1	7	0.01289134438305709	7	0.01289134438305709	0	0.0	0.0	0.04919879477668139	genie3_Microglia_B6J_adj
Ppp3ca	8	0.014732965009208104	8	0.014732965009208104	0	0.0	0.0	0.12745191846539838	genie3_Microglia_B6J_adj
Nalf1	6	0.011049723756906077	6	0.011049723756906077	0	0.0	0.0	0.09522941917098031	genie3_Microglia_B6J_adj
Nbea	8	0.014732965009208104	8	0.014732965009208104	0	0.0	0.0	0.1325793329286921	genie3_Microglia_B6J_adj
Meg3	6	0.011049723756906077	6	0.011049723756906077	0	0.0	0.0	0.11979865030402466	genie3_Microglia_B6J_adj
Thrb	183	0.3370165745856354	7	0.01289134438305709	176	0.3241252302025783	2260.0	0.5871138731603128	genie3_Microglia_B6J_adj
Adgrl3	9	0.016574585635359115	9	0.016574585635359115	0	0.0	0.0	0.15011125101276152	genie3_Microglia_B6J_adj
Celf2	8	0.014732965009208104	8	0.014732965009208104	0	0.0	0.0	0.1481343667108309	genie3_Microglia_B6J_adj
Kcnma1	5	0.009208103130755065	5	0.009208103130755065	0	0.0	0.0	0.0882412342372381	genie3_Microglia_B6J_adj
Nfia	3	0.0055248618784530384	0	0.0	3	0.0055248618784530384	0.0	0.002427488174015078	genie3_Microglia_B6J_adj
Arpp21	7	0.01289134438305709	7	0.01289134438305709	0	0.0	0.0	0.07868018095992692	genie3_Microglia_B6J_adj
Pde7b	6	0.011049723756906077	6	0.011049723756906077	0	0.0	0.0	0.08491028542565283	genie3_Microglia_B6J_adj
Dpp6	9	0.016574585635359115	9	0.016574585635359115	0	0.0	0.0	0.1480525192655071	genie3_Microglia_B6J_adj
Ryr3	6	0.011049723756906077	6	0.011049723756906077	0	0.0	0.0	0.10146823855088513	genie3_Microglia_B6J_adj
Fgf12	7	0.01289134438305709	7	0.01289134438305709	0	0.0	0.0	0.0812803418239935	genie3_Microglia_B6J_adj
Erc2	8	0.014732965009208104	8	0.014732965009208104	0	0.0	0.0	0.1510460325636242	genie3_Microglia_B6J_adj
Dgkb	8	0.014732965009208104	8	0.014732965009208104	0	0.0	0.0	0.12168212885099201	genie3_Microglia_B6J_adj
Itpr1	8	0.014732965009208104	8	0.014732965009208104	0	0.0	0.0	0.13395412344298785	genie3_Microglia_B6J_adj
Sntg1	8	0.014732965009208104	8	0.014732965009208104	0	0.0	0.0	0.1444712967609304	genie3_Microglia_B6J_adj
Rbpj	15	0.027624309392265192	1	0.001841620626151013	14	0.02578268876611418	13.0	0.0018758267622538624	genie3_Microglia_B6J_adj
Dse	1	0.001841620626151013	1	0.001841620626151013	0	0.0	0.0	7.838541811789625e-05	genie3_Microglia_B6J_adj
Dgki	9	0.016574585635359115	9	0.016574585635359115	0	0.0	0.0	0.16714231421494607	genie3_Microglia_B6J_adj
Dock3	7	0.01289134438305709	7	0.01289134438305709	0	0.0	0.0	0.13003119097687582	genie3_Microglia_B6J_adj
Gpr158	7	0.01289134438305709	7	0.01289134438305709	0	0.0	0.0	0.11994176437074058	genie3_Microglia_B6J_adj
Grm5	9	0.016574585635359115	9	0.016574585635359115	0	0.0	0.0	0.166580375226397	genie3_Microglia_B6J_adj
Ptprd	6	0.011049723756906077	6	0.011049723756906077	0	0.0	0.0	0.06238172067969021	genie3_Microglia_B6J_adj
Grm7	9	0.016574585635359115	9	0.016574585635359115	0	0.0	0.0	0.1561235300706842	genie3_Microglia_B6J_adj
Macrod2	10	0.01841620626151013	10	0.01841620626151013	0	0.0	0.0	0.14612315558812677	genie3_Microglia_B6J_adj
Tenm4	7	0.01289134438305709	7	0.01289134438305709	0	0.0	0.0	0.11033936897244319	genie3_Microglia_B6J_adj
Tmem178b	4	0.007366482504604052	4	0.007366482504604052	0	0.0	0.0	0.08704083628510138	genie3_Microglia_B6J_adj
Otud7a	4	0.007366482504604052	4	0.007366482504604052	0	0.0	0.0	0.05664893849810132	genie3_Microglia_B6J_adj
Nrxn3	9	0.016574585635359115	9	0.016574585635359115	0	0.0	0.0	0.1660060856953161	genie3_Microglia_B6J_adj
Dpp10	7	0.01289134438305709	7	0.01289134438305709	0	0.0	0.0	0.08024480548004803	genie3_Microglia_B6J_adj
Ncam1	7	0.01289134438305709	7	0.01289134438305709	0	0.0	0.0	0.0452319399435726	genie3_Microglia_B6J_adj
Phactr1	8	0.014732965009208104	8	0.014732965009208104	0	0.0	0.0	0.13281467679400796	genie3_Microglia_B6J_adj
Ryr2	7	0.01289134438305709	7	0.01289134438305709	0	0.0	0.0	0.09376961909105401	genie3_Microglia_B6J_adj
Grin2b	9	0.016574585635359115	9	0.016574585635359115	0	0.0	0.0	0.13535214814657587	genie3_Microglia_B6J_adj
Gabrg3	8	0.014732965009208104	8	0.014732965009208104	0	0.0	0.0	0.12511794592070527	genie3_Microglia_B6J_adj
Strn	3	0.0055248618784530384	3	0.0055248618784530384	0	0.0	0.0	0.04348510760552415	genie3_Microglia_B6J_adj
Ptprn2	11	0.020257826887661142	11	0.020257826887661142	0	0.0	0.0	0.16652823074718923	genie3_Microglia_B6J_adj
Map1b	5	0.009208103130755065	5	0.009208103130755065	0	0.0	0.0	0.08984869809495791	genie3_Microglia_B6J_adj
Rbfox1	8	0.014732965009208104	8	0.014732965009208104	0	0.0	0.0	0.16046821413317305	genie3_Microglia_B6J_adj
Kcnq3	9	0.016574585635359115	9	0.016574585635359115	0	0.0	0.0	0.15367795594478187	genie3_Microglia_B6J_adj
Mdga2	9	0.016574585635359115	9	0.016574585635359115	0	0.0	0.0	0.15614804278309968	genie3_Microglia_B6J_adj
Focad	5	0.009208103130755065	5	0.009208103130755065	0	0.0	0.0	0.09932967668383694	genie3_Microglia_B6J_adj
Trpm3	3	0.0055248618784530384	3	0.0055248618784530384	0	0.0	0.0	0.029445094974384432	genie3_Microglia_B6J_adj
Prkce	6	0.011049723756906077	6	0.011049723756906077	0	0.0	0.0	0.1152258474747819	genie3_Microglia_B6J_adj
Sorbs2	4	0.007366482504604052	4	0.007366482504604052	0	0.0	0.0	0.09197424587812365	genie3_Microglia_B6J_adj
Csmd2	4	0.007366482504604052	4	0.007366482504604052	0	0.0	0.0	0.0877670023456528	genie3_Microglia_B6J_adj
A230057D06Rik	9	0.016574585635359115	9	0.016574585635359115	0	0.0	0.0	0.11203246195260116	genie3_Microglia_B6J_adj
Fgf14	8	0.014732965009208104	8	0.014732965009208104	0	0.0	0.0	0.15045342341881543	genie3_Microglia_B6J_adj
Mrtfb	6	0.011049723756906077	6	0.011049723756906077	0	0.0	0.0	0.11587162862315009	genie3_Microglia_B6J_adj
Chsy3	5	0.009208103130755065	5	0.009208103130755065	0	0.0	0.0	0.07384635049667873	genie3_Microglia_B6J_adj
Cacnb4	5	0.009208103130755065	5	0.009208103130755065	0	0.0	0.0	0.0847757242800255	genie3_Microglia_B6J_adj
Sgcz	7	0.01289134438305709	7	0.01289134438305709	0	0.0	0.0	0.1305495062237101	genie3_Microglia_B6J_adj
Malat1	7	0.01289134438305709	7	0.01289134438305709	0	0.0	0.0	0.1199011277614322	genie3_Microglia_B6J_adj
Ddhd1	3	0.0055248618784530384	3	0.0055248618784530384	0	0.0	0.0	0.028955055723605096	genie3_Microglia_B6J_adj
Map2	10	0.01841620626151013	10	0.01841620626151013	0	0.0	0.0	0.14019270664886407	genie3_Microglia_B6J_adj
Csmd1	8	0.014732965009208104	8	0.014732965009208104	0	0.0	0.0	0.10581579402198306	genie3_Microglia_B6J_adj
Sgk1	6	0.011049723756906077	6	0.011049723756906077	0	0.0	0.0	0.08317120205462525	genie3_Microglia_B6J_adj
R3hdm2	41	0.07550644567219153	0	0.0	41	0.07550644567219153	0.0	0.10064164544315204	genie3_Microglia_B6J_adj
Nfatc3	1	0.001841620626151013	0	0.0	1	0.001841620626151013	0.0	0.0	genie3_Microglia_B6J_adj
Knop1	1	0.001841620626151013	1	0.001841620626151013	0	0.0	0.0	0.0	genie3_Microglia_B6J_adj
Ptprt	6	0.011049723756906077	6	0.011049723756906077	0	0.0	0.0	0.053895838931883544	genie3_Microglia_B6J_adj
Dtnb	6	0.011049723756906077	6	0.011049723756906077	0	0.0	0.0	0.11650201112100404	genie3_Microglia_B6J_adj
Rian	8	0.014732965009208104	8	0.014732965009208104	0	0.0	0.0	0.1267224505831663	genie3_Microglia_B6J_adj
Rims1	6	0.011049723756906077	6	0.011049723756906077	0	0.0	0.0	0.05850211977946374	genie3_Microglia_B6J_adj
Brinp1	8	0.014732965009208104	8	0.014732965009208104	0	0.0	0.0	0.13551630914064944	genie3_Microglia_B6J_adj
Cacna1e	8	0.014732965009208104	8	0.014732965009208104	0	0.0	0.0	0.13011070950310483	genie3_Microglia_B6J_adj
Dip2c	4	0.007366482504604052	4	0.007366482504604052	0	0.0	0.0	0.08315475602928016	genie3_Microglia_B6J_adj
Ext1	2	0.003683241252302026	2	0.003683241252302026	0	0.0	0.0	0.05361045035832341	genie3_Microglia_B6J_adj
Rbfox3	8	0.014732965009208104	8	0.014732965009208104	0	0.0	0.0	0.13492833642310503	genie3_Microglia_B6J_adj
Mbnl2	33	0.06077348066298342	1	0.001841620626151013	32	0.058931860036832415	236.0	0.05805248723811773	genie3_Microglia_B6J_adj
Slc24a2	6	0.011049723756906077	6	0.011049723756906077	0	0.0	0.0	0.0565190772184829	genie3_Microglia_B6J_adj
Agap1	4	0.007366482504604052	4	0.007366482504604052	0	0.0	0.0	0.02588760468730491	genie3_Microglia_B6J_adj
Atp2b1	5	0.009208103130755065	5	0.009208103130755065	0	0.0	0.0	0.09513576113907886	genie3_Microglia_B6J_adj
Hs6st3	6	0.011049723756906077	6	0.011049723756906077	0	0.0	0.0	0.09571908980372598	genie3_Microglia_B6J_adj
Dlgap1	6	0.011049723756906077	6	0.011049723756906077	0	0.0	0.0	0.08241939406461435	genie3_Microglia_B6J_adj
Mapk10	6	0.011049723756906077	6	0.011049723756906077	0	0.0	0.0	0.091304117303703	genie3_Microglia_B6J_adj
Cux1	12	0.022099447513812154	0	0.0	12	0.022099447513812154	0.0	0.012706232106815636	genie3_Microglia_B6J_adj
Tenm2	7	0.01289134438305709	7	0.01289134438305709	0	0.0	0.0	0.028652510386005123	genie3_Microglia_B6J_adj
Sorbs1	6	0.011049723756906077	6	0.011049723756906077	0	0.0	0.0	0.10141731470301663	genie3_Microglia_B6J_adj
Opcml	4	0.007366482504604052	4	0.007366482504604052	0	0.0	0.0	0.06955578700226046	genie3_Microglia_B6J_adj
Kcnh7	8	0.014732965009208104	8	0.014732965009208104	0	0.0	0.0	0.05583678290099511	genie3_Microglia_B6J_adj
Pcsk2	5	0.009208103130755065	5	0.009208103130755065	0	0.0	0.0	0.07598731343254977	genie3_Microglia_B6J_adj
Pde4dip	5	0.009208103130755065	5	0.009208103130755065	0	0.0	0.0	0.08079323371473268	genie3_Microglia_B6J_adj
Snap25	5	0.009208103130755065	5	0.009208103130755065	0	0.0	0.0	0.08744393429540452	genie3_Microglia_B6J_adj
Nin	6	0.011049723756906077	6	0.011049723756906077	0	0.0	0.0	0.07951037383710213	genie3_Microglia_B6J_adj
5730522E02Rik	7	0.01289134438305709	7	0.01289134438305709	0	0.0	0.0	0.12436717635998237	genie3_Microglia_B6J_adj
Tspan5	7	0.01289134438305709	7	0.01289134438305709	0	0.0	0.0	0.09316105929629778	genie3_Microglia_B6J_adj
Sgip1	8	0.014732965009208104	8	0.014732965009208104	0	0.0	0.0	0.12461673065184203	genie3_Microglia_B6J_adj
Sfxn5	3	0.0055248618784530384	3	0.0055248618784530384	0	0.0	0.0	0.028592268829577622	genie3_Microglia_B6J_adj
Hecw2	4	0.007366482504604052	4	0.007366482504604052	0	0.0	0.0	0.07582579426719176	genie3_Microglia_B6J_adj
Gria1	7	0.01289134438305709	7	0.01289134438305709	0	0.0	0.0	0.11016422617954115	genie3_Microglia_B6J_adj
Trps1	10	0.01841620626151013	4	0.007366482504604052	6	0.011049723756906077	101.0	0.025361010372303275	genie3_Microglia_B6J_adj
Nkain2	7	0.01289134438305709	7	0.01289134438305709	0	0.0	0.0	0.11743101089253777	genie3_Microglia_B6J_adj
Gria4	6	0.011049723756906077	6	0.011049723756906077	0	0.0	0.0	0.10392431622036684	genie3_Microglia_B6J_adj
Nrcam	5	0.009208103130755065	5	0.009208103130755065	0	0.0	0.0	0.07865050283460492	genie3_Microglia_B6J_adj
Erbb4	2	0.003683241252302026	2	0.003683241252302026	0	0.0	0.0	0.026851899850178218	genie3_Microglia_B6J_adj
Itsn1	3	0.0055248618784530384	3	0.0055248618784530384	0	0.0	0.0	0.01477573021029645	genie3_Microglia_B6J_adj
Alcam	6	0.011049723756906077	6	0.011049723756906077	0	0.0	0.0	0.09554583102815167	genie3_Microglia_B6J_adj
Ntm	6	0.011049723756906077	6	0.011049723756906077	0	0.0	0.0	0.06010864521532851	genie3_Microglia_B6J_adj
Nlgn1	9	0.016574585635359115	9	0.016574585635359115	0	0.0	0.0	0.15343882069748518	genie3_Microglia_B6J_adj
Atxn1	6	0.011049723756906077	6	0.011049723756906077	0	0.0	0.0	0.10220845806852182	genie3_Microglia_B6J_adj
Kcnip4	5	0.009208103130755065	5	0.009208103130755065	0	0.0	0.0	0.09900898796038131	genie3_Microglia_B6J_adj
Zbtb20	13	0.02394106813996317	3	0.0055248618784530384	10	0.01841620626151013	82.0	0.029569554861720186	genie3_Microglia_B6J_adj
Ctnna2	8	0.014732965009208104	8	0.014732965009208104	0	0.0	0.0	0.09311166200329757	genie3_Microglia_B6J_adj
Farp1	4	0.007366482504604052	4	0.007366482504604052	0	0.0	0.0	0.023028386526663797	genie3_Microglia_B6J_adj
Nrxn1	5	0.009208103130755065	5	0.009208103130755065	0	0.0	0.0	0.05151095077659948	genie3_Microglia_B6J_adj
Grin2a	4	0.007366482504604052	4	0.007366482504604052	0	0.0	0.0	0.06410514043443247	genie3_Microglia_B6J_adj
Dlgap2	7	0.01289134438305709	7	0.01289134438305709	0	0.0	0.0	0.118660758601278	genie3_Microglia_B6J_adj
Snhg14	8	0.014732965009208104	8	0.014732965009208104	0	0.0	0.0	0.09574106952243548	genie3_Microglia_B6J_adj
Dgkh	3	0.0055248618784530384	3	0.0055248618784530384	0	0.0	0.0	0.03764326294769125	genie3_Microglia_B6J_adj
Rims2	7	0.01289134438305709	7	0.01289134438305709	0	0.0	0.0	0.10351549577869391	genie3_Microglia_B6J_adj
Xkr4	8	0.014732965009208104	8	0.014732965009208104	0	0.0	0.0	0.09334739556431954	genie3_Microglia_B6J_adj
Prickle2	4	0.007366482504604052	4	0.007366482504604052	0	0.0	0.0	0.05877146741857334	genie3_Microglia_B6J_adj
Sipa1l1	5	0.009208103130755065	5	0.009208103130755065	0	0.0	0.0	0.09694757142498403	genie3_Microglia_B6J_adj
Dmd	4	0.007366482504604052	4	0.007366482504604052	0	0.0	0.0	0.06723562951333015	genie3_Microglia_B6J_adj
Asic2	5	0.009208103130755065	5	0.009208103130755065	0	0.0	0.0	0.060662125935509396	genie3_Microglia_B6J_adj
Ctdspl	6	0.011049723756906077	6	0.011049723756906077	0	0.0	0.0	0.09519315351143925	genie3_Microglia_B6J_adj
Tmeff2	4	0.007366482504604052	4	0.007366482504604052	0	0.0	0.0	0.0020084161839694736	genie3_Microglia_B6J_adj
Trim9	6	0.011049723756906077	6	0.011049723756906077	0	0.0	0.0	0.07922760829560317	genie3_Microglia_B6J_adj
Lingo2	2	0.003683241252302026	2	0.003683241252302026	0	0.0	0.0	0.01799866031469446	genie3_Microglia_B6J_adj
Rgs7bp	7	0.01289134438305709	7	0.01289134438305709	0	0.0	0.0	0.11656229034548148	genie3_Microglia_B6J_adj
Lncpint	7	0.01289134438305709	7	0.01289134438305709	0	0.0	0.0	0.1112477471375092	genie3_Microglia_B6J_adj
Kirrel3	6	0.011049723756906077	6	0.011049723756906077	0	0.0	0.0	0.078130413433665	genie3_Microglia_B6J_adj
Akt3	2	0.003683241252302026	2	0.003683241252302026	0	0.0	0.0	0.048408628869605966	genie3_Microglia_B6J_adj
Atp2b2	7	0.01289134438305709	7	0.01289134438305709	0	0.0	0.0	0.12962130619223933	genie3_Microglia_B6J_adj
Adam22	6	0.011049723756906077	6	0.011049723756906077	0	0.0	0.0	0.08211014045735658	genie3_Microglia_B6J_adj
Ube2e2	3	0.0055248618784530384	3	0.0055248618784530384	0	0.0	0.0	0.06359018343833983	genie3_Microglia_B6J_adj
Cacna1c	6	0.011049723756906077	6	0.011049723756906077	0	0.0	0.0	0.12071586839910227	genie3_Microglia_B6J_adj
Cyria	5	0.009208103130755065	5	0.009208103130755065	0	0.0	0.0	0.08218771813492481	genie3_Microglia_B6J_adj
Gria2	9	0.016574585635359115	9	0.016574585635359115	0	0.0	0.0	0.10376484792903357	genie3_Microglia_B6J_adj
Gm26871	6	0.011049723756906077	6	0.011049723756906077	0	0.0	0.0	0.09536854728164153	genie3_Microglia_B6J_adj
Enox1	9	0.016574585635359115	9	0.016574585635359115	0	0.0	0.0	0.13489588784147646	genie3_Microglia_B6J_adj
Frmd4a	4	0.007366482504604052	4	0.007366482504604052	0	0.0	0.0	0.025573919576202066	genie3_Microglia_B6J_adj
Adk	3	0.0055248618784530384	3	0.0055248618784530384	0	0.0	0.0	0.02439729368460556	genie3_Microglia_B6J_adj
Negr1	7	0.01289134438305709	7	0.01289134438305709	0	0.0	0.0	0.08555925335828142	genie3_Microglia_B6J_adj
Tcf4	35	0.06445672191528545	2	0.003683241252302026	33	0.06077348066298342	93.0	0.037814141354704754	genie3_Microglia_B6J_adj
Srgap3	6	0.011049723756906077	6	0.011049723756906077	0	0.0	0.0	0.05824116392714939	genie3_Microglia_B6J_adj
Epb41l3	5	0.009208103130755065	5	0.009208103130755065	0	0.0	0.0	0.07337734399898344	genie3_Microglia_B6J_adj
Klhl2	2	0.003683241252302026	2	0.003683241252302026	0	0.0	0.0	0.011005328300052616	genie3_Microglia_B6J_adj
Ssbp2	6	0.011049723756906077	6	0.011049723756906077	0	0.0	0.0	0.10797112499364776	genie3_Microglia_B6J_adj
Plekha5	7	0.01289134438305709	7	0.01289134438305709	0	0.0	0.0	0.1222026840114752	genie3_Microglia_B6J_adj
Ntrk3	8	0.014732965009208104	8	0.014732965009208104	0	0.0	0.0	0.12092301663011121	genie3_Microglia_B6J_adj
Etl4	5	0.009208103130755065	5	0.009208103130755065	0	0.0	0.0	0.04807755044340098	genie3_Microglia_B6J_adj
Fry	5	0.009208103130755065	5	0.009208103130755065	0	0.0	0.0	0.09664118499443386	genie3_Microglia_B6J_adj
Samd12	8	0.014732965009208104	8	0.014732965009208104	0	0.0	0.0	0.10634799239246029	genie3_Microglia_B6J_adj
Kmt2a	23	0.0423572744014733	0	0.0	23	0.0423572744014733	0.0	0.02243923925953584	genie3_Microglia_B6J_adj
Snhg11	6	0.011049723756906077	6	0.011049723756906077	0	0.0	0.0	0.07563737288971051	genie3_Microglia_B6J_adj
Ttc3	5	0.009208103130755065	5	0.009208103130755065	0	0.0	0.0	0.08166681951931634	genie3_Microglia_B6J_adj
Cdk17	4	0.007366482504604052	4	0.007366482504604052	0	0.0	0.0	0.0808324828305172	genie3_Microglia_B6J_adj
Gphn	6	0.011049723756906077	6	0.011049723756906077	0	0.0	0.0	0.08783622727422255	genie3_Microglia_B6J_adj
Il1rapl1	6	0.011049723756906077	6	0.011049723756906077	0	0.0	0.0	0.10036180545220812	genie3_Microglia_B6J_adj
Unc80	7	0.01289134438305709	7	0.01289134438305709	0	0.0	0.0	0.10097911899512184	genie3_Microglia_B6J_adj
Iqsec1	7	0.01289134438305709	7	0.01289134438305709	0	0.0	0.0	0.10402817279659565	genie3_Microglia_B6J_adj
Mllt10	41	0.07550644567219153	0	0.0	41	0.07550644567219153	0.0	0.13140201948133148	genie3_Microglia_B6J_adj
Grik2	7	0.01289134438305709	7	0.01289134438305709	0	0.0	0.0	0.12790523731868908	genie3_Microglia_B6J_adj
Sptbn1	6	0.011049723756906077	6	0.011049723756906077	0	0.0	0.0	0.10657718907102982	genie3_Microglia_B6J_adj
Oxr1	4	0.007366482504604052	4	0.007366482504604052	0	0.0	0.0	0.05919900394917794	genie3_Microglia_B6J_adj
Pi4ka	6	0.011049723756906077	6	0.011049723756906077	0	0.0	0.0	0.0917540047937373	genie3_Microglia_B6J_adj
Rasgef1b	6	0.011049723756906077	6	0.011049723756906077	0	0.0	0.0	0.11025764510336682	genie3_Microglia_B6J_adj
Kazn	6	0.011049723756906077	6	0.011049723756906077	0	0.0	0.0	0.10181266797267455	genie3_Microglia_B6J_adj
PTPRG	5	0.009208103130755065	5	0.009208103130755065	0	0.0	0.0	0.07111635134656813	genie3_Microglia_B6J_adj
Grid2	8	0.014732965009208104	8	0.014732965009208104	0	0.0	0.0	0.12070127708239109	genie3_Microglia_B6J_adj
Camta1	3	0.0055248618784530384	3	0.0055248618784530384	0	0.0	0.0	0.0592656572065558	genie3_Microglia_B6J_adj
Utrn	2	0.003683241252302026	2	0.003683241252302026	0	0.0	0.0	0.01966215334979822	genie3_Microglia_B6J_adj
Cntn4	5	0.009208103130755065	5	0.009208103130755065	0	0.0	0.0	0.0637998173754337	genie3_Microglia_B6J_adj
Foxn3	2	0.003683241252302026	0	0.0	2	0.003683241252302026	0.0	0.0	genie3_Microglia_B6J_adj
Mbp	1	0.001841620626151013	1	0.001841620626151013	0	0.0	0.0	3.3578512161354173e-19	genie3_Microglia_B6J_adj
Dnaaf9	4	0.007366482504604052	4	0.007366482504604052	0	0.0	0.0	0.04779172072259247	genie3_Microglia_B6J_adj
Vps13a	2	0.003683241252302026	2	0.003683241252302026	0	0.0	0.0	0.04184290157651402	genie3_Microglia_B6J_adj
Gpm6a	4	0.007366482504604052	4	0.007366482504604052	0	0.0	0.0	0.03865441787681651	genie3_Microglia_B6J_adj
Prkcb	7	0.01289134438305709	7	0.01289134438305709	0	0.0	0.0	0.10465088571759526	genie3_Microglia_B6J_adj
Ywhaz	8	0.014732965009208104	0	0.0	8	0.014732965009208104	0.0	0.04179722346559015	genie3_Microglia_B6J_adj
Tbc1d4	1	0.001841620626151013	1	0.001841620626151013	0	0.0	0.0	5.8348126928937803e-05	genie3_Microglia_B6J_adj
Slc1a3	4	0.007366482504604052	4	0.007366482504604052	0	0.0	0.0	0.0023296448098446445	genie3_Microglia_B6J_adj
Cers6	53	0.09760589318600368	2	0.003683241252302026	51	0.09392265193370165	216.0	0.1821616736309549	genie3_Microglia_B6J_adj
Gas7	2	0.003683241252302026	2	0.003683241252302026	0	0.0	0.0	0.003574531172318605	genie3_Microglia_B6J_adj
Lrp1b	5	0.009208103130755065	5	0.009208103130755065	0	0.0	0.0	0.07399196199137252	genie3_Microglia_B6J_adj
Mllt3	7	0.01289134438305709	7	0.01289134438305709	0	0.0	0.0	0.09610154968548786	genie3_Microglia_B6J_adj
Hivep3	6	0.011049723756906077	0	0.0	6	0.011049723756906077	0.0	0.005387055668245839	genie3_Microglia_B6J_adj
Lrfn5	5	0.009208103130755065	5	0.009208103130755065	0	0.0	0.0	0.06639448412538178	genie3_Microglia_B6J_adj
Cdh18	6	0.011049723756906077	6	0.011049723756906077	0	0.0	0.0	0.08531016458956141	genie3_Microglia_B6J_adj
Gprasp1	1	0.001841620626151013	1	0.001841620626151013	0	0.0	0.0	0.030734831072442993	genie3_Microglia_B6J_adj
Nup93	6	0.011049723756906077	6	0.011049723756906077	0	0.0	0.0	0.1018360774019888	genie3_Microglia_B6J_adj
Grm3	6	0.011049723756906077	6	0.011049723756906077	0	0.0	0.0	0.026157964059302513	genie3_Microglia_B6J_adj
Arhgef9	9	0.016574585635359115	9	0.016574585635359115	0	0.0	0.0	0.12402568106862566	genie3_Microglia_B6J_adj
Prkg1	3	0.0055248618784530384	3	0.0055248618784530384	0	0.0	0.0	0.0005489357924403954	genie3_Microglia_B6J_adj
Ncoa1	7	0.01289134438305709	3	0.0055248618784530384	4	0.007366482504604052	34.0	0.04846890128684379	genie3_Microglia_B6J_adj
Pclo	5	0.009208103130755065	5	0.009208103130755065	0	0.0	0.0	0.06575173866392063	genie3_Microglia_B6J_adj
Ahi1	4	0.007366482504604052	4	0.007366482504604052	0	0.0	0.0	0.0636833708076007	genie3_Microglia_B6J_adj
Rufy3	10	0.01841620626151013	0	0.0	10	0.01841620626151013	0.0	0.02582120623239318	genie3_Microglia_B6J_adj
Hivep1	7	0.01289134438305709	0	0.0	7	0.01289134438305709	0.0	0.019784411584686547	genie3_Microglia_B6J_adj
Agbl4	7	0.01289134438305709	7	0.01289134438305709	0	0.0	0.0	0.05369901253277947	genie3_Microglia_B6J_adj
Cadm1	3	0.0055248618784530384	3	0.0055248618784530384	0	0.0	0.0	0.005552288460940806	genie3_Microglia_B6J_adj
Zfyve28	4	0.007366482504604052	4	0.007366482504604052	0	0.0	0.0	0.07529389203191947	genie3_Microglia_B6J_adj
Slit3	7	0.01289134438305709	7	0.01289134438305709	0	0.0	0.0	0.11765858419302354	genie3_Microglia_B6J_adj
Pde4b	1	0.001841620626151013	1	0.001841620626151013	0	0.0	0.0	0.001744294410464371	genie3_Microglia_B6J_adj
Cux2	2	0.003683241252302026	1	0.001841620626151013	1	0.001841620626151013	1.0	1.6476020602384076e-05	genie3_Microglia_B6J_adj
R3hdm1	3	0.0055248618784530384	3	0.0055248618784530384	0	0.0	0.0	0.04604649765168822	genie3_Microglia_B6J_adj
Ppp2r2b	9	0.016574585635359115	9	0.016574585635359115	0	0.0	0.0	0.09991759339653532	genie3_Microglia_B6J_adj
Nr2c2	3	0.0055248618784530384	0	0.0	3	0.0055248618784530384	0.0	0.0031557284893415486	genie3_Microglia_B6J_adj
Pex5l	5	0.009208103130755065	5	0.009208103130755065	0	0.0	0.0	0.022275438031945437	genie3_Microglia_B6J_adj
Bcr	5	0.009208103130755065	5	0.009208103130755065	0	0.0	0.0	0.064215124954786	genie3_Microglia_B6J_adj
Zeb1	2	0.003683241252302026	1	0.001841620626151013	1	0.001841620626151013	21.0	0.01149347499875509	genie3_Microglia_B6J_adj
Pbx3	1	0.001841620626151013	1	0.001841620626151013	0	0.0	0.0	0.0003422158539851997	genie3_Microglia_B6J_adj
Pcdh7	3	0.0055248618784530384	3	0.0055248618784530384	0	0.0	0.0	0.05855293188048668	genie3_Microglia_B6J_adj
Clstn2	3	0.0055248618784530384	3	0.0055248618784530384	0	0.0	0.0	0.04396258712924026	genie3_Microglia_B6J_adj
Esrrg	17	0.03130755064456722	2	0.003683241252302026	15	0.027624309392265192	26.0	0.09143330616439348	genie3_Microglia_B6J_adj
Sptan1	5	0.009208103130755065	5	0.009208103130755065	0	0.0	0.0	0.021139047365116837	genie3_Microglia_B6J_adj
Cntn5	5	0.009208103130755065	5	0.009208103130755065	0	0.0	0.0	0.06050544697733681	genie3_Microglia_B6J_adj
Dclk1	8	0.014732965009208104	8	0.014732965009208104	0	0.0	0.0	0.0977697929417892	genie3_Microglia_B6J_adj
Grip1	3	0.0055248618784530384	3	0.0055248618784530384	0	0.0	0.0	0.02496179496351784	genie3_Microglia_B6J_adj
Rap1gap2	1	0.001841620626151013	1	0.001841620626151013	0	0.0	0.0	0.014292333605615541	genie3_Microglia_B6J_adj
Ccser1	4	0.007366482504604052	4	0.007366482504604052	0	0.0	0.0	0.06703208681420068	genie3_Microglia_B6J_adj
Bdp1	7	0.01289134438305709	0	0.0	7	0.01289134438305709	0.0	0.010136357124183456	genie3_Microglia_B6J_adj
Rlf	6	0.011049723756906077	0	0.0	6	0.011049723756906077	0.0	0.006666853041568468	genie3_Microglia_B6J_adj
Ppp1r10	1	0.001841620626151013	0	0.0	1	0.001841620626151013	0.0	0.0	genie3_Microglia_B6J_adj
Rnf103	1	0.001841620626151013	1	0.001841620626151013	0	0.0	0.0	0.0	genie3_Microglia_B6J_adj
Nptn	4	0.007366482504604052	4	0.007366482504604052	0	0.0	0.0	0.07534152348042118	genie3_Microglia_B6J_adj
Mctp1	1	0.001841620626151013	1	0.001841620626151013	0	0.0	0.0	5.4805788161166684e-05	genie3_Microglia_B6J_adj
Nfxl1	2	0.003683241252302026	1	0.001841620626151013	1	0.001841620626151013	0.0	0.0001093914556582306	genie3_Microglia_B6J_adj
Tusc3	3	0.0055248618784530384	3	0.0055248618784530384	0	0.0	0.0	0.04565335906507864	genie3_Microglia_B6J_adj
Dscam	3	0.0055248618784530384	3	0.0055248618784530384	0	0.0	0.0	0.04325033566031997	genie3_Microglia_B6J_adj
Dmxl2	4	0.007366482504604052	4	0.007366482504604052	0	0.0	0.0	0.06994280245733575	genie3_Microglia_B6J_adj
Lrrfip1	15	0.027624309392265192	0	0.0	15	0.027624309392265192	0.0	0.023909833783918425	genie3_Microglia_B6J_adj
Ncam2	7	0.01289134438305709	7	0.01289134438305709	0	0.0	0.0	0.09444462329597879	genie3_Microglia_B6J_adj
Dab1	8	0.014732965009208104	8	0.014732965009208104	0	0.0	0.0	0.10176237256848109	genie3_Microglia_B6J_adj
Srrm2	1	0.001841620626151013	1	0.001841620626151013	0	0.0	0.0	0.000648737245598796	genie3_Microglia_B6J_adj
Slc9a9	1	0.001841620626151013	1	0.001841620626151013	0	0.0	0.0	5.4179637133984444e-05	genie3_Microglia_B6J_adj
Fat3	5	0.009208103130755065	5	0.009208103130755065	0	0.0	0.0	0.06755912622860377	genie3_Microglia_B6J_adj
Mprip	4	0.007366482504604052	4	0.007366482504604052	0	0.0	0.0	0.0747741096291894	genie3_Microglia_B6J_adj
Nedd4l	6	0.011049723756906077	6	0.011049723756906077	0	0.0	0.0	0.0833894358752973	genie3_Microglia_B6J_adj
Cacna1a	4	0.007366482504604052	4	0.007366482504604052	0	0.0	0.0	0.0537156301494208	genie3_Microglia_B6J_adj
Wwp1	1	0.001841620626151013	1	0.001841620626151013	0	0.0	0.0	5.3663565913696124e-05	genie3_Microglia_B6J_adj
Gramd1b	4	0.007366482504604052	4	0.007366482504604052	0	0.0	0.0	0.07058367558398403	genie3_Microglia_B6J_adj
Cacna2d1	5	0.009208103130755065	5	0.009208103130755065	0	0.0	0.0	0.042210820136265904	genie3_Microglia_B6J_adj
Dapk1	2	0.003683241252302026	2	0.003683241252302026	0	0.0	0.0	0.024919984136081486	genie3_Microglia_B6J_adj
Ppfia2	4	0.007366482504604052	4	0.007366482504604052	0	0.0	0.0	0.04232118812998024	genie3_Microglia_B6J_adj
Kcnq1ot1	3	0.0055248618784530384	3	0.0055248618784530384	0	0.0	0.0	0.060114012081478665	genie3_Microglia_B6J_adj
Unc5d	2	0.003683241252302026	2	0.003683241252302026	0	0.0	0.0	0.0003674286806685536	genie3_Microglia_B6J_adj
Khdrbs3	3	0.0055248618784530384	3	0.0055248618784530384	0	0.0	0.0	0.04914954998579297	genie3_Microglia_B6J_adj
Cnksr2	4	0.007366482504604052	4	0.007366482504604052	0	0.0	0.0	0.06062135914669719	genie3_Microglia_B6J_adj
Zfp407	6	0.011049723756906077	0	0.0	6	0.011049723756906077	0.0	0.009957797445858077	genie3_Microglia_B6J_adj
Dok6	8	0.014732965009208104	8	0.014732965009208104	0	0.0	0.0	0.09479388618843639	genie3_Microglia_B6J_adj
Aak1	2	0.003683241252302026	2	0.003683241252302026	0	0.0	0.0	0.025867000317041085	genie3_Microglia_B6J_adj
Ank	3	0.0055248618784530384	3	0.0055248618784530384	0	0.0	0.0	0.045149045081098946	genie3_Microglia_B6J_adj
Rasal2	4	0.007366482504604052	4	0.007366482504604052	0	0.0	0.0	0.05587086428696055	genie3_Microglia_B6J_adj
Fnbp1l	3	0.0055248618784530384	3	0.0055248618784530384	0	0.0	0.0	0.04686080877955685	genie3_Microglia_B6J_adj
Epha6	4	0.007366482504604052	4	0.007366482504604052	0	0.0	0.0	0.05297519811979445	genie3_Microglia_B6J_adj
Pde4d	4	0.007366482504604052	4	0.007366482504604052	0	0.0	0.0	0.05428882608070657	genie3_Microglia_B6J_adj
Mef2c	4	0.007366482504604052	0	0.0	4	0.007366482504604052	0.0	0.002502067683130899	genie3_Microglia_B6J_adj
Kctd16	2	0.003683241252302026	2	0.003683241252302026	0	0.0	0.0	0.028061894581379223	genie3_Microglia_B6J_adj
Ntrk2	4	0.007366482504604052	4	0.007366482504604052	0	0.0	0.0	0.05808308655514679	genie3_Microglia_B6J_adj
Zfp950	1	0.001841620626151013	0	0.0	1	0.001841620626151013	0.0	0.0	genie3_Microglia_B6J_adj
Gnb4	2	0.003683241252302026	2	0.003683241252302026	0	0.0	0.0	0.0	genie3_Microglia_B6J_adj
App	5	0.009208103130755065	5	0.009208103130755065	0	0.0	0.0	0.06925180204107413	genie3_Microglia_B6J_adj
Camk2a	5	0.009208103130755065	5	0.009208103130755065	0	0.0	0.0	0.05430148867686616	genie3_Microglia_B6J_adj
Pcdh9	3	0.0055248618784530384	3	0.0055248618784530384	0	0.0	0.0	0.015478893766865839	genie3_Microglia_B6J_adj
Kcnd3	5	0.009208103130755065	5	0.009208103130755065	0	0.0	0.0	0.04123380964016564	genie3_Microglia_B6J_adj
Galntl6	5	0.009208103130755065	5	0.009208103130755065	0	0.0	0.0	0.044796697658918375	genie3_Microglia_B6J_adj
Lrrtm4	2	0.003683241252302026	2	0.003683241252302026	0	0.0	0.0	0.01617358449450714	genie3_Microglia_B6J_adj
Sema6d	3	0.0055248618784530384	3	0.0055248618784530384	0	0.0	0.0	0.034684462907072854	genie3_Microglia_B6J_adj
Nav3	2	0.003683241252302026	2	0.003683241252302026	0	0.0	0.0	0.040440595114947304	genie3_Microglia_B6J_adj
Frmd5	2	0.003683241252302026	2	0.003683241252302026	0	0.0	0.0	0.02184860059776456	genie3_Microglia_B6J_adj
Rfx3	16	0.029465930018416207	1	0.001841620626151013	15	0.027624309392265192	21.0	0.046082958611650175	genie3_Microglia_B6J_adj
Cdc42bpa	7	0.01289134438305709	7	0.01289134438305709	0	0.0	0.0	0.07012943417382696	genie3_Microglia_B6J_adj
Ralyl	4	0.007366482504604052	4	0.007366482504604052	0	0.0	0.0	0.03131817263532988	genie3_Microglia_B6J_adj
Tsc22d1	4	0.007366482504604052	4	0.007366482504604052	0	0.0	0.0	0.06302303113414542	genie3_Microglia_B6J_adj
Srpk2	2	0.003683241252302026	2	0.003683241252302026	0	0.0	0.0	0.030493459344265235	genie3_Microglia_B6J_adj
Trim2	3	0.0055248618784530384	3	0.0055248618784530384	0	0.0	0.0	0.02923244051737596	genie3_Microglia_B6J_adj
Myo5a	3	0.0055248618784530384	3	0.0055248618784530384	0	0.0	0.0	0.04307287556908744	genie3_Microglia_B6J_adj
Cpeb3	3	0.0055248618784530384	3	0.0055248618784530384	0	0.0	0.0	0.06068045021686723	genie3_Microglia_B6J_adj
Myo6	2	0.003683241252302026	2	0.003683241252302026	0	0.0	0.0	0.0020520755736373	genie3_Microglia_B6J_adj
Rabgap1l	2	0.003683241252302026	2	0.003683241252302026	0	0.0	0.0	0.036679893917400015	genie3_Microglia_B6J_adj
C2cd5	3	0.0055248618784530384	3	0.0055248618784530384	0	0.0	0.0	0.05589695345461254	genie3_Microglia_B6J_adj
Unc5c	6	0.011049723756906077	6	0.011049723756906077	0	0.0	0.0	0.05183032942780661	genie3_Microglia_B6J_adj
Tenm3	3	0.0055248618784530384	3	0.0055248618784530384	0	0.0	0.0	0.01703986128861896	genie3_Microglia_B6J_adj
ENSMUSG00000036452.19	3	0.0055248618784530384	3	0.0055248618784530384	0	0.0	0.0	0.0580085477133528	genie3_Microglia_B6J_adj
Phlpp1	3	0.0055248618784530384	3	0.0055248618784530384	0	0.0	0.0	0.002915815858085693	genie3_Microglia_B6J_adj
Frmpd4	5	0.009208103130755065	5	0.009208103130755065	0	0.0	0.0	0.062398544359881195	genie3_Microglia_B6J_adj
Pde8b	5	0.009208103130755065	5	0.009208103130755065	0	0.0	0.0	0.08443443529306004	genie3_Microglia_B6J_adj
Lmtk2	8	0.014732965009208104	8	0.014732965009208104	0	0.0	0.0	0.08583641280369388	genie3_Microglia_B6J_adj
Gria3	4	0.007366482504604052	4	0.007366482504604052	0	0.0	0.0	0.04984424444911081	genie3_Microglia_B6J_adj
Kcnb2	3	0.0055248618784530384	3	0.0055248618784530384	0	0.0	0.0	0.03941995928172964	genie3_Microglia_B6J_adj
Rgs7	6	0.011049723756906077	6	0.011049723756906077	0	0.0	0.0	0.052427034117048514	genie3_Microglia_B6J_adj
Pcdh15	1	0.001841620626151013	1	0.001841620626151013	0	0.0	0.0	0.018350488454976985	genie3_Microglia_B6J_adj
Nfat5	4	0.007366482504604052	0	0.0	4	0.007366482504604052	0.0	0.007098447019141405	genie3_Microglia_B6J_adj
Zswim6	1	0.001841620626151013	1	0.001841620626151013	0	0.0	0.0	0.010077264825791936	genie3_Microglia_B6J_adj
Pacsin1	3	0.0055248618784530384	3	0.0055248618784530384	0	0.0	0.0	0.018620315922305123	genie3_Microglia_B6J_adj
Trio	3	0.0055248618784530384	3	0.0055248618784530384	0	0.0	0.0	0.05168594908125731	genie3_Microglia_B6J_adj
Inpp4a	1	0.001841620626151013	1	0.001841620626151013	0	0.0	0.0	0.01002934609169301	genie3_Microglia_B6J_adj
Ppm1l	2	0.003683241252302026	2	0.003683241252302026	0	0.0	0.0	0.03989136656773423	genie3_Microglia_B6J_adj
Snph	1	0.001841620626151013	1	0.001841620626151013	0	0.0	0.0	0.012603091121470225	genie3_Microglia_B6J_adj
Ptpn4	1	0.001841620626151013	1	0.001841620626151013	0	0.0	0.0	0.014416285854280739	genie3_Microglia_B6J_adj
Gtf2i	1	0.001841620626151013	0	0.0	1	0.001841620626151013	0.0	0.005037199433894495	genie3_Microglia_B6J_adj
Xkr6	8	0.014732965009208104	8	0.014732965009208104	0	0.0	0.0	0.10100892439090406	genie3_Microglia_B6J_adj
St7	2	0.003683241252302026	2	0.003683241252302026	0	0.0	0.0	0.03306662367344127	genie3_Microglia_B6J_adj
Sik3	3	0.0055248618784530384	3	0.0055248618784530384	0	0.0	0.0	0.0429652723818679	genie3_Microglia_B6J_adj
Adgrl1	1	0.001841620626151013	1	0.001841620626151013	0	0.0	0.0	0.018067600982868914	genie3_Microglia_B6J_adj
Nlk	4	0.007366482504604052	4	0.007366482504604052	0	0.0	0.0	0.049556335596708065	genie3_Microglia_B6J_adj
Rnf150	4	0.007366482504604052	4	0.007366482504604052	0	0.0	0.0	0.06369387569489568	genie3_Microglia_B6J_adj
Hs2st1	2	0.003683241252302026	2	0.003683241252302026	0	0.0	0.0	0.03220770985991466	genie3_Microglia_B6J_adj
Ypel2	1	0.001841620626151013	1	0.001841620626151013	0	0.0	0.0	0.001487557934983655	genie3_Microglia_B6J_adj
Foxj3	3	0.0055248618784530384	0	0.0	3	0.0055248618784530384	0.0	0.0034627722442342156	genie3_Microglia_B6J_adj
Ncoa7	3	0.0055248618784530384	3	0.0055248618784530384	0	0.0	0.0	0.05404570613679599	genie3_Microglia_B6J_adj
Nktr	1	0.001841620626151013	1	0.001841620626151013	0	0.0	0.0	0.0005741355494789715	genie3_Microglia_B6J_adj
Add3	2	0.003683241252302026	2	0.003683241252302026	0	0.0	0.0	0.0019866673562556883	genie3_Microglia_B6J_adj
Homer1	4	0.007366482504604052	4	0.007366482504604052	0	0.0	0.0	0.06267700817208083	genie3_Microglia_B6J_adj
Klhl3	2	0.003683241252302026	2	0.003683241252302026	0	0.0	0.0	0.04156905982211584	genie3_Microglia_B6J_adj
Marchf1	4	0.007366482504604052	4	0.007366482504604052	0	0.0	0.0	0.011117831256047534	genie3_Microglia_B6J_adj
Ppp1r9a	2	0.003683241252302026	2	0.003683241252302026	0	0.0	0.0	0.01851084561695224	genie3_Microglia_B6J_adj
Camk1d	2	0.003683241252302026	2	0.003683241252302026	0	0.0	0.0	0.036639877180526685	genie3_Microglia_B6J_adj
Dlg4	3	0.0055248618784530384	3	0.0055248618784530384	0	0.0	0.0	0.04106267581013376	genie3_Microglia_B6J_adj
Adarb1	5	0.009208103130755065	3	0.0055248618784530384	2	0.003683241252302026	0.0	0.07641374155096399	genie3_Microglia_B6J_adj
Ank2	6	0.011049723756906077	6	0.011049723756906077	0	0.0	0.0	0.05805321479219746	genie3_Microglia_B6J_adj
Myef2	3	0.0055248618784530384	2	0.003683241252302026	1	0.001841620626151013	22.0	0.018387662705461452	genie3_Microglia_B6J_adj
Ranbp3	1	0.001841620626151013	1	0.001841620626151013	0	0.0	0.0	0.0004643916859449245	genie3_Microglia_B6J_adj
Tnr	3	0.0055248618784530384	3	0.0055248618784530384	0	0.0	0.0	0.04076704473970665	genie3_Microglia_B6J_adj
Vps13b	3	0.0055248618784530384	3	0.0055248618784530384	0	0.0	0.0	0.042346807659339195	genie3_Microglia_B6J_adj
Zfp445	1	0.001841620626151013	0	0.0	1	0.001841620626151013	0.0	0.0005318953989693654	genie3_Microglia_B6J_adj
Glis3	5	0.009208103130755065	1	0.001841620626151013	4	0.007366482504604052	0.0	0.0034542071418075895	genie3_Microglia_B6J_adj
Magi2	4	0.007366482504604052	4	0.007366482504604052	0	0.0	0.0	0.025163620445164417	genie3_Microglia_B6J_adj
Arhgef7	1	0.001841620626151013	1	0.001841620626151013	0	0.0	0.0	0.02493261601736635	genie3_Microglia_B6J_adj
Arhgap21	2	0.003683241252302026	2	0.003683241252302026	0	0.0	0.0	0.0010486785173946702	genie3_Microglia_B6J_adj
Prkn	2	0.003683241252302026	2	0.003683241252302026	0	0.0	0.0	0.018717385074568164	genie3_Microglia_B6J_adj
Osbpl8	3	0.0055248618784530384	3	0.0055248618784530384	0	0.0	0.0	0.027095081097409768	genie3_Microglia_B6J_adj
Eml6	2	0.003683241252302026	2	0.003683241252302026	0	0.0	0.0	0.03651095509070453	genie3_Microglia_B6J_adj
Ubr5	1	0.001841620626151013	1	0.001841620626151013	0	0.0	0.0	0.01385122138714768	genie3_Microglia_B6J_adj
Nf1	4	0.007366482504604052	0	0.0	4	0.007366482504604052	0.0	0.003726975098721852	genie3_Microglia_B6J_adj
Chd2	2	0.003683241252302026	0	0.0	2	0.003683241252302026	0.0	0.0002838632668761785	genie3_Microglia_B6J_adj
Mast4	1	0.001841620626151013	1	0.001841620626151013	0	0.0	0.0	0.0014350015257419669	genie3_Microglia_B6J_adj
Nsf	1	0.001841620626151013	1	0.001841620626151013	0	0.0	0.0	0.024706169196824935	genie3_Microglia_B6J_adj
Ptk2	5	0.009208103130755065	5	0.009208103130755065	0	0.0	0.0	0.05221003734082986	genie3_Microglia_B6J_adj
Mbd5	3	0.0055248618784530384	3	0.0055248618784530384	0	0.0	0.0	0.044486764988605994	genie3_Microglia_B6J_adj
Rn18s-rs5	2	0.003683241252302026	2	0.003683241252302026	0	0.0	0.0	0.018431156876888257	genie3_Microglia_B6J_adj
Hdac8	4	0.007366482504604052	2	0.003683241252302026	2	0.003683241252302026	5.0	0.01663026840940481	genie3_Microglia_B6J_adj
Snrnp70	4	0.007366482504604052	0	0.0	4	0.007366482504604052	0.0	0.005518207831109723	genie3_Microglia_B6J_adj
Tiam1	1	0.001841620626151013	1	0.001841620626151013	0	0.0	0.0	0.01720710854291057	genie3_Microglia_B6J_adj
Mapk1	6	0.011049723756906077	0	0.0	6	0.011049723756906077	0.0	0.009983461339447365	genie3_Microglia_B6J_adj
Stau2	22	0.040515653775322284	2	0.003683241252302026	20	0.03683241252302026	47.0	0.09097665739254775	genie3_Microglia_B6J_adj
Cacnb2	4	0.007366482504604052	4	0.007366482504604052	0	0.0	0.0	0.011891677433227001	genie3_Microglia_B6J_adj
Sorl1	2	0.003683241252302026	2	0.003683241252302026	0	0.0	0.0	0.01474204431613845	genie3_Microglia_B6J_adj
Dlgap4	2	0.003683241252302026	2	0.003683241252302026	0	0.0	0.0	0.03933720662011512	genie3_Microglia_B6J_adj
Kif1b	2	0.003683241252302026	2	0.003683241252302026	0	0.0	0.0	0.014046973086527017	genie3_Microglia_B6J_adj
Zfhx2	3	0.0055248618784530384	3	0.0055248618784530384	0	0.0	0.0	0.04523102260811156	genie3_Microglia_B6J_adj
Flnb	1	0.001841620626151013	1	0.001841620626151013	0	0.0	0.0	0.024240812893646397	genie3_Microglia_B6J_adj
Nfix	1	0.001841620626151013	0	0.0	1	0.001841620626151013	0.0	0.0	genie3_Microglia_B6J_adj
Myo1d	1	0.001841620626151013	1	0.001841620626151013	0	0.0	0.0	0.0	genie3_Microglia_B6J_adj
Hcfc2	2	0.003683241252302026	0	0.0	2	0.003683241252302026	0.0	4.1367088145978557e-07	genie3_Microglia_B6J_adj
Tafa1	2	0.003683241252302026	2	0.003683241252302026	0	0.0	0.0	1.7105011609278998e-05	genie3_Microglia_B6J_adj
Psd3	2	0.003683241252302026	2	0.003683241252302026	0	0.0	0.0	0.013499279820493598	genie3_Microglia_B6J_adj
Abr	1	0.001841620626151013	1	0.001841620626151013	0	0.0	0.0	0.0009126911526680386	genie3_Microglia_B6J_adj
Esyt2	2	0.003683241252302026	2	0.003683241252302026	0	0.0	0.0	0.03258468183704878	genie3_Microglia_B6J_adj
Ehbp1	2	0.003683241252302026	2	0.003683241252302026	0	0.0	0.0	0.03462280220796002	genie3_Microglia_B6J_adj
Elavl4	2	0.003683241252302026	2	0.003683241252302026	0	0.0	0.0	0.03398284600671663	genie3_Microglia_B6J_adj
Rbms1	3	0.0055248618784530384	1	0.001841620626151013	2	0.003683241252302026	6.0	0.015118927345144105	genie3_Microglia_B6J_adj
Znrf3	1	0.001841620626151013	1	0.001841620626151013	0	0.0	0.0	0.0009049640622570601	genie3_Microglia_B6J_adj
Cmss1	2	0.003683241252302026	2	0.003683241252302026	0	0.0	0.0	0.005852203396635007	genie3_Microglia_B6J_adj
Zfhx3	5	0.009208103130755065	0	0.0	5	0.009208103130755065	0.0	8.052223474269142e-19	genie3_Microglia_B6J_adj
Plxdc2	2	0.003683241252302026	2	0.003683241252302026	0	0.0	0.0	4.164972526066476e-19	genie3_Microglia_B6J_adj
Osbpl9	1	0.001841620626151013	1	0.001841620626151013	0	0.0	0.0	4.4492047680861064e-05	genie3_Microglia_B6J_adj
Ttll5	3	0.0055248618784530384	3	0.0055248618784530384	0	0.0	0.0	0.034100027542804605	genie3_Microglia_B6J_adj
Pds5a	2	0.003683241252302026	0	0.0	2	0.003683241252302026	0.0	0.0007224934768346028	genie3_Microglia_B6J_adj
Gpatch8	1	0.001841620626151013	1	0.001841620626151013	0	0.0	0.0	0.01387868641858419	genie3_Microglia_B6J_adj
Smyd3	1	0.001841620626151013	1	0.001841620626151013	0	0.0	0.0	0.009122179121736016	genie3_Microglia_B6J_adj
Mycbp2	3	0.0055248618784530384	3	0.0055248618784530384	0	0.0	0.0	0.053709167873697665	genie3_Microglia_B6J_adj
Ahcyl1	1	0.001841620626151013	1	0.001841620626151013	0	0.0	0.0	0.013094519391187092	genie3_Microglia_B6J_adj
Ankrd28	1	0.001841620626151013	1	0.001841620626151013	0	0.0	0.0	0.0013576036556953255	genie3_Microglia_B6J_adj
Prickle1	3	0.0055248618784530384	3	0.0055248618784530384	0	0.0	0.0	0.04664737218514365	genie3_Microglia_B6J_adj
Ncoa2	7	0.01289134438305709	1	0.001841620626151013	6	0.011049723756906077	7.0	0.04331348775509919	genie3_Microglia_B6J_adj
Ftx	4	0.007366482504604052	4	0.007366482504604052	0	0.0	0.0	0.0671489933764813	genie3_Microglia_B6J_adj
A330023F24Rik	2	0.003683241252302026	2	0.003683241252302026	0	0.0	0.0	0.03410416687398341	genie3_Microglia_B6J_adj
Chrm3	2	0.003683241252302026	2	0.003683241252302026	0	0.0	0.0	0.020769182567016643	genie3_Microglia_B6J_adj
Ric8b	2	0.003683241252302026	2	0.003683241252302026	0	0.0	0.0	0.029986406750094848	genie3_Microglia_B6J_adj
Aopep	1	0.001841620626151013	1	0.001841620626151013	0	0.0	0.0	0.02324760582038967	genie3_Microglia_B6J_adj
Ncor2	2	0.003683241252302026	0	0.0	2	0.003683241252302026	0.0	0.0015810525421362852	genie3_Microglia_B6J_adj
Ap2a2	1	0.001841620626151013	1	0.001841620626151013	0	0.0	0.0	4.3421693464603086e-05	genie3_Microglia_B6J_adj
Mical3	2	0.003683241252302026	2	0.003683241252302026	0	0.0	0.0	0.02404647223159422	genie3_Microglia_B6J_adj
Exoc4	1	0.001841620626151013	1	0.001841620626151013	0	0.0	0.0	0.016211878792934	genie3_Microglia_B6J_adj
Rab11fip3	2	0.003683241252302026	2	0.003683241252302026	0	0.0	0.0	0.020112323144298113	genie3_Microglia_B6J_adj
Syngap1	4	0.007366482504604052	4	0.007366482504604052	0	0.0	0.0	0.052436753425788414	genie3_Microglia_B6J_adj
Arid5b	8	0.014732965009208104	1	0.001841620626151013	7	0.01289134438305709	7.0	0.00829671857688667	genie3_Microglia_B6J_adj
Pde1b	1	0.001841620626151013	1	0.001841620626151013	0	0.0	0.0	0.008855994085375778	genie3_Microglia_B6J_adj
Rtn1	6	0.011049723756906077	6	0.011049723756906077	0	0.0	0.0	0.08272772837353236	genie3_Microglia_B6J_adj
Upp2	2	0.003683241252302026	2	0.003683241252302026	0	0.0	0.0	0.021029067525069427	genie3_Microglia_B6J_adj
Spag9	2	0.003683241252302026	2	0.003683241252302026	0	0.0	0.0	0.03302941386543134	genie3_Microglia_B6J_adj
Fam168a	1	0.001841620626151013	1	0.001841620626151013	0	0.0	0.0	0.013274396160701855	genie3_Microglia_B6J_adj
Dennd1a	2	0.003683241252302026	2	0.003683241252302026	0	0.0	0.0	0.016182510114243133	genie3_Microglia_B6J_adj
Iqsec2	1	0.001841620626151013	1	0.001841620626151013	0	0.0	0.0	0.022552126591365206	genie3_Microglia_B6J_adj
Fmn1	1	0.001841620626151013	1	0.001841620626151013	0	0.0	0.0	0.022518142948380702	genie3_Microglia_B6J_adj
Tjp1	1	0.001841620626151013	1	0.001841620626151013	0	0.0	0.0	0.012530897262619672	genie3_Microglia_B6J_adj
Pkd1	1	0.001841620626151013	1	0.001841620626151013	0	0.0	0.0	0.012529987904495892	genie3_Microglia_B6J_adj
Srgap2	1	0.001841620626151013	1	0.001841620626151013	0	0.0	0.0	2.360245288446232e-19	genie3_Microglia_B6J_adj
Cstpp1	1	0.001841620626151013	1	0.001841620626151013	0	0.0	0.0	0.004357802645390916	genie3_Microglia_B6J_adj
Ralgapa2	4	0.007366482504604052	4	0.007366482504604052	0	0.0	0.0	0.053764928288025246	genie3_Microglia_B6J_adj
Nos1ap	3	0.0055248618784530384	3	0.0055248618784530384	0	0.0	0.0	0.044763137442529695	genie3_Microglia_B6J_adj
Fyn	1	0.001841620626151013	1	0.001841620626151013	0	0.0	0.0	0.012428443090998258	genie3_Microglia_B6J_adj
Cbfa2t2	2	0.003683241252302026	0	0.0	2	0.003683241252302026	0.0	0.0009448724388856477	genie3_Microglia_B6J_adj
Kif13b	1	0.001841620626151013	1	0.001841620626151013	0	0.0	0.0	0.001284809222294483	genie3_Microglia_B6J_adj
Egfem1	2	0.003683241252302026	2	0.003683241252302026	0	0.0	0.0	0.00010092745669562338	genie3_Microglia_B6J_adj
Cntln	1	0.001841620626151013	1	0.001841620626151013	0	0.0	0.0	0.012900183417266323	genie3_Microglia_B6J_adj
Prdm10	2	0.003683241252302026	0	0.0	2	0.003683241252302026	0.0	0.0006296394164488487	genie3_Microglia_B6J_adj
Aplp2	2	0.003683241252302026	2	0.003683241252302026	0	0.0	0.0	0.03609026992154224	genie3_Microglia_B6J_adj
Zeb2	1	0.001841620626151013	0	0.0	1	0.001841620626151013	0.0	4.400975808956669e-05	genie3_Microglia_B6J_adj
Large1	2	0.003683241252302026	2	0.003683241252302026	0	0.0	0.0	0.032022427827086926	genie3_Microglia_B6J_adj
Ulk4	2	0.003683241252302026	2	0.003683241252302026	0	0.0	0.0	0.036245529187531156	genie3_Microglia_B6J_adj
Shank1	5	0.009208103130755065	5	0.009208103130755065	0	0.0	0.0	0.03627790057615737	genie3_Microglia_B6J_adj
Lrp6	1	0.001841620626151013	1	0.001841620626151013	0	0.0	0.0	4.0971021084029404e-05	genie3_Microglia_B6J_adj
Stxbp1	1	0.001841620626151013	1	0.001841620626151013	0	0.0	0.0	0.021827399528577335	genie3_Microglia_B6J_adj
Cntnap5a	1	0.001841620626151013	1	0.001841620626151013	0	0.0	0.0	9.01926943851128e-09	genie3_Microglia_B6J_adj
Arntl	2	0.003683241252302026	1	0.001841620626151013	1	0.001841620626151013	1.0	0.00132896204256129	genie3_Microglia_B6J_adj
Ppm1e	1	0.001841620626151013	1	0.001841620626151013	0	0.0	0.0	5.44723196023384e-05	genie3_Microglia_B6J_adj
Strbp	3	0.0055248618784530384	3	0.0055248618784530384	0	0.0	0.0	0.0241453794842231	genie3_Microglia_B6J_adj
Inpp5d	1	0.001841620626151013	1	0.001841620626151013	0	0.0	0.0	2.9983106904469315e-19	genie3_Microglia_B6J_adj
Zfp467	1	0.001841620626151013	0	0.0	1	0.001841620626151013	0.0	0.0	genie3_Microglia_B6J_adj
Nxf1	1	0.001841620626151013	1	0.001841620626151013	0	0.0	0.0	0.0	genie3_Microglia_B6J_adj
Dido1	1	0.001841620626151013	0	0.0	1	0.001841620626151013	0.0	0.0	genie3_Microglia_B6J_adj
Hacd3	1	0.001841620626151013	1	0.001841620626151013	0	0.0	0.0	0.0	genie3_Microglia_B6J_adj
Ube2k	2	0.003683241252302026	0	0.0	2	0.003683241252302026	0.0	0.002477842688367314	genie3_Microglia_B6J_adj
Cdk14	4	0.007366482504604052	4	0.007366482504604052	0	0.0	0.0	0.032226271460447466	genie3_Microglia_B6J_adj
Rftn1	1	0.001841620626151013	1	0.001841620626151013	0	0.0	0.0	4.022569967548403e-05	genie3_Microglia_B6J_adj
Ahcyl2	1	0.001841620626151013	1	0.001841620626151013	0	0.0	0.0	0.014993664212192028	genie3_Microglia_B6J_adj
Nr3c2	1	0.001841620626151013	1	0.001841620626151013	0	0.0	0.0	0.011905917835263414	genie3_Microglia_B6J_adj
Pou2f2	1	0.001841620626151013	0	0.0	1	0.001841620626151013	0.0	0.0015169901662663806	genie3_Microglia_B6J_adj
Ablim1	2	0.003683241252302026	2	0.003683241252302026	0	0.0	0.0	0.010592712463398601	genie3_Microglia_B6J_adj
Rab6b	1	0.001841620626151013	1	0.001841620626151013	0	0.0	0.0	0.01490665219445725	genie3_Microglia_B6J_adj
Mga	1	0.001841620626151013	0	0.0	1	0.001841620626151013	0.0	3.4933209489360736e-07	genie3_Microglia_B6J_adj
Hspa12a	2	0.003683241252302026	2	0.003683241252302026	0	0.0	0.0	0.02201906508870701	genie3_Microglia_B6J_adj
Cplane1	1	0.001841620626151013	1	0.001841620626151013	0	0.0	0.0	0.0007977262899943343	genie3_Microglia_B6J_adj
P2rx7	1	0.001841620626151013	1	0.001841620626151013	0	0.0	0.0	3.955670644733759e-05	genie3_Microglia_B6J_adj
2210408F21Rik	1	0.001841620626151013	1	0.001841620626151013	0	0.0	0.0	0.0210637144525747	genie3_Microglia_B6J_adj
Eps8	1	0.001841620626151013	1	0.001841620626151013	0	0.0	0.0	0.0005339609904873914	genie3_Microglia_B6J_adj
Pygb	1	0.001841620626151013	1	0.001841620626151013	0	0.0	0.0	0.0011061294091640468	genie3_Microglia_B6J_adj
Pnn	1	0.001841620626151013	1	0.001841620626151013	0	0.0	0.0	0.00046984580130921965	genie3_Microglia_B6J_adj
Atp8a1	1	0.001841620626151013	1	0.001841620626151013	0	0.0	0.0	0.0012139582939475388	genie3_Microglia_B6J_adj
Septin11	2	0.003683241252302026	2	0.003683241252302026	0	0.0	0.0	0.03069903118268531	genie3_Microglia_B6J_adj
Dop1b	1	0.001841620626151013	1	0.001841620626151013	0	0.0	0.0	0.0007890782835764194	genie3_Microglia_B6J_adj
Atf2	1	0.001841620626151013	0	0.0	1	0.001841620626151013	0.0	0.0025493877642367734	genie3_Microglia_B6J_adj
Ppp1r13b	1	0.001841620626151013	1	0.001841620626151013	0	0.0	0.0	1.3117765469919755e-05	genie3_Microglia_B6J_adj
Spred2	1	0.001841620626151013	1	0.001841620626151013	0	0.0	0.0	0.010120848879901367	genie3_Microglia_B6J_adj
Tcf12	2	0.003683241252302026	0	0.0	2	0.003683241252302026	0.0	0.0012154921338333705	genie3_Microglia_B6J_adj
Sirpa	1	0.001841620626151013	1	0.001841620626151013	0	0.0	0.0	2.304957282875759e-19	genie3_Microglia_B6J_adj
Prkag2	1	0.001841620626151013	1	0.001841620626151013	0	0.0	0.0	0.010028525253065076	genie3_Microglia_B6J_adj
Bltp1	2	0.003683241252302026	2	0.003683241252302026	0	0.0	0.0	0.020995944612672027	genie3_Microglia_B6J_adj
Dlg1	1	0.001841620626151013	1	0.001841620626151013	0	0.0	0.0	0.010009192906158551	genie3_Microglia_B6J_adj
Ylpm1	1	0.001841620626151013	1	0.001841620626151013	0	0.0	0.0	0.0004912333530884386	genie3_Microglia_B6J_adj
Slc44a1	1	0.001841620626151013	1	0.001841620626151013	0	0.0	0.0	0.02054244515689868	genie3_Microglia_B6J_adj
Macf1	1	0.001841620626151013	1	0.001841620626151013	0	0.0	0.0	0.011442961064609779	genie3_Microglia_B6J_adj
Stxbp5	1	0.001841620626151013	1	0.001841620626151013	0	0.0	0.0	0.014328735944358902	genie3_Microglia_B6J_adj
Ttc7b	1	0.001841620626151013	1	0.001841620626151013	0	0.0	0.0	0.020379687899967934	genie3_Microglia_B6J_adj
Pnisr	1	0.001841620626151013	1	0.001841620626151013	0	0.0	0.0	0.0004569707767085476	genie3_Microglia_B6J_adj
Gmds	1	0.001841620626151013	1	0.001841620626151013	0	0.0	0.0	0.015182121722516973	genie3_Microglia_B6J_adj
Appl2	1	0.001841620626151013	1	0.001841620626151013	0	0.0	0.0	0.0010701428940375736	genie3_Microglia_B6J_adj
Rfx7	2	0.003683241252302026	0	0.0	2	0.003683241252302026	0.0	0.0010634007105162014	genie3_Microglia_B6J_adj
Gtf2ird1	1	0.001841620626151013	0	0.0	1	0.001841620626151013	0.0	0.0010779068408928983	genie3_Microglia_B6J_adj
Abi2	1	0.001841620626151013	1	0.001841620626151013	0	0.0	0.0	0.020325081111046236	genie3_Microglia_B6J_adj
Dnmt3a	2	0.003683241252302026	0	0.0	2	0.003683241252302026	0.0	0.0027545594761153452	genie3_Microglia_B6J_adj
Magi1	1	0.001841620626151013	1	0.001841620626151013	0	0.0	0.0	0.020247984848654563	genie3_Microglia_B6J_adj
Mir99ahg	1	0.001841620626151013	1	0.001841620626151013	0	0.0	0.0	0.001062588502920012	genie3_Microglia_B6J_adj
Dzip3	1	0.001841620626151013	1	0.001841620626151013	0	0.0	0.0	0.01502697149469432	genie3_Microglia_B6J_adj
Arf3	1	0.001841620626151013	1	0.001841620626151013	0	0.0	0.0	0.000761947533613071	genie3_Microglia_B6J_adj
Luc7l2	1	0.001841620626151013	1	0.001841620626151013	0	0.0	0.0	0.011202604941878058	genie3_Microglia_B6J_adj
Glul	1	0.001841620626151013	1	0.001841620626151013	0	0.0	0.0	0.001054367248644269	genie3_Microglia_B6J_adj
Etv5	3	0.0055248618784530384	0	0.0	3	0.0055248618784530384	0.0	0.0009729031340713311	genie3_Microglia_B6J_adj
Mef2a	1	0.001841620626151013	0	0.0	1	0.001841620626151013	0.0	0.0	genie3_Microglia_B6J_adj
Nav2	1	0.001841620626151013	1	0.001841620626151013	0	0.0	0.0	0.0	genie3_Microglia_B6J_adj
Mafg	1	0.001841620626151013	0	0.0	1	0.001841620626151013	0.0	0.0	genie3_Microglia_B6J_adj
Disp1	1	0.001841620626151013	1	0.001841620626151013	0	0.0	0.0	0.0	genie3_Microglia_B6J_adj
Epn2	1	0.001841620626151013	1	0.001841620626151013	0	0.0	0.0	0.0011606775354777547	genie3_Microglia_B6J_adj
Foxo1	1	0.001841620626151013	1	0.001841620626151013	0	0.0	0.0	0.000591149494079465	genie3_Microglia_B6J_adj
Tnrc6c	1	0.001841620626151013	1	0.001841620626151013	0	0.0	0.0	0.009735059501971005	genie3_Microglia_B6J_adj
Nmt2	2	0.003683241252302026	2	0.003683241252302026	0	0.0	0.0	0.03368877025721657	genie3_Microglia_B6J_adj
Rgs6	1	0.001841620626151013	1	0.001841620626151013	0	0.0	0.0	0.019964010960733893	genie3_Microglia_B6J_adj
Pitpnc1	1	0.001841620626151013	1	0.001841620626151013	0	0.0	0.0	0.0010484002155665445	genie3_Microglia_B6J_adj
Ube4b	1	0.001841620626151013	1	0.001841620626151013	0	0.0	0.0	0.013980466499534815	genie3_Microglia_B6J_adj
Aig1	1	0.001841620626151013	1	0.001841620626151013	0	0.0	0.0	0.013977252943784095	genie3_Microglia_B6J_adj
Smarca4	1	0.001841620626151013	1	0.001841620626151013	0	0.0	0.0	0.019864701695094706	genie3_Microglia_B6J_adj
Marchf2	1	0.001841620626151013	1	0.001841620626151013	0	0.0	0.0	2.7655264140915434e-19	genie3_Microglia_B6J_adj
Ash2l	1	0.001841620626151013	0	0.0	1	0.001841620626151013	0.0	0.0	genie3_Microglia_B6J_adj
Arhgap32	1	0.001841620626151013	1	0.001841620626151013	0	0.0	0.0	0.019803629825816616	genie3_Microglia_B6J_adj
Trim33	1	0.001841620626151013	0	0.0	1	0.001841620626151013	0.0	0.0	genie3_Microglia_B6J_adj
Herc3	1	0.001841620626151013	1	0.001841620626151013	0	0.0	0.0	0.0	genie3_Microglia_B6J_adj
Cpeb4	1	0.001841620626151013	1	0.001841620626151013	0	0.0	0.0	0.0007484085607618378	genie3_Microglia_B6J_adj
Wdr7	1	0.001841620626151013	1	0.001841620626151013	0	0.0	0.0	0.009606100344482582	genie3_Microglia_B6J_adj
Zfp704	1	0.001841620626151013	0	0.0	1	0.001841620626151013	0.0	3.96126634172648e-05	genie3_Microglia_B6J_adj
Dnm1l	1	0.001841620626151013	1	0.001841620626151013	0	0.0	0.0	0.019715699880724212	genie3_Microglia_B6J_adj
Hnrnpu	1	0.001841620626151013	1	0.001841620626151013	0	0.0	0.0	0.0004423522246052136	genie3_Microglia_B6J_adj
Mgat4c	1	0.001841620626151013	1	0.001841620626151013	0	0.0	0.0	0.019680451906639262	genie3_Microglia_B6J_adj
Faf1	1	0.001841620626151013	1	0.001841620626151013	0	0.0	0.0	0.013801279388947582	genie3_Microglia_B6J_adj
Arhgef12	1	0.001841620626151013	1	0.001841620626151013	0	0.0	0.0	0.010916705035271508	genie3_Microglia_B6J_adj
Dctn1	1	0.001841620626151013	1	0.001841620626151013	0	0.0	0.0	0.00010759743763699981	genie3_Microglia_B6J_adj
Exoc6b	1	0.001841620626151013	1	0.001841620626151013	0	0.0	0.0	0.001131496686529876	genie3_Microglia_B6J_adj
Inpp5a	1	0.001841620626151013	1	0.001841620626151013	0	0.0	0.0	0.010844727802322453	genie3_Microglia_B6J_adj
Ptprs	1	0.001841620626151013	1	0.001841620626151013	0	0.0	0.0	0.00043644013717664555	genie3_Microglia_B6J_adj
Hivep2	267	0.33250311332503113	5	0.0062266500622665	262	0.32627646326276466	2821.0	1.0	grnboost2_Microglia_B6J_adj
Malat1	11	0.0136986301369863	11	0.0136986301369863	0	0.0	0.0	0.20506957690614366	grnboost2_Microglia_B6J_adj
Foxp1	98	0.12204234122042341	4	0.0049813200498132005	94	0.11706102117061021	534.0	0.3827256825522551	grnboost2_Microglia_B6J_adj
Erc2	8	0.009962640099626401	8	0.009962640099626401	0	0.0	0.0	0.1984101569417261	grnboost2_Microglia_B6J_adj
Nrxn3	8	0.009962640099626401	8	0.009962640099626401	0	0.0	0.0	0.19978290217115321	grnboost2_Microglia_B6J_adj
Ank3	7	0.008717310087173101	7	0.008717310087173101	0	0.0	0.0	0.15499769342874725	grnboost2_Microglia_B6J_adj
Grm5	5	0.0062266500622665	5	0.0062266500622665	0	0.0	0.0	0.12675875387698463	grnboost2_Microglia_B6J_adj
Grin2b	6	0.007471980074719801	6	0.007471980074719801	0	0.0	0.0	0.14439372583207363	grnboost2_Microglia_B6J_adj
Celf4	171	0.2129514321295143	3	0.0037359900373599006	168	0.20921544209215442	1892.0	0.555222497133708	grnboost2_Microglia_B6J_adj
Dlgap2	8	0.009962640099626401	8	0.009962640099626401	0	0.0	0.0	0.15639415180049893	grnboost2_Microglia_B6J_adj
Msi2	19	0.023661270236612703	3	0.0037359900373599006	16	0.019925280199252802	111.0	0.032592800763565036	grnboost2_Microglia_B6J_adj
Slc1a2	5	0.0062266500622665	5	0.0062266500622665	0	0.0	0.0	0.003618454974244437	grnboost2_Microglia_B6J_adj
Tspan7	2	0.0024906600249066002	2	0.0024906600249066002	0	0.0	0.0	0.013328544324262611	grnboost2_Microglia_B6J_adj
Adgrl3	6	0.007471980074719801	6	0.007471980074719801	0	0.0	0.0	0.16602038210553632	grnboost2_Microglia_B6J_adj
Rbfox2	162	0.20174346201743462	7	0.008717310087173101	155	0.1930261519302615	5363.0	0.5462709624925025	grnboost2_Microglia_B6J_adj
Myt1l	6	0.007471980074719801	6	0.007471980074719801	0	0.0	0.0	0.143580361757861	grnboost2_Microglia_B6J_adj
Rbpj	10	0.012453300124533	0	0.0	10	0.012453300124533	0.0	0.004691140579228475	grnboost2_Microglia_B6J_adj
Slc9a9	1	0.0012453300124533001	1	0.0012453300124533001	0	0.0	0.0	0.0003431586022997771	grnboost2_Microglia_B6J_adj
Kmt2a	45	0.05603985056039851	0	0.0	45	0.05603985056039851	0.0	0.04117338943317681	grnboost2_Microglia_B6J_adj
Srrm2	4	0.0049813200498132005	4	0.0049813200498132005	0	0.0	0.0	0.0036741944930358083	grnboost2_Microglia_B6J_adj
Anks1b	8	0.009962640099626401	8	0.009962640099626401	0	0.0	0.0	0.13757486562319846	grnboost2_Microglia_B6J_adj
Thrb	138	0.1718555417185554	3	0.0037359900373599006	135	0.16811955168119552	2088.0	0.40411421790244395	grnboost2_Microglia_B6J_adj
Sgk1	4	0.0049813200498132005	4	0.0049813200498132005	0	0.0	0.0	0.06267857539111964	grnboost2_Microglia_B6J_adj
Nalf1	4	0.0049813200498132005	4	0.0049813200498132005	0	0.0	0.0	0.10110795798743871	grnboost2_Microglia_B6J_adj
Rora	155	0.1930261519302615	7	0.008717310087173101	148	0.1843088418430884	3690.0	0.39933689291514046	grnboost2_Microglia_B6J_adj
Ppp3ca	4	0.0049813200498132005	4	0.0049813200498132005	0	0.0	0.0	0.06519315367901804	grnboost2_Microglia_B6J_adj
Setbp1	150	0.18679950186799502	5	0.0062266500622665	145	0.18057285180572852	2454.0	0.4478345741769887	grnboost2_Microglia_B6J_adj
Cadps	7	0.008717310087173101	7	0.008717310087173101	0	0.0	0.0	0.12718219251661503	grnboost2_Microglia_B6J_adj
Il1rapl1	9	0.0112079701120797	9	0.0112079701120797	0	0.0	0.0	0.15483791734987284	grnboost2_Microglia_B6J_adj
Robo2	5	0.0062266500622665	5	0.0062266500622665	0	0.0	0.0	0.132300469470008	grnboost2_Microglia_B6J_adj
Dgkb	5	0.0062266500622665	5	0.0062266500622665	0	0.0	0.0	0.11150322659458434	grnboost2_Microglia_B6J_adj
Ptprn2	6	0.007471980074719801	6	0.007471980074719801	0	0.0	0.0	0.15636198047763802	grnboost2_Microglia_B6J_adj
Ryr2	7	0.008717310087173101	7	0.008717310087173101	0	0.0	0.0	0.12116213278892646	grnboost2_Microglia_B6J_adj
Nlgn1	7	0.008717310087173101	7	0.008717310087173101	0	0.0	0.0	0.16531415152334794	grnboost2_Microglia_B6J_adj
Rims1	9	0.0112079701120797	9	0.0112079701120797	0	0.0	0.0	0.09499869707724155	grnboost2_Microglia_B6J_adj
Ptprd	7	0.008717310087173101	7	0.008717310087173101	0	0.0	0.0	0.09893215003520335	grnboost2_Microglia_B6J_adj
Msra	98	0.12204234122042341	1	0.0012453300124533001	97	0.12079701120797011	345.0	0.37782106858736614	grnboost2_Microglia_B6J_adj
Plcb1	8	0.009962640099626401	8	0.009962640099626401	0	0.0	0.0	0.1641942101793816	grnboost2_Microglia_B6J_adj
Frmd4a	8	0.009962640099626401	8	0.009962640099626401	0	0.0	0.0	0.07537867746331146	grnboost2_Microglia_B6J_adj
Cacna2d3	6	0.007471980074719801	6	0.007471980074719801	0	0.0	0.0	0.13652371843595607	grnboost2_Microglia_B6J_adj
Nbea	7	0.008717310087173101	7	0.008717310087173101	0	0.0	0.0	0.1338415596042734	grnboost2_Microglia_B6J_adj
Lsamp	6	0.007471980074719801	6	0.007471980074719801	0	0.0	0.0	0.07496915361292056	grnboost2_Microglia_B6J_adj
Syt1	8	0.009962640099626401	8	0.009962640099626401	0	0.0	0.0	0.1312407456040202	grnboost2_Microglia_B6J_adj
Sorbs2	4	0.0049813200498132005	4	0.0049813200498132005	0	0.0	0.0	0.09238774191810054	grnboost2_Microglia_B6J_adj
Gabrg3	4	0.0049813200498132005	4	0.0049813200498132005	0	0.0	0.0	0.09140032249136366	grnboost2_Microglia_B6J_adj
Gpr158	5	0.0062266500622665	5	0.0062266500622665	0	0.0	0.0	0.09552865971174633	grnboost2_Microglia_B6J_adj
Magi2	3	0.0037359900373599006	3	0.0037359900373599006	0	0.0	0.0	0.02487787274435914	grnboost2_Microglia_B6J_adj
Ctnnd2	5	0.0062266500622665	5	0.0062266500622665	0	0.0	0.0	0.07761506788434551	grnboost2_Microglia_B6J_adj
Hivep3	9	0.0112079701120797	1	0.0012453300124533001	8	0.009962640099626401	7.0	0.008394709712678297	grnboost2_Microglia_B6J_adj
Nrxn1	7	0.008717310087173101	7	0.008717310087173101	0	0.0	0.0	0.034950328687998744	grnboost2_Microglia_B6J_adj
Mctp1	4	0.0049813200498132005	4	0.0049813200498132005	0	0.0	0.0	0.03980682051989011	grnboost2_Microglia_B6J_adj
Prkce	5	0.0062266500622665	5	0.0062266500622665	0	0.0	0.0	0.10476240219186322	grnboost2_Microglia_B6J_adj
Meg3	8	0.009962640099626401	8	0.009962640099626401	0	0.0	0.0	0.1297289186159014	grnboost2_Microglia_B6J_adj
Grm7	6	0.007471980074719801	6	0.007471980074719801	0	0.0	0.0	0.14926303990628328	grnboost2_Microglia_B6J_adj
Samd12	5	0.0062266500622665	5	0.0062266500622665	0	0.0	0.0	0.09300984033100267	grnboost2_Microglia_B6J_adj
Pbx1	47	0.058530510585305104	4	0.0049813200498132005	43	0.053549190535491904	3127.0	0.12192262495300421	grnboost2_Microglia_B6J_adj
Gnao1	5	0.0062266500622665	5	0.0062266500622665	0	0.0	0.0	0.021784990710065934	grnboost2_Microglia_B6J_adj
Lrrc7	8	0.009962640099626401	8	0.009962640099626401	0	0.0	0.0	0.1789054945062612	grnboost2_Microglia_B6J_adj
Ccser1	5	0.0062266500622665	5	0.0062266500622665	0	0.0	0.0	0.09503967978184756	grnboost2_Microglia_B6J_adj
Auts2	9	0.0112079701120797	9	0.0112079701120797	0	0.0	0.0	0.1392926593593606	grnboost2_Microglia_B6J_adj
Cux1	27	0.033623910336239106	1	0.0012453300124533001	26	0.0323785803237858	193.0	0.03527797657559697	grnboost2_Microglia_B6J_adj
Tenm2	7	0.008717310087173101	7	0.008717310087173101	0	0.0	0.0	0.025675638187741094	grnboost2_Microglia_B6J_adj
Rufy3	22	0.0273972602739726	0	0.0	22	0.0273972602739726	0.0	0.041482625941064735	grnboost2_Microglia_B6J_adj
Dpp10	8	0.009962640099626401	8	0.009962640099626401	0	0.0	0.0	0.08298102518996911	grnboost2_Microglia_B6J_adj
Csmd1	10	0.012453300124533	10	0.012453300124533	0	0.0	0.0	0.1394498361800587	grnboost2_Microglia_B6J_adj
Kcnq5	5	0.0062266500622665	5	0.0062266500622665	0	0.0	0.0	0.11713708125464646	grnboost2_Microglia_B6J_adj
ENSMUSG00000062991.10	7	0.008717310087173101	7	0.008717310087173101	0	0.0	0.0	0.12663716652380502	grnboost2_Microglia_B6J_adj
Focad	5	0.0062266500622665	5	0.0062266500622665	0	0.0	0.0	0.10279067876364312	grnboost2_Microglia_B6J_adj
Otud7a	5	0.0062266500622665	5	0.0062266500622665	0	0.0	0.0	0.09224948385735499	grnboost2_Microglia_B6J_adj
Dpp6	6	0.007471980074719801	6	0.007471980074719801	0	0.0	0.0	0.12136178173401126	grnboost2_Microglia_B6J_adj
Mapk10	4	0.0049813200498132005	4	0.0049813200498132005	0	0.0	0.0	0.09542292633691032	grnboost2_Microglia_B6J_adj
Kalrn	8	0.009962640099626401	8	0.009962640099626401	0	0.0	0.0	0.11520819618095189	grnboost2_Microglia_B6J_adj
Kcnd2	5	0.0062266500622665	5	0.0062266500622665	0	0.0	0.0	0.10001206910011444	grnboost2_Microglia_B6J_adj
Ywhaz	6	0.007471980074719801	1	0.0012453300124533001	5	0.0062266500622665	621.0	0.03728912417283226	grnboost2_Microglia_B6J_adj
Pde10a	4	0.0049813200498132005	4	0.0049813200498132005	0	0.0	0.0	0.07387431364732942	grnboost2_Microglia_B6J_adj
Snrnp70	5	0.0062266500622665	0	0.0	5	0.0062266500622665	0.0	0.006521196956905824	grnboost2_Microglia_B6J_adj
Pde4dip	4	0.0049813200498132005	4	0.0049813200498132005	0	0.0	0.0	0.032427682442278796	grnboost2_Microglia_B6J_adj
Alcam	4	0.0049813200498132005	4	0.0049813200498132005	0	0.0	0.0	0.06148432330141638	grnboost2_Microglia_B6J_adj
Sntg1	5	0.0062266500622665	5	0.0062266500622665	0	0.0	0.0	0.10551320386465343	grnboost2_Microglia_B6J_adj
Dgki	7	0.008717310087173101	7	0.008717310087173101	0	0.0	0.0	0.14414983602797377	grnboost2_Microglia_B6J_adj
Gabrb3	6	0.007471980074719801	6	0.007471980074719801	0	0.0	0.0	0.12010500156633877	grnboost2_Microglia_B6J_adj
Kcnma1	5	0.0062266500622665	5	0.0062266500622665	0	0.0	0.0	0.09098763859189361	grnboost2_Microglia_B6J_adj
Atp2b1	5	0.0062266500622665	5	0.0062266500622665	0	0.0	0.0	0.10214124784647405	grnboost2_Microglia_B6J_adj
Map2	7	0.008717310087173101	7	0.008717310087173101	0	0.0	0.0	0.140149616460188	grnboost2_Microglia_B6J_adj
Nav3	6	0.007471980074719801	6	0.007471980074719801	0	0.0	0.0	0.06341969491592125	grnboost2_Microglia_B6J_adj
Cacnb4	3	0.0037359900373599006	3	0.0037359900373599006	0	0.0	0.0	0.07455710165783927	grnboost2_Microglia_B6J_adj
Rbfox1	7	0.008717310087173101	7	0.008717310087173101	0	0.0	0.0	0.16376420947497766	grnboost2_Microglia_B6J_adj
Snhg14	9	0.0112079701120797	9	0.0112079701120797	0	0.0	0.0	0.12683819442322553	grnboost2_Microglia_B6J_adj
Cadm2	5	0.0062266500622665	5	0.0062266500622665	0	0.0	0.0	0.09760875088084234	grnboost2_Microglia_B6J_adj
Dlg2	8	0.009962640099626401	8	0.009962640099626401	0	0.0	0.0	0.1552911281924858	grnboost2_Microglia_B6J_adj
Kcnh7	6	0.007471980074719801	6	0.007471980074719801	0	0.0	0.0	0.07579457574963429	grnboost2_Microglia_B6J_adj
Mrtfb	6	0.007471980074719801	6	0.007471980074719801	0	0.0	0.0	0.11818824723831182	grnboost2_Microglia_B6J_adj
Kcnq3	9	0.0112079701120797	9	0.0112079701120797	0	0.0	0.0	0.13998571488809108	grnboost2_Microglia_B6J_adj
Tnik	7	0.008717310087173101	7	0.008717310087173101	0	0.0	0.0	0.11834059072075005	grnboost2_Microglia_B6J_adj
Lrrc4c	5	0.0062266500622665	5	0.0062266500622665	0	0.0	0.0	0.051026924037657705	grnboost2_Microglia_B6J_adj
Ube2e2	2	0.0024906600249066002	2	0.0024906600249066002	0	0.0	0.0	0.06365197350768356	grnboost2_Microglia_B6J_adj
Gria3	4	0.0049813200498132005	4	0.0049813200498132005	0	0.0	0.0	0.02298846111979446	grnboost2_Microglia_B6J_adj
Ppp1r9a	5	0.0062266500622665	5	0.0062266500622665	0	0.0	0.0	0.0703130192384285	grnboost2_Microglia_B6J_adj
Mdga2	6	0.007471980074719801	6	0.007471980074719801	0	0.0	0.0	0.12030090955285185	grnboost2_Microglia_B6J_adj
Kazn	2	0.0024906600249066002	2	0.0024906600249066002	0	0.0	0.0	0.03735500915779079	grnboost2_Microglia_B6J_adj
Opcml	7	0.008717310087173101	7	0.008717310087173101	0	0.0	0.0	0.0769756869251382	grnboost2_Microglia_B6J_adj
Macrod2	7	0.008717310087173101	7	0.008717310087173101	0	0.0	0.0	0.12755973577041252	grnboost2_Microglia_B6J_adj
Bdp1	15	0.0186799501867995	1	0.0012453300124533001	14	0.017434620174346202	24.0	0.05929655395785975	grnboost2_Microglia_B6J_adj
Cntnap2	7	0.008717310087173101	7	0.008717310087173101	0	0.0	0.0	0.12340054158898946	grnboost2_Microglia_B6J_adj
Dse	1	0.0012453300124533001	1	0.0012453300124533001	0	0.0	0.0	0.0002335547225300843	grnboost2_Microglia_B6J_adj
Fgf14	4	0.0049813200498132005	4	0.0049813200498132005	0	0.0	0.0	0.0882546387861009	grnboost2_Microglia_B6J_adj
Pcsk2	5	0.0062266500622665	5	0.0062266500622665	0	0.0	0.0	0.0647690478065224	grnboost2_Microglia_B6J_adj
A230057D06Rik	6	0.007471980074719801	6	0.007471980074719801	0	0.0	0.0	0.07328608450888904	grnboost2_Microglia_B6J_adj
Mllt10	32	0.039850560398505604	1	0.0012453300124533001	31	0.038605230386052306	64.0	0.0973549865912362	grnboost2_Microglia_B6J_adj
Csmd2	5	0.0062266500622665	5	0.0062266500622665	0	0.0	0.0	0.08293071748081614	grnboost2_Microglia_B6J_adj
Celf2	9	0.0112079701120797	9	0.0112079701120797	0	0.0	0.0	0.15345353732760642	grnboost2_Microglia_B6J_adj
Ank2	7	0.008717310087173101	7	0.008717310087173101	0	0.0	0.0	0.08033181322730627	grnboost2_Microglia_B6J_adj
Phactr1	5	0.0062266500622665	5	0.0062266500622665	0	0.0	0.0	0.0941526141262745	grnboost2_Microglia_B6J_adj
Slit3	5	0.0062266500622665	5	0.0062266500622665	0	0.0	0.0	0.09385351540404634	grnboost2_Microglia_B6J_adj
R3hdm2	54	0.06724782067247821	1	0.0012453300124533001	53	0.0660024906600249	836.0	0.14552739193496303	grnboost2_Microglia_B6J_adj
R3hdm1	3	0.0037359900373599006	3	0.0037359900373599006	0	0.0	0.0	0.024969165576215792	grnboost2_Microglia_B6J_adj
Rian	5	0.0062266500622665	5	0.0062266500622665	0	0.0	0.0	0.09631463170742384	grnboost2_Microglia_B6J_adj
Iqsec1	5	0.0062266500622665	5	0.0062266500622665	0	0.0	0.0	0.09086500420499867	grnboost2_Microglia_B6J_adj
Arpp21	6	0.007471980074719801	6	0.007471980074719801	0	0.0	0.0	0.08763405386219085	grnboost2_Microglia_B6J_adj
Ntrk2	5	0.0062266500622665	5	0.0062266500622665	0	0.0	0.0	0.08274279203615144	grnboost2_Microglia_B6J_adj
Ncor2	9	0.0112079701120797	0	0.0	9	0.0112079701120797	0.0	0.0019509005831258423	grnboost2_Microglia_B6J_adj
Arhgap21	4	0.0049813200498132005	4	0.0049813200498132005	0	0.0	0.0	0.00435113060956144	grnboost2_Microglia_B6J_adj
Cntn1	6	0.007471980074719801	6	0.007471980074719801	0	0.0	0.0	0.11372746597444344	grnboost2_Microglia_B6J_adj
Gabrb1	5	0.0062266500622665	5	0.0062266500622665	0	0.0	0.0	0.037716804998781404	grnboost2_Microglia_B6J_adj
Dock3	5	0.0062266500622665	5	0.0062266500622665	0	0.0	0.0	0.09535737116472133	grnboost2_Microglia_B6J_adj
Grin2a	3	0.0037359900373599006	3	0.0037359900373599006	0	0.0	0.0	0.04983710761597044	grnboost2_Microglia_B6J_adj
Adgrb3	10	0.012453300124533	10	0.012453300124533	0	0.0	0.0	0.14323324538067522	grnboost2_Microglia_B6J_adj
Mef2a	11	0.0136986301369863	1	0.0012453300124533001	10	0.012453300124533	10.0	1.1348691049723074e-05	grnboost2_Microglia_B6J_adj
Nav2	4	0.0049813200498132005	4	0.0049813200498132005	0	0.0	0.0	3.7957084413248223e-06	grnboost2_Microglia_B6J_adj
Ncam1	4	0.0049813200498132005	4	0.0049813200498132005	0	0.0	0.0	0.02797030718130807	grnboost2_Microglia_B6J_adj
App	3	0.0037359900373599006	3	0.0037359900373599006	0	0.0	0.0	0.04688724462294998	grnboost2_Microglia_B6J_adj
Tcf4	36	0.0448318804483188	1	0.0012453300124533001	35	0.043586550435865505	660.0	0.05031839875310994	grnboost2_Microglia_B6J_adj
Tspan5	6	0.007471980074719801	6	0.007471980074719801	0	0.0	0.0	0.06198156175149159	grnboost2_Microglia_B6J_adj
Atp2b2	5	0.0062266500622665	5	0.0062266500622665	0	0.0	0.0	0.0958344964085402	grnboost2_Microglia_B6J_adj
Cdk14	2	0.0024906600249066002	2	0.0024906600249066002	0	0.0	0.0	0.040255583577150485	grnboost2_Microglia_B6J_adj
Plekha5	7	0.008717310087173101	7	0.008717310087173101	0	0.0	0.0	0.09562889865116467	grnboost2_Microglia_B6J_adj
Fry	5	0.0062266500622665	5	0.0062266500622665	0	0.0	0.0	0.099986537503825	grnboost2_Microglia_B6J_adj
Cacna1a	4	0.0049813200498132005	4	0.0049813200498132005	0	0.0	0.0	0.06820168907057361	grnboost2_Microglia_B6J_adj
Fat3	4	0.0049813200498132005	4	0.0049813200498132005	0	0.0	0.0	0.050922973417400944	grnboost2_Microglia_B6J_adj
Foxn3	16	0.019925280199252802	0	0.0	16	0.019925280199252802	0.0	7.80383154278669e-05	grnboost2_Microglia_B6J_adj
Plxdc2	6	0.007471980074719801	6	0.007471980074719801	0	0.0	0.0	0.0003965524367804804	grnboost2_Microglia_B6J_adj
Ntrk3	6	0.007471980074719801	6	0.007471980074719801	0	0.0	0.0	0.10935045539514963	grnboost2_Microglia_B6J_adj
Ctnna2	6	0.007471980074719801	6	0.007471980074719801	0	0.0	0.0	0.05162905499971298	grnboost2_Microglia_B6J_adj
Osbpl9	1	0.0012453300124533001	1	0.0012453300124533001	0	0.0	0.0	0.0002158257022341636	grnboost2_Microglia_B6J_adj
Snap25	6	0.007471980074719801	6	0.007471980074719801	0	0.0	0.0	0.0939158759009166	grnboost2_Microglia_B6J_adj
Nrg3	7	0.008717310087173101	7	0.008717310087173101	0	0.0	0.0	0.08175823795511097	grnboost2_Microglia_B6J_adj
Ddhd1	3	0.0037359900373599006	3	0.0037359900373599006	0	0.0	0.0	0.020189716692365273	grnboost2_Microglia_B6J_adj
Mbnl2	39	0.048567870485678705	2	0.0024906600249066002	37	0.0460772104607721	557.0	0.051868272343792744	grnboost2_Microglia_B6J_adj
Agap1	3	0.0037359900373599006	3	0.0037359900373599006	0	0.0	0.0	0.0241663500491779	grnboost2_Microglia_B6J_adj
Itsn1	4	0.0049813200498132005	4	0.0049813200498132005	0	0.0	0.0	0.016671647646181183	grnboost2_Microglia_B6J_adj
Enox1	7	0.008717310087173101	7	0.008717310087173101	0	0.0	0.0	0.09905744999806244	grnboost2_Microglia_B6J_adj
Gria2	5	0.0062266500622665	5	0.0062266500622665	0	0.0	0.0	0.09144630384484267	grnboost2_Microglia_B6J_adj
Cacna1c	6	0.007471980074719801	6	0.007471980074719801	0	0.0	0.0	0.12710468277916698	grnboost2_Microglia_B6J_adj
Klhl2	2	0.0024906600249066002	2	0.0024906600249066002	0	0.0	0.0	0.013748434580749225	grnboost2_Microglia_B6J_adj
Fmn1	3	0.0037359900373599006	3	0.0037359900373599006	0	0.0	0.0	0.04547703776961044	grnboost2_Microglia_B6J_adj
Ext1	3	0.0037359900373599006	3	0.0037359900373599006	0	0.0	0.0	0.06250446018235004	grnboost2_Microglia_B6J_adj
Cadm1	2	0.0024906600249066002	2	0.0024906600249066002	0	0.0	0.0	0.002648407177281571	grnboost2_Microglia_B6J_adj
Kcnq1ot1	3	0.0037359900373599006	3	0.0037359900373599006	0	0.0	0.0	0.06742392240425252	grnboost2_Microglia_B6J_adj
B3galt1	4	0.0049813200498132005	4	0.0049813200498132005	0	0.0	0.0	0.05629153678658716	grnboost2_Microglia_B6J_adj
Fgf12	6	0.007471980074719801	6	0.007471980074719801	0	0.0	0.0	0.06768451163266934	grnboost2_Microglia_B6J_adj
Robo1	4	0.0049813200498132005	4	0.0049813200498132005	0	0.0	0.0	0.08220450427814861	grnboost2_Microglia_B6J_adj
Rbfox3	6	0.007471980074719801	6	0.007471980074719801	0	0.0	0.0	0.10167268908796548	grnboost2_Microglia_B6J_adj
Oxr1	5	0.0062266500622665	5	0.0062266500622665	0	0.0	0.0	0.0752011552246369	grnboost2_Microglia_B6J_adj
Cacnb2	5	0.0062266500622665	5	0.0062266500622665	0	0.0	0.0	0.036706584666336424	grnboost2_Microglia_B6J_adj
Lrrfip1	18	0.0224159402241594	1	0.0012453300124533001	17	0.021170610211706103	250.0	0.02674515492315708	grnboost2_Microglia_B6J_adj
Prepl	1	0.0012453300124533001	1	0.0012453300124533001	0	0.0	0.0	0.0011884632177445956	grnboost2_Microglia_B6J_adj
Nr2c2	7	0.008717310087173101	0	0.0	7	0.008717310087173101	0.0	0.007191890403485634	grnboost2_Microglia_B6J_adj
Mef2c	14	0.017434620174346202	2	0.0024906600249066002	12	0.014943960149439602	24.0	0.008133098607293101	grnboost2_Microglia_B6J_adj
Gphn	6	0.007471980074719801	6	0.007471980074719801	0	0.0	0.0	0.06487158883307871	grnboost2_Microglia_B6J_adj
Hs6st3	5	0.0062266500622665	5	0.0062266500622665	0	0.0	0.0	0.06667225522876957	grnboost2_Microglia_B6J_adj
Cers6	50	0.062266500622665005	3	0.0037359900373599006	47	0.058530510585305104	2357.0	0.1683465922574893	grnboost2_Microglia_B6J_adj
Dmxl2	3	0.0037359900373599006	3	0.0037359900373599006	0	0.0	0.0	0.02662329640330787	grnboost2_Microglia_B6J_adj
Grid1	7	0.008717310087173101	7	0.008717310087173101	0	0.0	0.0	0.10139622530126689	grnboost2_Microglia_B6J_adj
Itpr1	5	0.0062266500622665	5	0.0062266500622665	0	0.0	0.0	0.10007244921512748	grnboost2_Microglia_B6J_adj
Kif1b	1	0.0012453300124533001	1	0.0012453300124533001	0	0.0	0.0	0.017496513161996005	grnboost2_Microglia_B6J_adj
Pacsin1	3	0.0037359900373599006	3	0.0037359900373599006	0	0.0	0.0	0.030883474153265644	grnboost2_Microglia_B6J_adj
Sema6d	2	0.0024906600249066002	2	0.0024906600249066002	0	0.0	0.0	0.026682204687239496	grnboost2_Microglia_B6J_adj
Magi1	3	0.0037359900373599006	3	0.0037359900373599006	0	0.0	0.0	0.06045212919459006	grnboost2_Microglia_B6J_adj
Srgap3	5	0.0062266500622665	5	0.0062266500622665	0	0.0	0.0	0.047137476154195626	grnboost2_Microglia_B6J_adj
Prkn	5	0.0062266500622665	5	0.0062266500622665	0	0.0	0.0	0.06393920767113524	grnboost2_Microglia_B6J_adj
Nrcam	4	0.0049813200498132005	4	0.0049813200498132005	0	0.0	0.0	0.07754686315116709	grnboost2_Microglia_B6J_adj
Dcc	3	0.0037359900373599006	3	0.0037359900373599006	0	0.0	0.0	0.0522894809503888	grnboost2_Microglia_B6J_adj
Zbtb20	11	0.0136986301369863	2	0.0024906600249066002	9	0.0112079701120797	85.0	0.02233559017815296	grnboost2_Microglia_B6J_adj
Agbl4	5	0.0062266500622665	5	0.0062266500622665	0	0.0	0.0	0.03809213705173807	grnboost2_Microglia_B6J_adj
Zfhx3	18	0.0224159402241594	1	0.0012453300124533001	17	0.021170610211706103	11.0	2.7493212826995477e-05	grnboost2_Microglia_B6J_adj
Unc80	7	0.008717310087173101	7	0.008717310087173101	0	0.0	0.0	0.10241484908219485	grnboost2_Microglia_B6J_adj
Etl4	3	0.0037359900373599006	3	0.0037359900373599006	0	0.0	0.0	0.02032952598120233	grnboost2_Microglia_B6J_adj
Arhgef9	5	0.0062266500622665	5	0.0062266500622665	0	0.0	0.0	0.09566482236397222	grnboost2_Microglia_B6J_adj
Trim33	5	0.0062266500622665	0	0.0	5	0.0062266500622665	0.0	0.004223649407357826	grnboost2_Microglia_B6J_adj
Tenm4	5	0.0062266500622665	5	0.0062266500622665	0	0.0	0.0	0.07703859109628075	grnboost2_Microglia_B6J_adj
Stox2	5	0.0062266500622665	5	0.0062266500622665	0	0.0	0.0	0.06063939302877149	grnboost2_Microglia_B6J_adj
Rtn1	3	0.0037359900373599006	3	0.0037359900373599006	0	0.0	0.0	0.06537447404901643	grnboost2_Microglia_B6J_adj
Ppp2r2b	7	0.008717310087173101	7	0.008717310087173101	0	0.0	0.0	0.09335494130785757	grnboost2_Microglia_B6J_adj
Xkr4	8	0.009962640099626401	8	0.009962640099626401	0	0.0	0.0	0.10099693267990201	grnboost2_Microglia_B6J_adj
Gria1	2	0.0024906600249066002	2	0.0024906600249066002	0	0.0	0.0	0.04504988469115928	grnboost2_Microglia_B6J_adj
Dip2c	4	0.0049813200498132005	4	0.0049813200498132005	0	0.0	0.0	0.08357342200786172	grnboost2_Microglia_B6J_adj
Slc24a2	1	0.0012453300124533001	1	0.0012453300124533001	0	0.0	0.0	0.002135570025474686	grnboost2_Microglia_B6J_adj
Hivep1	29	0.0361145703611457	2	0.0024906600249066002	27	0.033623910336239106	176.0	0.04966910104770258	grnboost2_Microglia_B6J_adj
Ncoa1	4	0.0049813200498132005	2	0.0024906600249066002	2	0.0024906600249066002	6.0	0.033113571994692954	grnboost2_Microglia_B6J_adj
Rlf	11	0.0136986301369863	0	0.0	11	0.0136986301369863	0.0	0.01783196461232688	grnboost2_Microglia_B6J_adj
Negr1	7	0.008717310087173101	7	0.008717310087173101	0	0.0	0.0	0.05695495174086328	grnboost2_Microglia_B6J_adj
Nkain2	5	0.0062266500622665	5	0.0062266500622665	0	0.0	0.0	0.08145778206904428	grnboost2_Microglia_B6J_adj
Akap6	7	0.008717310087173101	7	0.008717310087173101	0	0.0	0.0	0.11057343443280376	grnboost2_Microglia_B6J_adj
Dmd	3	0.0037359900373599006	3	0.0037359900373599006	0	0.0	0.0	0.04678039316157309	grnboost2_Microglia_B6J_adj
Pi4ka	4	0.0049813200498132005	4	0.0049813200498132005	0	0.0	0.0	0.06414399428636701	grnboost2_Microglia_B6J_adj
Hnrnpu	3	0.0037359900373599006	3	0.0037359900373599006	0	0.0	0.0	0.0029451478199922815	grnboost2_Microglia_B6J_adj
Ppfia2	6	0.007471980074719801	6	0.007471980074719801	0	0.0	0.0	0.03973183974425456	grnboost2_Microglia_B6J_adj
Lrfn5	9	0.0112079701120797	9	0.0112079701120797	0	0.0	0.0	0.07484720770731954	grnboost2_Microglia_B6J_adj
Rgs7bp	4	0.0049813200498132005	4	0.0049813200498132005	0	0.0	0.0	0.08792642223720021	grnboost2_Microglia_B6J_adj
Syne1	5	0.0062266500622665	5	0.0062266500622665	0	0.0	0.0	0.06146155260775429	grnboost2_Microglia_B6J_adj
Prkg1	5	0.0062266500622665	5	0.0062266500622665	0	0.0	0.0	0.003136091510757454	grnboost2_Microglia_B6J_adj
Rn18s-rs5	3	0.0037359900373599006	3	0.0037359900373599006	0	0.0	0.0	0.018459708032027188	grnboost2_Microglia_B6J_adj
Mapk1	11	0.0136986301369863	2	0.0024906600249066002	9	0.0112079701120797	161.0	0.08505072523359389	grnboost2_Microglia_B6J_adj
Spock1	3	0.0037359900373599006	3	0.0037359900373599006	0	0.0	0.0	0.05183099094857041	grnboost2_Microglia_B6J_adj
Sgcz	4	0.0049813200498132005	4	0.0049813200498132005	0	0.0	0.0	0.062196756764179933	grnboost2_Microglia_B6J_adj
Asap1	2	0.0024906600249066002	2	0.0024906600249066002	0	0.0	0.0	0.028342535095751086	grnboost2_Microglia_B6J_adj
Kctd16	4	0.0049813200498132005	4	0.0049813200498132005	0	0.0	0.0	0.04209596821704198	grnboost2_Microglia_B6J_adj
Pde7b	4	0.0049813200498132005	4	0.0049813200498132005	0	0.0	0.0	0.04026636588035579	grnboost2_Microglia_B6J_adj
Dtnb	4	0.0049813200498132005	4	0.0049813200498132005	0	0.0	0.0	0.0631318713673197	grnboost2_Microglia_B6J_adj
Rasgef1b	4	0.0049813200498132005	4	0.0049813200498132005	0	0.0	0.0	0.071155075476882	grnboost2_Microglia_B6J_adj
Cyria	3	0.0037359900373599006	3	0.0037359900373599006	0	0.0	0.0	0.05405820056433585	grnboost2_Microglia_B6J_adj
Pde4b	1	0.0012453300124533001	1	0.0012453300124533001	0	0.0	0.0	0.002063065568816246	grnboost2_Microglia_B6J_adj
Grik2	4	0.0049813200498132005	4	0.0049813200498132005	0	0.0	0.0	0.04483123613562943	grnboost2_Microglia_B6J_adj
Tmem178b	3	0.0037359900373599006	3	0.0037359900373599006	0	0.0	0.0	0.054906500269328945	grnboost2_Microglia_B6J_adj
Gpc6	3	0.0037359900373599006	3	0.0037359900373599006	0	0.0	0.0	0.0011443366089941703	grnboost2_Microglia_B6J_adj
Rfx3	15	0.0186799501867995	2	0.0024906600249066002	13	0.0161892901618929	122.0	0.05005026583389373	grnboost2_Microglia_B6J_adj
Etv5	8	0.009962640099626401	0	0.0	8	0.009962640099626401	0.0	0.011626701683319116	grnboost2_Microglia_B6J_adj
Srgap2	3	0.0037359900373599006	3	0.0037359900373599006	0	0.0	0.0	0.00022252603967271148	grnboost2_Microglia_B6J_adj
Sgip1	6	0.007471980074719801	6	0.007471980074719801	0	0.0	0.0	0.06578602224419464	grnboost2_Microglia_B6J_adj
Lncpint	2	0.0024906600249066002	2	0.0024906600249066002	0	0.0	0.0	0.05984783010502043	grnboost2_Microglia_B6J_adj
Maml3	3	0.0037359900373599006	3	0.0037359900373599006	0	0.0	0.0	3.78857971136287e-06	grnboost2_Microglia_B6J_adj
Ftx	3	0.0037359900373599006	3	0.0037359900373599006	0	0.0	0.0	0.06061656876699551	grnboost2_Microglia_B6J_adj
Ntm	4	0.0049813200498132005	4	0.0049813200498132005	0	0.0	0.0	0.060298200198480915	grnboost2_Microglia_B6J_adj
Zfp407	15	0.0186799501867995	1	0.0012453300124533001	14	0.017434620174346202	631.0	0.030362465051670312	grnboost2_Microglia_B6J_adj
Fbxl17	2	0.0024906600249066002	2	0.0024906600249066002	0	0.0	0.0	0.01274470376003518	grnboost2_Microglia_B6J_adj
Smyd3	1	0.0012453300124533001	1	0.0012453300124533001	0	0.0	0.0	0.014871205774025037	grnboost2_Microglia_B6J_adj
Brinp1	4	0.0049813200498132005	4	0.0049813200498132005	0	0.0	0.0	0.07288096133081241	grnboost2_Microglia_B6J_adj
Camta1	5	0.0062266500622665	5	0.0062266500622665	0	0.0	0.0	0.05407329539570542	grnboost2_Microglia_B6J_adj
Sptbn1	6	0.007471980074719801	6	0.007471980074719801	0	0.0	0.0	0.09368571049384927	grnboost2_Microglia_B6J_adj
Nfia	5	0.0062266500622665	2	0.0024906600249066002	3	0.0037359900373599006	26.0	0.0016696124458728731	grnboost2_Microglia_B6J_adj
Qki	4	0.0049813200498132005	4	0.0049813200498132005	0	0.0	0.0	0.0019113766908958013	grnboost2_Microglia_B6J_adj
Strn	1	0.0012453300124533001	1	0.0012453300124533001	0	0.0	0.0	0.014778999765308646	grnboost2_Microglia_B6J_adj
Arid5b	12	0.014943960149439602	1	0.0012453300124533001	11	0.0136986301369863	8.0	0.011328227708791104	grnboost2_Microglia_B6J_adj
Prickle2	2	0.0024906600249066002	2	0.0024906600249066002	0	0.0	0.0	0.044697656868608174	grnboost2_Microglia_B6J_adj
Nos1ap	2	0.0024906600249066002	2	0.0024906600249066002	0	0.0	0.0	0.026357088117139053	grnboost2_Microglia_B6J_adj
Neurl1b	1	0.0012453300124533001	1	0.0012453300124533001	0	0.0	0.0	0.003741677385747273	grnboost2_Microglia_B6J_adj
Hdac9	4	0.0049813200498132005	4	0.0049813200498132005	0	0.0	0.0	0.016315945594526197	grnboost2_Microglia_B6J_adj
Tnrc6c	5	0.0062266500622665	5	0.0062266500622665	0	0.0	0.0	0.05310169987307165	grnboost2_Microglia_B6J_adj
Gpm6b	2	0.0024906600249066002	2	0.0024906600249066002	0	0.0	0.0	0.018702007036215267	grnboost2_Microglia_B6J_adj
Gria4	4	0.0049813200498132005	4	0.0049813200498132005	0	0.0	0.0	0.07660130610688431	grnboost2_Microglia_B6J_adj
Cdk17	3	0.0037359900373599006	3	0.0037359900373599006	0	0.0	0.0	0.06256685507601502	grnboost2_Microglia_B6J_adj
Dlgap1	8	0.009962640099626401	8	0.009962640099626401	0	0.0	0.0	0.08639007323716248	grnboost2_Microglia_B6J_adj
Foxj3	5	0.0062266500622665	1	0.0012453300124533001	4	0.0049813200498132005	4.0	0.004525100765776447	grnboost2_Microglia_B6J_adj
Lrrtm4	2	0.0024906600249066002	2	0.0024906600249066002	0	0.0	0.0	0.012096764436873247	grnboost2_Microglia_B6J_adj
Camk1d	2	0.0024906600249066002	2	0.0024906600249066002	0	0.0	0.0	0.051193229539640187	grnboost2_Microglia_B6J_adj
Sfxn5	2	0.0024906600249066002	2	0.0024906600249066002	0	0.0	0.0	0.018680958048333942	grnboost2_Microglia_B6J_adj
Grid2	4	0.0049813200498132005	4	0.0049813200498132005	0	0.0	0.0	0.07661719879827915	grnboost2_Microglia_B6J_adj
Dscam	6	0.007471980074719801	6	0.007471980074719801	0	0.0	0.0	0.059367286242723985	grnboost2_Microglia_B6J_adj
Rims2	4	0.0049813200498132005	4	0.0049813200498132005	0	0.0	0.0	0.040389370206518165	grnboost2_Microglia_B6J_adj
Xkr6	6	0.007471980074719801	6	0.007471980074719801	0	0.0	0.0	0.08225320028153298	grnboost2_Microglia_B6J_adj
Atxn1	5	0.0062266500622665	5	0.0062266500622665	0	0.0	0.0	0.08197139835801437	grnboost2_Microglia_B6J_adj
Dok6	6	0.007471980074719801	6	0.007471980074719801	0	0.0	0.0	0.07119501338914157	grnboost2_Microglia_B6J_adj
Nfat5	22	0.0273972602739726	1	0.0012453300124533001	21	0.026151930261519303	156.0	0.02642739970096423	grnboost2_Microglia_B6J_adj
Trim9	5	0.0062266500622665	5	0.0062266500622665	0	0.0	0.0	0.06248778291038013	grnboost2_Microglia_B6J_adj
Adcy9	2	0.0024906600249066002	2	0.0024906600249066002	0	0.0	0.0	0.05340342664081307	grnboost2_Microglia_B6J_adj
Kif13b	1	0.0012453300124533001	1	0.0012453300124533001	0	0.0	0.0	0.0018974217944357596	grnboost2_Microglia_B6J_adj
Glis3	2	0.0024906600249066002	0	0.0	2	0.0024906600249066002	0.0	0.00013239317054078225	grnboost2_Microglia_B6J_adj
Eml6	2	0.0024906600249066002	2	0.0024906600249066002	0	0.0	0.0	0.04617443949987312	grnboost2_Microglia_B6J_adj
Akt3	3	0.0037359900373599006	3	0.0037359900373599006	0	0.0	0.0	0.050737880090735515	grnboost2_Microglia_B6J_adj
Gpm6a	4	0.0049813200498132005	4	0.0049813200498132005	0	0.0	0.0	0.037322330658673596	grnboost2_Microglia_B6J_adj
Zswim6	2	0.0024906600249066002	2	0.0024906600249066002	0	0.0	0.0	0.02535937228715099	grnboost2_Microglia_B6J_adj
Zmynd8	1	0.0012453300124533001	1	0.0012453300124533001	0	0.0	0.0	0.01991570079973703	grnboost2_Microglia_B6J_adj
Adk	3	0.0037359900373599006	3	0.0037359900373599006	0	0.0	0.0	0.013604280512883156	grnboost2_Microglia_B6J_adj
Unc5d	3	0.0037359900373599006	3	0.0037359900373599006	0	0.0	0.0	0.0015266195057069807	grnboost2_Microglia_B6J_adj
5730522E02Rik	4	0.0049813200498132005	4	0.0049813200498132005	0	0.0	0.0	0.06385577482720659	grnboost2_Microglia_B6J_adj
Tmcc3	3	0.0037359900373599006	3	0.0037359900373599006	0	0.0	0.0	3.0660005986941158e-06	grnboost2_Microglia_B6J_adj
Nptn	4	0.0049813200498132005	4	0.0049813200498132005	0	0.0	0.0	0.0720487703827744	grnboost2_Microglia_B6J_adj
Prickle1	1	0.0012453300124533001	1	0.0012453300124533001	0	0.0	0.0	0.014626353252075137	grnboost2_Microglia_B6J_adj
A330023F24Rik	1	0.0012453300124533001	1	0.0012453300124533001	0	0.0	0.0	0.0017964639870424964	grnboost2_Microglia_B6J_adj
Nin	3	0.0037359900373599006	3	0.0037359900373599006	0	0.0	0.0	0.0376490830793231	grnboost2_Microglia_B6J_adj
Exoc6b	1	0.0012453300124533001	1	0.0012453300124533001	0	0.0	0.0	0.0018683869115712598	grnboost2_Microglia_B6J_adj
Csmd3	2	0.0024906600249066002	2	0.0024906600249066002	0	0.0	0.0	0.027988287259431546	grnboost2_Microglia_B6J_adj
Dennd1a	3	0.0037359900373599006	3	0.0037359900373599006	0	0.0	0.0	0.029895772739533283	grnboost2_Microglia_B6J_adj
Gramd1b	4	0.0049813200498132005	4	0.0049813200498132005	0	0.0	0.0	0.071470206935717	grnboost2_Microglia_B6J_adj
Ttc3	6	0.007471980074719801	6	0.007471980074719801	0	0.0	0.0	0.07018273751424119	grnboost2_Microglia_B6J_adj
Bltp1	4	0.0049813200498132005	4	0.0049813200498132005	0	0.0	0.0	0.05764343871463479	grnboost2_Microglia_B6J_adj
Ppm1l	2	0.0024906600249066002	2	0.0024906600249066002	0	0.0	0.0	0.049590656005115426	grnboost2_Microglia_B6J_adj
Gls	2	0.0024906600249066002	2	0.0024906600249066002	0	0.0	0.0	0.01626334236209644	grnboost2_Microglia_B6J_adj
Faf1	4	0.0049813200498132005	4	0.0049813200498132005	0	0.0	0.0	0.05928321833371632	grnboost2_Microglia_B6J_adj
Ssbp2	4	0.0049813200498132005	4	0.0049813200498132005	0	0.0	0.0	0.07071723620456925	grnboost2_Microglia_B6J_adj
Ralyl	3	0.0037359900373599006	3	0.0037359900373599006	0	0.0	0.0	0.013067047941423141	grnboost2_Microglia_B6J_adj
Zeb1	3	0.0037359900373599006	2	0.0024906600249066002	1	0.0012453300124533001	11.0	0.012639236474719399	grnboost2_Microglia_B6J_adj
Zdhhc14	2	0.0024906600249066002	2	0.0024906600249066002	0	0.0	0.0	0.0009640118239365807	grnboost2_Microglia_B6J_adj
Stxbp5	1	0.0012453300124533001	1	0.0012453300124533001	0	0.0	0.0	0.035127192287645395	grnboost2_Microglia_B6J_adj
Prkag2	1	0.0012453300124533001	1	0.0012453300124533001	0	0.0	0.0	0.03512385599571974	grnboost2_Microglia_B6J_adj
Stau2	19	0.023661270236612703	1	0.0012453300124533001	18	0.0224159402241594	177.0	0.04447820114122923	grnboost2_Microglia_B6J_adj
Cdh18	2	0.0024906600249066002	2	0.0024906600249066002	0	0.0	0.0	0.019829843276646792	grnboost2_Microglia_B6J_adj
Inpp5d	1	0.0012453300124533001	1	0.0012453300124533001	0	0.0	0.0	9.606647001421722e-07	grnboost2_Microglia_B6J_adj
Ecpas	3	0.0037359900373599006	3	0.0037359900373599006	0	0.0	0.0	0.02958080729029179	grnboost2_Microglia_B6J_adj
Mycbp2	2	0.0024906600249066002	2	0.0024906600249066002	0	0.0	0.0	0.03618815739383258	grnboost2_Microglia_B6J_adj
Sirpa	1	0.0012453300124533001	1	0.0012453300124533001	0	0.0	0.0	9.56775860148737e-07	grnboost2_Microglia_B6J_adj
Cmss1	3	0.0037359900373599006	3	0.0037359900373599006	0	0.0	0.0	0.00549183899699524	grnboost2_Microglia_B6J_adj
Nlk	3	0.0037359900373599006	3	0.0037359900373599006	0	0.0	0.0	0.051180490757861276	grnboost2_Microglia_B6J_adj
C2cd5	2	0.0024906600249066002	2	0.0024906600249066002	0	0.0	0.0	0.029574778808591017	grnboost2_Microglia_B6J_adj
Herc3	2	0.0024906600249066002	2	0.0024906600249066002	0	0.0	0.0	0.0009534104463868198	grnboost2_Microglia_B6J_adj
Ypel2	1	0.0012453300124533001	1	0.0012453300124533001	0	0.0	0.0	0.0017902877970461045	grnboost2_Microglia_B6J_adj
Nr3c2	3	0.0037359900373599006	0	0.0	3	0.0037359900373599006	0.0	0.004321123137349514	grnboost2_Microglia_B6J_adj
Strbp	5	0.0062266500622665	5	0.0062266500622665	0	0.0	0.0	0.03268853202815346	grnboost2_Microglia_B6J_adj
Sorl1	2	0.0024906600249066002	2	0.0024906600249066002	0	0.0	0.0	0.02554878731835825	grnboost2_Microglia_B6J_adj
Rasal2	3	0.0037359900373599006	3	0.0037359900373599006	0	0.0	0.0	0.06102856540571927	grnboost2_Microglia_B6J_adj
Sin3a	1	0.0012453300124533001	0	0.0	1	0.0012453300124533001	0.0	0.0	grnboost2_Microglia_B6J_adj
Kctd3	1	0.0012453300124533001	1	0.0012453300124533001	0	0.0	0.0	0.0	grnboost2_Microglia_B6J_adj
Rgs7	5	0.0062266500622665	5	0.0062266500622665	0	0.0	0.0	0.007880732277427768	grnboost2_Microglia_B6J_adj
Clstn2	3	0.0037359900373599006	3	0.0037359900373599006	0	0.0	0.0	0.048846782731424516	grnboost2_Microglia_B6J_adj
Srpk1	1	0.0012453300124533001	1	0.0012453300124533001	0	0.0	0.0	0.0015270681628122228	grnboost2_Microglia_B6J_adj
Lmtk2	2	0.0024906600249066002	2	0.0024906600249066002	0	0.0	0.0	0.04926366733486112	grnboost2_Microglia_B6J_adj
Vps13a	2	0.0024906600249066002	2	0.0024906600249066002	0	0.0	0.0	0.017686482767292483	grnboost2_Microglia_B6J_adj
Pnisr	1	0.0012453300124533001	1	0.0012453300124533001	0	0.0	0.0	0.0014091200972157197	grnboost2_Microglia_B6J_adj
Rnf150	4	0.0049813200498132005	4	0.0049813200498132005	0	0.0	0.0	0.057300898279229275	grnboost2_Microglia_B6J_adj
Hdac8	6	0.007471980074719801	2	0.0024906600249066002	4	0.0049813200498132005	59.0	0.010897723345942325	grnboost2_Microglia_B6J_adj
Dync1h1	2	0.0024906600249066002	2	0.0024906600249066002	0	0.0	0.0	0.001459723348403618	grnboost2_Microglia_B6J_adj
Fyn	2	0.0024906600249066002	2	0.0024906600249066002	0	0.0	0.0	0.013366725258311098	grnboost2_Microglia_B6J_adj
Dclk1	6	0.007471980074719801	6	0.007471980074719801	0	0.0	0.0	0.0753426359568583	grnboost2_Microglia_B6J_adj
Ptpn4	2	0.0024906600249066002	2	0.0024906600249066002	0	0.0	0.0	0.014703767978877218	grnboost2_Microglia_B6J_adj
Prkcb	5	0.0062266500622665	5	0.0062266500622665	0	0.0	0.0	0.0844494659291018	grnboost2_Microglia_B6J_adj
Esyt2	3	0.0037359900373599006	3	0.0037359900373599006	0	0.0	0.0	0.04849385961801539	grnboost2_Microglia_B6J_adj
Hecw2	5	0.0062266500622665	5	0.0062266500622665	0	0.0	0.0	0.03396517530041509	grnboost2_Microglia_B6J_adj
Arfgef2	1	0.0012453300124533001	1	0.0012453300124533001	0	0.0	0.0	0.01511467172865196	grnboost2_Microglia_B6J_adj
Shank1	2	0.0024906600249066002	2	0.0024906600249066002	0	0.0	0.0	0.0008907109038095434	grnboost2_Microglia_B6J_adj
Lcor	1	0.0012453300124533001	0	0.0	1	0.0012453300124533001	0.0	0.0011408339676943205	grnboost2_Microglia_B6J_adj
Aak1	2	0.0024906600249066002	2	0.0024906600249066002	0	0.0	0.0	0.018977722371834562	grnboost2_Microglia_B6J_adj
Fnbp1l	3	0.0037359900373599006	3	0.0037359900373599006	0	0.0	0.0	0.04874117328902147	grnboost2_Microglia_B6J_adj
Ralgps1	1	0.0012453300124533001	1	0.0012453300124533001	0	0.0	0.0	0.018539143094215626	grnboost2_Microglia_B6J_adj
Cacna1e	5	0.0062266500622665	5	0.0062266500622665	0	0.0	0.0	0.054382036672183984	grnboost2_Microglia_B6J_adj
Elmo1	3	0.0037359900373599006	3	0.0037359900373599006	0	0.0	0.0	3.628714352531609e-06	grnboost2_Microglia_B6J_adj
Zfp445	5	0.0062266500622665	0	0.0	5	0.0062266500622665	0.0	0.0011832858078484687	grnboost2_Microglia_B6J_adj
Camk2a	3	0.0037359900373599006	3	0.0037359900373599006	0	0.0	0.0	0.04931790261515059	grnboost2_Microglia_B6J_adj
Rapgef5	1	0.0012453300124533001	1	0.0012453300124533001	0	0.0	0.0	0.0003765052231303902	grnboost2_Microglia_B6J_adj
Dgkh	3	0.0037359900373599006	3	0.0037359900373599006	0	0.0	0.0	0.040616236219466376	grnboost2_Microglia_B6J_adj
Asic2	5	0.0062266500622665	5	0.0062266500622665	0	0.0	0.0	0.06571955311524792	grnboost2_Microglia_B6J_adj
Nedd4l	2	0.0024906600249066002	2	0.0024906600249066002	0	0.0	0.0	0.04711917840962462	grnboost2_Microglia_B6J_adj
Atrnl1	5	0.0062266500622665	5	0.0062266500622665	0	0.0	0.0	0.08800098583717683	grnboost2_Microglia_B6J_adj
Ptprs	2	0.0024906600249066002	2	0.0024906600249066002	0	0.0	0.0	0.0021813998648716236	grnboost2_Microglia_B6J_adj
Gtf2i	1	0.0012453300124533001	0	0.0	1	0.0012453300124533001	0.0	0.0040220727690602216	grnboost2_Microglia_B6J_adj
Zfyve28	4	0.0049813200498132005	4	0.0049813200498132005	0	0.0	0.0	0.06666453293137452	grnboost2_Microglia_B6J_adj
Elavl4	2	0.0024906600249066002	2	0.0024906600249066002	0	0.0	0.0	0.046328527014505516	grnboost2_Microglia_B6J_adj
Kcnip4	3	0.0037359900373599006	3	0.0037359900373599006	0	0.0	0.0	0.06221438652692297	grnboost2_Microglia_B6J_adj
Prdm10	1	0.0012453300124533001	0	0.0	1	0.0012453300124533001	0.0	0.0008434716636551012	grnboost2_Microglia_B6J_adj
Rfx7	4	0.0049813200498132005	0	0.0	4	0.0049813200498132005	0.0	0.0036977327662680677	grnboost2_Microglia_B6J_adj
Marchf1	4	0.0049813200498132005	4	0.0049813200498132005	0	0.0	0.0	0.017460847026288154	grnboost2_Microglia_B6J_adj
Myo5a	3	0.0037359900373599006	3	0.0037359900373599006	0	0.0	0.0	0.050013707031275875	grnboost2_Microglia_B6J_adj
Vps13b	3	0.0037359900373599006	3	0.0037359900373599006	0	0.0	0.0	0.04531710716607437	grnboost2_Microglia_B6J_adj
Ahcyl1	1	0.0012453300124533001	1	0.0012453300124533001	0	0.0	0.0	0.01303486035544991	grnboost2_Microglia_B6J_adj
Large1	4	0.0049813200498132005	4	0.0049813200498132005	0	0.0	0.0	0.05292592024389646	grnboost2_Microglia_B6J_adj
Ncoa7	1	0.0012453300124533001	1	0.0012453300124533001	0	0.0	0.0	0.03260443600301574	grnboost2_Microglia_B6J_adj
Frmd5	1	0.0012453300124533001	1	0.0012453300124533001	0	0.0	0.0	0.0016910629100824605	grnboost2_Microglia_B6J_adj
Cacna1d	3	0.0037359900373599006	3	0.0037359900373599006	0	0.0	0.0	0.03411506542835438	grnboost2_Microglia_B6J_adj
Ptk2	2	0.0024906600249066002	2	0.0024906600249066002	0	0.0	0.0	0.042478664206363995	grnboost2_Microglia_B6J_adj
Cnksr2	4	0.0049813200498132005	4	0.0049813200498132005	0	0.0	0.0	0.027082303539853136	grnboost2_Microglia_B6J_adj
Gprasp1	3	0.0037359900373599006	3	0.0037359900373599006	0	0.0	0.0	0.044095414371634875	grnboost2_Microglia_B6J_adj
Epha6	2	0.0024906600249066002	2	0.0024906600249066002	0	0.0	0.0	0.0016851257644031378	grnboost2_Microglia_B6J_adj
Rbms1	2	0.0024906600249066002	1	0.0012453300124533001	1	0.0012453300124533001	0.0	0.01377231321561005	grnboost2_Microglia_B6J_adj
Zfp710	9	0.0112079701120797	1	0.0012453300124533001	8	0.009962640099626401	2.0	1.832638319453828e-05	grnboost2_Microglia_B6J_adj
Clock	4	0.0049813200498132005	2	0.0024906600249066002	2	0.0024906600249066002	33.0	0.012315782692755448	grnboost2_Microglia_B6J_adj
Septin8	1	0.0012453300124533001	1	0.0012453300124533001	0	0.0	0.0	0.00039454926975925216	grnboost2_Microglia_B6J_adj
Trps1	3	0.0037359900373599006	1	0.0012453300124533001	2	0.0024906600249066002	16.0	0.012553854963315502	grnboost2_Microglia_B6J_adj
Bcr	3	0.0037359900373599006	3	0.0037359900373599006	0	0.0	0.0	0.03241675708596253	grnboost2_Microglia_B6J_adj
Pag1	2	0.0024906600249066002	2	0.0024906600249066002	0	0.0	0.0	1.3649185254248025e-06	grnboost2_Microglia_B6J_adj
Gmds	3	0.0037359900373599006	3	0.0037359900373599006	0	0.0	0.0	0.04066609034339502	grnboost2_Microglia_B6J_adj
Macf1	3	0.0037359900373599006	3	0.0037359900373599006	0	0.0	0.0	0.014782398124865434	grnboost2_Microglia_B6J_adj
Khdrbs3	3	0.0037359900373599006	3	0.0037359900373599006	0	0.0	0.0	0.015251596103533294	grnboost2_Microglia_B6J_adj
Ryr3	5	0.0062266500622665	5	0.0062266500622665	0	0.0	0.0	0.07671357511589764	grnboost2_Microglia_B6J_adj
Esrrg	12	0.014943960149439602	1	0.0012453300124533001	11	0.0136986301369863	78.0	0.034778395794956375	grnboost2_Microglia_B6J_adj
Utrn	1	0.0012453300124533001	1	0.0012453300124533001	0	0.0	0.0	0.0010951730204302394	grnboost2_Microglia_B6J_adj
Map1b	3	0.0037359900373599006	3	0.0037359900373599006	0	0.0	0.0	0.0447419905999196	grnboost2_Microglia_B6J_adj
Ctdspl	4	0.0049813200498132005	4	0.0049813200498132005	0	0.0	0.0	0.04644724808286391	grnboost2_Microglia_B6J_adj
Dlg1	2	0.0024906600249066002	2	0.0024906600249066002	0	0.0	0.0	0.012998673155891335	grnboost2_Microglia_B6J_adj
Ppip5k1	1	0.0012453300124533001	1	0.0012453300124533001	0	0.0	0.0	0.017371998179079525	grnboost2_Microglia_B6J_adj
Nktr	3	0.0037359900373599006	3	0.0037359900373599006	0	0.0	0.0	0.014325481282055373	grnboost2_Microglia_B6J_adj
Lrp6	1	0.0012453300124533001	1	0.0012453300124533001	0	0.0	0.0	0.00014597681836737295	grnboost2_Microglia_B6J_adj
Purg	2	0.0024906600249066002	0	0.0	2	0.0024906600249066002	0.0	0.000836824854046975	grnboost2_Microglia_B6J_adj
Lrif1	1	0.0012453300124533001	1	0.0012453300124533001	0	0.0	0.0	2.5990907705503047e-05	grnboost2_Microglia_B6J_adj
Gm26871	7	0.008717310087173101	7	0.008717310087173101	0	0.0	0.0	0.03976060792227479	grnboost2_Microglia_B6J_adj
Adarb1	6	0.007471980074719801	2	0.0024906600249066002	4	0.0049813200498132005	16.0	0.038540431422794515	grnboost2_Microglia_B6J_adj
Ralgapa2	4	0.0049813200498132005	4	0.0049813200498132005	0	0.0	0.0	0.05969148894794944	grnboost2_Microglia_B6J_adj
Mertk	3	0.0037359900373599006	3	0.0037359900373599006	0	0.0	0.0	2.997797722403976e-06	grnboost2_Microglia_B6J_adj
Gpatch8	2	0.0024906600249066002	2	0.0024906600249066002	0	0.0	0.0	0.024596246256437488	grnboost2_Microglia_B6J_adj
Ndfip2	2	0.0024906600249066002	2	0.0024906600249066002	0	0.0	0.0	0.044707684551761086	grnboost2_Microglia_B6J_adj
Gabbr1	1	0.0012453300124533001	1	0.0012453300124533001	0	0.0	0.0	0.0012677714678652494	grnboost2_Microglia_B6J_adj
Celf1	2	0.0024906600249066002	2	0.0024906600249066002	0	0.0	0.0	0.02116944788175406	grnboost2_Microglia_B6J_adj
Sipa1l1	4	0.0049813200498132005	4	0.0049813200498132005	0	0.0	0.0	0.06834843270294544	grnboost2_Microglia_B6J_adj
Dzip3	1	0.0012453300124533001	1	0.0012453300124533001	0	0.0	0.0	0.016749144234606012	grnboost2_Microglia_B6J_adj
Ptprt	3	0.0037359900373599006	3	0.0037359900373599006	0	0.0	0.0	0.016393690223536116	grnboost2_Microglia_B6J_adj
Grip1	1	0.0012453300124533001	1	0.0012453300124533001	0	0.0	0.0	0.016985782005417276	grnboost2_Microglia_B6J_adj
Luc7l2	1	0.0012453300124533001	1	0.0012453300124533001	0	0.0	0.0	0.012198831158303612	grnboost2_Microglia_B6J_adj
Chd2	2	0.0024906600249066002	0	0.0	2	0.0024906600249066002	0.0	0.000563420747893198	grnboost2_Microglia_B6J_adj
Adam22	4	0.0049813200498132005	4	0.0049813200498132005	0	0.0	0.0	0.04579452723438533	grnboost2_Microglia_B6J_adj
Foxk1	2	0.0024906600249066002	0	0.0	2	0.0024906600249066002	0.0	0.001029153638296568	grnboost2_Microglia_B6J_adj
Dcaf6	3	0.0037359900373599006	3	0.0037359900373599006	0	0.0	0.0	0.0003752870513057929	grnboost2_Microglia_B6J_adj
Fto	2	0.0024906600249066002	2	0.0024906600249066002	0	0.0	0.0	0.029303255111874753	grnboost2_Microglia_B6J_adj
Mbd5	2	0.0024906600249066002	2	0.0024906600249066002	0	0.0	0.0	0.030541029250893508	grnboost2_Microglia_B6J_adj
Myef2	2	0.0024906600249066002	2	0.0024906600249066002	0	0.0	0.0	0.016974838352423083	grnboost2_Microglia_B6J_adj
Snph	1	0.0012453300124533001	1	0.0012453300124533001	0	0.0	0.0	0.01359860525127146	grnboost2_Microglia_B6J_adj
Chsy3	3	0.0037359900373599006	3	0.0037359900373599006	0	0.0	0.0	0.013064836298143779	grnboost2_Microglia_B6J_adj
Farp1	3	0.0037359900373599006	3	0.0037359900373599006	0	0.0	0.0	0.005380893247429592	grnboost2_Microglia_B6J_adj
Inpp4a	2	0.0024906600249066002	2	0.0024906600249066002	0	0.0	0.0	0.02579858105174926	grnboost2_Microglia_B6J_adj
Plcl1	1	0.0012453300124533001	1	0.0012453300124533001	0	0.0	0.0	0.0015647870874168556	grnboost2_Microglia_B6J_adj
Dab1	4	0.0049813200498132005	4	0.0049813200498132005	0	0.0	0.0	0.019665096788833318	grnboost2_Microglia_B6J_adj
Ablim1	2	0.0024906600249066002	2	0.0024906600249066002	0	0.0	0.0	0.017026754122790238	grnboost2_Microglia_B6J_adj
Pcdh9	3	0.0037359900373599006	3	0.0037359900373599006	0	0.0	0.0	0.019175282417798877	grnboost2_Microglia_B6J_adj
Ube2k	1	0.0012453300124533001	0	0.0	1	0.0012453300124533001	0.0	0.0007709173983326927	grnboost2_Microglia_B6J_adj
Mprip	3	0.0037359900373599006	3	0.0037359900373599006	0	0.0	0.0	0.0485156056852049	grnboost2_Microglia_B6J_adj
Rbm25	3	0.0037359900373599006	3	0.0037359900373599006	0	0.0	0.0	0.02222357710571176	grnboost2_Microglia_B6J_adj
Rab11fip3	1	0.0012453300124533001	1	0.0012453300124533001	0	0.0	0.0	0.016371053360915468	grnboost2_Microglia_B6J_adj
Pclo	4	0.0049813200498132005	4	0.0049813200498132005	0	0.0	0.0	0.05169682528167567	grnboost2_Microglia_B6J_adj
Lingo2	1	0.0012453300124533001	1	0.0012453300124533001	0	0.0	0.0	0.004358453463102448	grnboost2_Microglia_B6J_adj
Ascc3	1	0.0012453300124533001	1	0.0012453300124533001	0	0.0	0.0	0.003650262045073051	grnboost2_Microglia_B6J_adj
Hdac4	2	0.0024906600249066002	2	0.0024906600249066002	0	0.0	0.0	0.0025517873644905755	grnboost2_Microglia_B6J_adj
Kcnd3	3	0.0037359900373599006	3	0.0037359900373599006	0	0.0	0.0	0.013353226195088141	grnboost2_Microglia_B6J_adj
Mbp	1	0.0012453300124533001	1	0.0012453300124533001	0	0.0	0.0	2.3266505680036367e-06	grnboost2_Microglia_B6J_adj
Dnaaf9	2	0.0024906600249066002	2	0.0024906600249066002	0	0.0	0.0	0.015377011157328653	grnboost2_Microglia_B6J_adj
Tgfbr1	1	0.0012453300124533001	1	0.0012453300124533001	0	0.0	0.0	8.168319213015753e-07	grnboost2_Microglia_B6J_adj
Mllt3	4	0.0049813200498132005	4	0.0049813200498132005	0	0.0	0.0	0.034292667322078446	grnboost2_Microglia_B6J_adj
Epb41l2	2	0.0024906600249066002	2	0.0024906600249066002	0	0.0	0.0	7.938435970355855e-07	grnboost2_Microglia_B6J_adj
Spred1	2	0.0024906600249066002	2	0.0024906600249066002	0	0.0	0.0	0.001523331938554344	grnboost2_Microglia_B6J_adj
Clasp2	1	0.0012453300124533001	1	0.0012453300124533001	0	0.0	0.0	0.011791136959776355	grnboost2_Microglia_B6J_adj
Wwp1	1	0.0012453300124533001	1	0.0012453300124533001	0	0.0	0.0	0.00013825696433977062	grnboost2_Microglia_B6J_adj
Snd1	2	0.0024906600249066002	0	0.0	2	0.0024906600249066002	0.0	0.0003875141910668608	grnboost2_Microglia_B6J_adj
Syngap1	4	0.0049813200498132005	4	0.0049813200498132005	0	0.0	0.0	0.013201009330682393	grnboost2_Microglia_B6J_adj
Sptan1	3	0.0037359900373599006	3	0.0037359900373599006	0	0.0	0.0	0.02079814149232422	grnboost2_Microglia_B6J_adj
Atp8a2	1	0.0012453300124533001	1	0.0012453300124533001	0	0.0	0.0	0.029251080280736655	grnboost2_Microglia_B6J_adj
Slc1a3	1	0.0012453300124533001	1	0.0012453300124533001	0	0.0	0.0	0.0009525492214275998	grnboost2_Microglia_B6J_adj
Unc5c	4	0.0049813200498132005	4	0.0049813200498132005	0	0.0	0.0	0.023957838806790217	grnboost2_Microglia_B6J_adj
Jak2	1	0.0012453300124533001	1	0.0012453300124533001	0	0.0	0.0	0.011669413976190502	grnboost2_Microglia_B6J_adj
Cux2	8	0.009962640099626401	0	0.0	8	0.009962640099626401	0.0	0.00012981335554159397	grnboost2_Microglia_B6J_adj
Gon4l	1	0.0012453300124533001	1	0.0012453300124533001	0	0.0	0.0	3.788998152327869e-06	grnboost2_Microglia_B6J_adj
Ahdc1	1	0.0012453300124533001	0	0.0	1	0.0012453300124533001	0.0	0.0	grnboost2_Microglia_B6J_adj
Epn2	2	0.0024906600249066002	2	0.0024906600249066002	0	0.0	0.0	0.0	grnboost2_Microglia_B6J_adj
Sorbs1	1	0.0012453300124533001	1	0.0012453300124533001	0	0.0	0.0	0.011010757300707167	grnboost2_Microglia_B6J_adj
Cntn5	4	0.0049813200498132005	4	0.0049813200498132005	0	0.0	0.0	0.009985159514292845	grnboost2_Microglia_B6J_adj
Ldlrad4	2	0.0024906600249066002	2	0.0024906600249066002	0	0.0	0.0	1.102914809305852e-06	grnboost2_Microglia_B6J_adj
Pde4d	2	0.0024906600249066002	2	0.0024906600249066002	0	0.0	0.0	0.02302377912952651	grnboost2_Microglia_B6J_adj
Dock9	1	0.0012453300124533001	1	0.0012453300124533001	0	0.0	0.0	0.013029494710679969	grnboost2_Microglia_B6J_adj
Trim2	2	0.0024906600249066002	2	0.0024906600249066002	0	0.0	0.0	0.013612406673117576	grnboost2_Microglia_B6J_adj
Usp34	2	0.0024906600249066002	2	0.0024906600249066002	0	0.0	0.0	0.03886711248852866	grnboost2_Microglia_B6J_adj
Spag9	2	0.0024906600249066002	2	0.0024906600249066002	0	0.0	0.0	0.0042151390784288135	grnboost2_Microglia_B6J_adj
Cdc42bpa	5	0.0062266500622665	5	0.0062266500622665	0	0.0	0.0	0.056296553575427115	grnboost2_Microglia_B6J_adj
Ogt	2	0.0024906600249066002	2	0.0024906600249066002	0	0.0	0.0	0.027439295520187684	grnboost2_Microglia_B6J_adj
Tcf12	2	0.0024906600249066002	1	0.0012453300124533001	1	0.0012453300124533001	22.0	0.0015005375211073748	grnboost2_Microglia_B6J_adj
Hmbox1	1	0.0012453300124533001	0	0.0	1	0.0012453300124533001	0.0	0.0	grnboost2_Microglia_B6J_adj
Atp1b3	2	0.0024906600249066002	2	0.0024906600249066002	0	0.0	0.0	0.0	grnboost2_Microglia_B6J_adj
Zfp609	1	0.0012453300124533001	1	0.0012453300124533001	0	0.0	0.0	0.0014991902567593623	grnboost2_Microglia_B6J_adj
Atf6	2	0.0024906600249066002	0	0.0	2	0.0024906600249066002	0.0	0.002535188085828674	grnboost2_Microglia_B6J_adj
Plxna4	1	0.0012453300124533001	1	0.0012453300124533001	0	0.0	0.0	0.028766855745318197	grnboost2_Microglia_B6J_adj
Adgrl1	1	0.0012453300124533001	1	0.0012453300124533001	0	0.0	0.0	0.001444167545378956	grnboost2_Microglia_B6J_adj
Herc2	1	0.0012453300124533001	1	0.0012453300124533001	0	0.0	0.0	0.0011796219892669718	grnboost2_Microglia_B6J_adj
Grm3	2	0.0024906600249066002	2	0.0024906600249066002	0	0.0	0.0	0.014251333142079246	grnboost2_Microglia_B6J_adj
Nr6a1	3	0.0037359900373599006	0	0.0	3	0.0037359900373599006	0.0	0.0014870723908761857	grnboost2_Microglia_B6J_adj
Parg	1	0.0012453300124533001	1	0.0012453300124533001	0	0.0	0.0	0.0010054865309713445	grnboost2_Microglia_B6J_adj
Wdr7	3	0.0037359900373599006	3	0.0037359900373599006	0	0.0	0.0	0.014849066646424498	grnboost2_Microglia_B6J_adj
Dnm1l	3	0.0037359900373599006	3	0.0037359900373599006	0	0.0	0.0	0.05113907966869459	grnboost2_Microglia_B6J_adj
Phf20l1	1	0.0012453300124533001	1	0.0012453300124533001	0	0.0	0.0	3.691910430820501e-06	grnboost2_Microglia_B6J_adj
Bptf	1	0.0012453300124533001	0	0.0	1	0.0012453300124533001	0.0	0.0	grnboost2_Microglia_B6J_adj
Itfg1	1	0.0012453300124533001	1	0.0012453300124533001	0	0.0	0.0	0.0	grnboost2_Microglia_B6J_adj
Lrba	2	0.0024906600249066002	2	0.0024906600249066002	0	0.0	0.0	0.02174873756853539	grnboost2_Microglia_B6J_adj
Pou2f2	1	0.0012453300124533001	0	0.0	1	0.0012453300124533001	0.0	0.0	grnboost2_Microglia_B6J_adj
Abcc4	1	0.0012453300124533001	1	0.0012453300124533001	0	0.0	0.0	0.0	grnboost2_Microglia_B6J_adj
Kdm5a	2	0.0024906600249066002	0	0.0	2	0.0024906600249066002	0.0	0.005117494023489439	grnboost2_Microglia_B6J_adj
Senp7	1	0.0012453300124533001	1	0.0012453300124533001	0	0.0	0.0	0.01570613763851485	grnboost2_Microglia_B6J_adj
Nf1	5	0.0062266500622665	1	0.0012453300124533001	4	0.0049813200498132005	0.0	0.010260937398428087	grnboost2_Microglia_B6J_adj
Trio	3	0.0037359900373599006	3	0.0037359900373599006	0	0.0	0.0	0.018128286154142484	grnboost2_Microglia_B6J_adj
Smarca4	4	0.0049813200498132005	0	0.0	4	0.0049813200498132005	0.0	0.007356142495054562	grnboost2_Microglia_B6J_adj
Cask	1	0.0012453300124533001	1	0.0012453300124533001	0	0.0	0.0	0.00020769365264820198	grnboost2_Microglia_B6J_adj
Lrp1b	3	0.0037359900373599006	3	0.0037359900373599006	0	0.0	0.0	0.030306331182805502	grnboost2_Microglia_B6J_adj
Ppip5k2	1	0.0012453300124533001	1	0.0012453300124533001	0	0.0	0.0	0.01536337275133832	grnboost2_Microglia_B6J_adj
Snhg11	5	0.0062266500622665	5	0.0062266500622665	0	0.0	0.0	0.01593777341293297	grnboost2_Microglia_B6J_adj
Ptpn11	2	0.0024906600249066002	2	0.0024906600249066002	0	0.0	0.0	0.0014574474328995827	grnboost2_Microglia_B6J_adj
Rbm6	2	0.0024906600249066002	2	0.0024906600249066002	0	0.0	0.0	0.010718281585619946	grnboost2_Microglia_B6J_adj
Ppm1e	1	0.0012453300124533001	1	0.0012453300124533001	0	0.0	0.0	0.00031790840292964396	grnboost2_Microglia_B6J_adj
Tusc3	2	0.0024906600249066002	2	0.0024906600249066002	0	0.0	0.0	0.023471580866572524	grnboost2_Microglia_B6J_adj
Mapk8ip3	2	0.0024906600249066002	2	0.0024906600249066002	0	0.0	0.0	0.0007297984082103945	grnboost2_Microglia_B6J_adj
Cntn4	1	0.0012453300124533001	1	0.0012453300124533001	0	0.0	0.0	0.010724400969190837	grnboost2_Microglia_B6J_adj
Scmh1	7	0.008717310087173101	0	0.0	7	0.008717310087173101	0.0	0.0034469461966484807	grnboost2_Microglia_B6J_adj
Emsy	1	0.0012453300124533001	1	0.0012453300124533001	0	0.0	0.0	9.651030104943731e-05	grnboost2_Microglia_B6J_adj
Ube4b	1	0.0012453300124533001	1	0.0012453300124533001	0	0.0	0.0	0.027936505184782082	grnboost2_Microglia_B6J_adj
Gpi1	1	0.0012453300124533001	1	0.0012453300124533001	0	0.0	0.0	0.011151846383497786	grnboost2_Microglia_B6J_adj
Frmpd4	2	0.0024906600249066002	2	0.0024906600249066002	0	0.0	0.0	0.0026129936456601383	grnboost2_Microglia_B6J_adj
Kmt2d	1	0.0012453300124533001	1	0.0012453300124533001	0	0.0	0.0	0.0011462636168963927	grnboost2_Microglia_B6J_adj
Ttll5	2	0.0024906600249066002	2	0.0024906600249066002	0	0.0	0.0	0.039931314915836645	grnboost2_Microglia_B6J_adj
Crebbp	1	0.0012453300124533001	1	0.0012453300124533001	0	0.0	0.0	0.010496003085977186	grnboost2_Microglia_B6J_adj
Rapgef2	2	0.0024906600249066002	2	0.0024906600249066002	0	0.0	0.0	0.027916544558732184	grnboost2_Microglia_B6J_adj
Rab6b	2	0.0024906600249066002	2	0.0024906600249066002	0	0.0	0.0	0.01637712314398283	grnboost2_Microglia_B6J_adj
Pitpnc1	1	0.0012453300124533001	1	0.0012453300124533001	0	0.0	0.0	0.0009006371120070346	grnboost2_Microglia_B6J_adj
Ap2a2	1	0.0012453300124533001	1	0.0012453300124533001	0	0.0	0.0	0.00012962133770882627	grnboost2_Microglia_B6J_adj
Cbfa2t2	4	0.0049813200498132005	0	0.0	4	0.0049813200498132005	0.0	0.0021964162597666254	grnboost2_Microglia_B6J_adj
Slc16a7	3	0.0037359900373599006	3	0.0037359900373599006	0	0.0	0.0	0.030912847722925817	grnboost2_Microglia_B6J_adj
Zfp697	1	0.0012453300124533001	0	0.0	1	0.0012453300124533001	0.0	0.0	grnboost2_Microglia_B6J_adj
Cntnap5a	1	0.0012453300124533001	1	0.0012453300124533001	0	0.0	0.0	0.0	grnboost2_Microglia_B6J_adj
Homer1	2	0.0024906600249066002	2	0.0024906600249066002	0	0.0	0.0	0.04126844445385121	grnboost2_Microglia_B6J_adj
Mdm4	2	0.0024906600249066002	2	0.0024906600249066002	0	0.0	0.0	0.03356260413416655	grnboost2_Microglia_B6J_adj
Prkca	2	0.0024906600249066002	2	0.0024906600249066002	0	0.0	0.0	0.011648779135793019	grnboost2_Microglia_B6J_adj
Foxo1	2	0.0024906600249066002	1	0.0012453300124533001	1	0.0012453300124533001	7.0	0.000882179205768288	grnboost2_Microglia_B6J_adj
Arid1b	1	0.0012453300124533001	1	0.0012453300124533001	0	0.0	0.0	0.014967101761205208	grnboost2_Microglia_B6J_adj
Ncoa2	8	0.009962640099626401	1	0.0012453300124533001	7	0.008717310087173101	87.0	0.02036862986633707	grnboost2_Microglia_B6J_adj
Fars2	1	0.0012453300124533001	1	0.0012453300124533001	0	0.0	0.0	0.010922595277073396	grnboost2_Microglia_B6J_adj
Cpeb4	1	0.0012453300124533001	1	0.0012453300124533001	0	0.0	0.0	0.0013750500595923996	grnboost2_Microglia_B6J_adj
Ankrd28	1	0.0012453300124533001	1	0.0012453300124533001	0	0.0	0.0	0.0014168914774394144	grnboost2_Microglia_B6J_adj
Tnr	1	0.0012453300124533001	1	0.0012453300124533001	0	0.0	0.0	0.027267383575040237	grnboost2_Microglia_B6J_adj
Itgb5	1	0.0012453300124533001	1	0.0012453300124533001	0	0.0	0.0	7.493838556090799e-07	grnboost2_Microglia_B6J_adj
Tcf20	2	0.0024906600249066002	2	0.0024906600249066002	0	0.0	0.0	0.04003594116505538	grnboost2_Microglia_B6J_adj
Etv1	2	0.0024906600249066002	2	0.0024906600249066002	0	0.0	0.0	0.0016863312834693226	grnboost2_Microglia_B6J_adj
Rtn3	1	0.0012453300124533001	1	0.0012453300124533001	0	0.0	0.0	5.309589856411141e-05	grnboost2_Microglia_B6J_adj
Mapre2	1	0.0012453300124533001	1	0.0012453300124533001	0	0.0	0.0	0.02716429684468166	grnboost2_Microglia_B6J_adj
Sec14l1	1	0.0012453300124533001	1	0.0012453300124533001	0	0.0	0.0	0.0009446761183205852	grnboost2_Microglia_B6J_adj
Rabgap1l	1	0.0012453300124533001	1	0.0012453300124533001	0	0.0	0.0	0.027149722842299173	grnboost2_Microglia_B6J_adj
Clasp1	3	0.0037359900373599006	3	0.0037359900373599006	0	0.0	0.0	0.017077949081643153	grnboost2_Microglia_B6J_adj
Nup93	2	0.0024906600249066002	2	0.0024906600249066002	0	0.0	0.0	0.033300782734211165	grnboost2_Microglia_B6J_adj
Bmp2k	1	0.0012453300124533001	1	0.0012453300124533001	0	0.0	0.0	3.0780406162953956e-07	grnboost2_Microglia_B6J_adj
Ube2b	1	0.0012453300124533001	1	0.0012453300124533001	0	0.0	0.0	0.0014062979185538698	grnboost2_Microglia_B6J_adj
Osbpl1a	1	0.0012453300124533001	1	0.0012453300124533001	0	0.0	0.0	0.0009539165118337079	grnboost2_Microglia_B6J_adj
Dst	3	0.0037359900373599006	3	0.0037359900373599006	0	0.0	0.0	0.039784947953262255	grnboost2_Microglia_B6J_adj
Mir99ahg	3	0.0037359900373599006	3	0.0037359900373599006	0	0.0	0.0	0.011092847777442214	grnboost2_Microglia_B6J_adj
Brwd1	1	0.0012453300124533001	1	0.0012453300124533001	0	0.0	0.0	3.1941428570796376e-05	grnboost2_Microglia_B6J_adj
Ppp1r13b	1	0.0012453300124533001	1	0.0012453300124533001	0	0.0	0.0	0.014986274883269679	grnboost2_Microglia_B6J_adj
Huwe1	2	0.0024906600249066002	2	0.0024906600249066002	0	0.0	0.0	0.0007681783436813423	grnboost2_Microglia_B6J_adj
Inpp5a	2	0.0024906600249066002	2	0.0024906600249066002	0	0.0	0.0	0.019867320393524256	grnboost2_Microglia_B6J_adj
Smarca2	1	0.0012453300124533001	1	0.0012453300124533001	0	0.0	0.0	0.00159549049103135	grnboost2_Microglia_B6J_adj
Itpr2	2	0.0024906600249066002	2	0.0024906600249066002	0	0.0	0.0	4.660130412698795e-05	grnboost2_Microglia_B6J_adj
Znrf3	1	0.0012453300124533001	1	0.0012453300124533001	0	0.0	0.0	0.0013530820983578126	grnboost2_Microglia_B6J_adj
Tmem131	1	0.0012453300124533001	1	0.0012453300124533001	0	0.0	0.0	0.026872881067133682	grnboost2_Microglia_B6J_adj
Adar	2	0.0024906600249066002	2	0.0024906600249066002	0	0.0	0.0	0.0144366209510338	grnboost2_Microglia_B6J_adj
Med13l	1	0.0012453300124533001	1	0.0012453300124533001	0	0.0	0.0	0.014639317163523749	grnboost2_Microglia_B6J_adj
Ttc8	1	0.0012453300124533001	1	0.0012453300124533001	0	0.0	0.0	1.0376249927396645e-05	grnboost2_Microglia_B6J_adj
Akap8l	3	0.0037359900373599006	3	0.0037359900373599006	0	0.0	0.0	3.503120032835574e-05	grnboost2_Microglia_B6J_adj
Bbx	2	0.0024906600249066002	1	0.0012453300124533001	1	0.0012453300124533001	22.0	0.010674708489964583	grnboost2_Microglia_B6J_adj
Tmem135	1	0.0012453300124533001	1	0.0012453300124533001	0	0.0	0.0	7.339414824129485e-07	grnboost2_Microglia_B6J_adj
Herc1	3	0.0037359900373599006	3	0.0037359900373599006	0	0.0	0.0	0.018829520998752274	grnboost2_Microglia_B6J_adj
Add3	1	0.0012453300124533001	1	0.0012453300124533001	0	0.0	0.0	0.0008642329641857985	grnboost2_Microglia_B6J_adj
Cdkal1	1	0.0012453300124533001	1	0.0012453300124533001	0	0.0	0.0	0.0032292177904758392	grnboost2_Microglia_B6J_adj
Cabin1	1	0.0012453300124533001	1	0.0012453300124533001	0	0.0	0.0	0.014696070678433086	grnboost2_Microglia_B6J_adj
Ankrd17	3	0.0037359900373599006	3	0.0037359900373599006	0	0.0	0.0	0.050707853193325214	grnboost2_Microglia_B6J_adj
Zfp148	1	0.0012453300124533001	0	0.0	1	0.0012453300124533001	0.0	0.0	grnboost2_Microglia_B6J_adj
Commd10	1	0.0012453300124533001	1	0.0012453300124533001	0	0.0	0.0	0.0	grnboost2_Microglia_B6J_adj
Srpk2	3	0.0037359900373599006	3	0.0037359900373599006	0	0.0	0.0	0.03686569383728471	grnboost2_Microglia_B6J_adj
Mga	2	0.0024906600249066002	1	0.0012453300124533001	1	0.0012453300124533001	1.0	0.00017525989973498837	grnboost2_Microglia_B6J_adj
Spred2	3	0.0037359900373599006	3	0.0037359900373599006	0	0.0	0.0	0.021650939963011193	grnboost2_Microglia_B6J_adj
Nrp1	1	0.0012453300124533001	1	0.0012453300124533001	0	0.0	0.0	0.00012313784280246779	grnboost2_Microglia_B6J_adj
Mff	1	0.0012453300124533001	1	0.0012453300124533001	0	0.0	0.0	0.00027962756384470504	grnboost2_Microglia_B6J_adj
Helz	1	0.0012453300124533001	1	0.0012453300124533001	0	0.0	0.0	0.010012884269442263	grnboost2_Microglia_B6J_adj
Pygb	2	0.0024906600249066002	2	0.0024906600249066002	0	0.0	0.0	0.0010897235969314408	grnboost2_Microglia_B6J_adj
Dido1	1	0.0012453300124533001	0	0.0	1	0.0012453300124533001	0.0	0.0	grnboost2_Microglia_B6J_adj
Hacd3	1	0.0012453300124533001	1	0.0012453300124533001	0	0.0	0.0	0.0	grnboost2_Microglia_B6J_adj
Myo6	2	0.0024906600249066002	2	0.0024906600249066002	0	0.0	0.0	0.010535068214646118	grnboost2_Microglia_B6J_adj
Atosa	1	0.0012453300124533001	1	0.0012453300124533001	0	0.0	0.0	0.01420966858604625	grnboost2_Microglia_B6J_adj
Epb41l3	4	0.0049813200498132005	4	0.0049813200498132005	0	0.0	0.0	0.028594042403364578	grnboost2_Microglia_B6J_adj
Stim2	1	0.0012453300124533001	1	0.0012453300124533001	0	0.0	0.0	0.025961354290952417	grnboost2_Microglia_B6J_adj
Klf12	5	0.0062266500622665	1	0.0012453300124533001	4	0.0049813200498132005	45.0	0.005309831600615742	grnboost2_Microglia_B6J_adj
Sik2	2	0.0024906600249066002	2	0.0024906600249066002	0	0.0	0.0	0.0013472923735261687	grnboost2_Microglia_B6J_adj
Nfix	1	0.0012453300124533001	0	0.0	1	0.0012453300124533001	0.0	0.0	grnboost2_Microglia_B6J_adj
Nbas	1	0.0012453300124533001	1	0.0012453300124533001	0	0.0	0.0	0.0	grnboost2_Microglia_B6J_adj
Zmynd11	1	0.0012453300124533001	1	0.0012453300124533001	0	0.0	0.0	0.025820801839956276	grnboost2_Microglia_B6J_adj
Cacna2d1	3	0.0037359900373599006	3	0.0037359900373599006	0	0.0	0.0	0.034777945312099615	grnboost2_Microglia_B6J_adj
Ipo11	2	0.0024906600249066002	2	0.0024906600249066002	0	0.0	0.0	0.025861037510409447	grnboost2_Microglia_B6J_adj
2210408I21Rik	1	0.0012453300124533001	1	0.0012453300124533001	0	0.0	0.0	0.0013348384494162716	grnboost2_Microglia_B6J_adj
Sp3	1	0.0012453300124533001	0	0.0	1	0.0012453300124533001	0.0	0.0	grnboost2_Microglia_B6J_adj
B4galt6	1	0.0012453300124533001	1	0.0012453300124533001	0	0.0	0.0	0.0	grnboost2_Microglia_B6J_adj
Kif16b	1	0.0012453300124533001	1	0.0012453300124533001	0	0.0	0.0	0.001334296052746172	grnboost2_Microglia_B6J_adj
Mef2d	1	0.0012453300124533001	1	0.0012453300124533001	0	0.0	0.0	0.001285624569742814	grnboost2_Microglia_B6J_adj
Tm9sf3	1	0.0012453300124533001	1	0.0012453300124533001	0	0.0	0.0	0.0031262619617006934	grnboost2_Microglia_B6J_adj
Kcnb2	2	0.0024906600249066002	2	0.0024906600249066002	0	0.0	0.0	0.03537608928299019	grnboost2_Microglia_B6J_adj
Gtdc1	1	0.0012453300124533001	1	0.0012453300124533001	0	0.0	0.0	0.025596542814404044	grnboost2_Microglia_B6J_adj
Vti1a	1	0.0012453300124533001	1	0.0012453300124533001	0	0.0	0.0	0.010218520447141327	grnboost2_Microglia_B6J_adj
Mdn1	1	0.0012453300124533001	1	0.0012453300124533001	0	0.0	0.0	0.0009026513948983313	grnboost2_Microglia_B6J_adj
Crebzf	1	0.0012453300124533001	0	0.0	1	0.0012453300124533001	0.0	0.0	grnboost2_Microglia_B6J_adj
Slf2	1	0.0012453300124533001	1	0.0012453300124533001	0	0.0	0.0	0.0	grnboost2_Microglia_B6J_adj
Zfp207	2	0.0024906600249066002	0	0.0	2	0.0024906600249066002	0.0	0.0003368063883302514	grnboost2_Microglia_B6J_adj
Uri1	1	0.0012453300124533001	1	0.0012453300124533001	0	0.0	0.0	0.014132681068738726	grnboost2_Microglia_B6J_adj
Ktn1	1	0.0012453300124533001	1	0.0012453300124533001	0	0.0	0.0	0.000672298215242337	grnboost2_Microglia_B6J_adj
Slc44a1	1	0.0012453300124533001	1	0.0012453300124533001	0	0.0	0.0	0.025425270190091418	grnboost2_Microglia_B6J_adj
Atp8a1	3	0.0037359900373599006	3	0.0037359900373599006	0	0.0	0.0	0.028328295114496565	grnboost2_Microglia_B6J_adj
Mlxip	1	0.0012453300124533001	0	0.0	1	0.0012453300124533001	0.0	0.0	grnboost2_Microglia_B6J_adj
Cds2	1	0.0012453300124533001	1	0.0012453300124533001	0	0.0	0.0	0.0	grnboost2_Microglia_B6J_adj
Dock4	1	0.0012453300124533001	1	0.0012453300124533001	0	0.0	0.0	1.978400483148412e-06	grnboost2_Microglia_B6J_adj
Ago3	1	0.0012453300124533001	1	0.0012453300124533001	0	0.0	0.0	0.014049010235204322	grnboost2_Microglia_B6J_adj
Map2k5	1	0.0012453300124533001	1	0.0012453300124533001	0	0.0	0.0	0.014009763849448175	grnboost2_Microglia_B6J_adj
Nr3c1	1	0.0012453300124533001	0	0.0	1	0.0012453300124533001	0.0	0.0006136018091970059	grnboost2_Microglia_B6J_adj
Cpeb3	2	0.0024906600249066002	2	0.0024906600249066002	0	0.0	0.0	0.02433114555123105	grnboost2_Microglia_B6J_adj
Camsap2	2	0.0024906600249066002	2	0.0024906600249066002	0	0.0	0.0	0.000981907969383094	grnboost2_Microglia_B6J_adj
Myo9a	2	0.0024906600249066002	2	0.0024906600249066002	0	0.0	0.0	0.014026825553115551	grnboost2_Microglia_B6J_adj
Pde3b	1	0.0012453300124533001	1	0.0012453300124533001	0	0.0	0.0	6.92386067920244e-07	grnboost2_Microglia_B6J_adj
Atp9b	2	0.0024906600249066002	2	0.0024906600249066002	0	0.0	0.0	0.0022022052734363665	grnboost2_Microglia_B6J_adj
Cplane1	3	0.0037359900373599006	3	0.0037359900373599006	0	0.0	0.0	0.015223214768722801	grnboost2_Microglia_B6J_adj
Cspp1	2	0.0024906600249066002	2	0.0024906600249066002	0	0.0	0.0	0.001155327095552435	grnboost2_Microglia_B6J_adj
Arhgap35	1	0.0012453300124533001	1	0.0012453300124533001	0	0.0	0.0	0.004225125609188125	grnboost2_Microglia_B6J_adj
Med27	1	0.0012453300124533001	1	0.0012453300124533001	0	0.0	0.0	0.010007935802254491	grnboost2_Microglia_B6J_adj
Prkacb	1	0.0012453300124533001	1	0.0012453300124533001	0	0.0	0.0	0.00946765347888889	grnboost2_Microglia_B6J_adj
Ank	3	0.0037359900373599006	3	0.0037359900373599006	0	0.0	0.0	0.043994570072234666	grnboost2_Microglia_B6J_adj
Smarcc1	2	0.0024906600249066002	0	0.0	2	0.0024906600249066002	0.0	0.0	grnboost2_Microglia_B6J_adj
Sfpq	1	0.0012453300124533001	1	0.0012453300124533001	0	0.0	0.0	0.013860177842899115	grnboost2_Microglia_B6J_adj
Rere	1	0.0012453300124533001	1	0.0012453300124533001	0	0.0	0.0	0.013828918892294602	grnboost2_Microglia_B6J_adj
Kidins220	1	0.0012453300124533001	1	0.0012453300124533001	0	0.0	0.0	0.009946140898865726	grnboost2_Microglia_B6J_adj
Paxip1	1	0.0012453300124533001	0	0.0	1	0.0012453300124533001	0.0	2.849099692225725e-05	grnboost2_Microglia_B6J_adj
Golga4	1	0.0012453300124533001	1	0.0012453300124533001	0	0.0	0.0	0.013596542221657576	grnboost2_Microglia_B6J_adj
Zfyve9	1	0.0012453300124533001	1	0.0012453300124533001	0	0.0	0.0	0.013581408843994155	grnboost2_Microglia_B6J_adj
Ptpn2	1	0.0012453300124533001	1	0.0012453300124533001	0	0.0	0.0	0.0	grnboost2_Microglia_B6J_adj
Abr	3	0.0037359900373599006	3	0.0037359900373599006	0	0.0	0.0	0.03694837469233975	grnboost2_Microglia_B6J_adj
Ptpa	1	0.0012453300124533001	1	0.0012453300124533001	0	0.0	0.0	0.0006637910321802986	grnboost2_Microglia_B6J_adj
Tmeff2	1	0.0012453300124533001	1	0.0012453300124533001	0	0.0	0.0	0.0012870933922163046	grnboost2_Microglia_B6J_adj
Phtf1	1	0.0012453300124533001	1	0.0012453300124533001	0	0.0	0.0	0.0005052080146014477	grnboost2_Microglia_B6J_adj
Arhgap32	2	0.0024906600249066002	2	0.0024906600249066002	0	0.0	0.0	0.008798360430937497	grnboost2_Microglia_B6J_adj
Arfgap1	1	0.0012453300124533001	0	0.0	1	0.0012453300124533001	0.0	3.61400465846395e-05	grnboost2_Microglia_B6J_adj
Phf21a	3	0.0037359900373599006	1	0.0012453300124533001	2	0.0024906600249066002	28.0	0.00903380638113871	grnboost2_Microglia_B6J_adj
Cyrib	2	0.0024906600249066002	2	0.0024906600249066002	0	0.0	0.0	0.00022539335230471806	grnboost2_Microglia_B6J_adj
Usp32	1	0.0012453300124533001	1	0.0012453300124533001	0	0.0	0.0	0.00988702312329957	grnboost2_Microglia_B6J_adj
Dnajc10	1	0.0012453300124533001	1	0.0012453300124533001	0	0.0	0.0	0.0012448526175417212	grnboost2_Microglia_B6J_adj
Rap1gap2	1	0.0012453300124533001	1	0.0012453300124533001	0	0.0	0.0	0.011077384463905928	grnboost2_Microglia_B6J_adj
Gsk3b	1	0.0012453300124533001	1	0.0012453300124533001	0	0.0	0.0	0.009869718134901045	grnboost2_Microglia_B6J_adj
Zfhx2	2	0.0024906600249066002	0	0.0	2	0.0024906600249066002	0.0	0.0	grnboost2_Microglia_B6J_adj
Zfat	1	0.0012453300124533001	1	0.0012453300124533001	0	0.0	0.0	0.0	grnboost2_Microglia_B6J_adj
Exoc4	3	0.0037359900373599006	3	0.0037359900373599006	0	0.0	0.0	0.023578687936036496	grnboost2_Microglia_B6J_adj
Pik3c3	1	0.0012453300124533001	0	0.0	1	0.0012453300124533001	0.0	0.0	grnboost2_Microglia_B6J_adj
Papss1	1	0.0012453300124533001	1	0.0012453300124533001	0	0.0	0.0	0.0	grnboost2_Microglia_B6J_adj
Stag1	2	0.0024906600249066002	2	0.0024906600249066002	0	0.0	0.0	0.023443227709457434	grnboost2_Microglia_B6J_adj
Clstn1	1	0.0012453300124533001	1	0.0012453300124533001	0	0.0	0.0	0.01099801152472427	grnboost2_Microglia_B6J_adj
Sbf2	1	0.0012453300124533001	1	0.0012453300124533001	0	0.0	0.0	0.013629237521018979	grnboost2_Microglia_B6J_adj
Kdm4c	1	0.0012453300124533001	1	0.0012453300124533001	0	0.0	0.0	0.0010096085627394722	grnboost2_Microglia_B6J_adj
Nsd3	2	0.0024906600249066002	2	0.0024906600249066002	0	0.0	0.0	0.001596880552926175	grnboost2_Microglia_B6J_adj
Mtf2	1	0.0012453300124533001	1	0.0012453300124533001	0	0.0	0.0	0.009904677837397556	grnboost2_Microglia_B6J_adj
Ulk4	1	0.0012453300124533001	1	0.0012453300124533001	0	0.0	0.0	0.0012245170384307044	grnboost2_Microglia_B6J_adj
Tjp1	2	0.0024906600249066002	2	0.0024906600249066002	0	0.0	0.0	0.010822477707505109	grnboost2_Microglia_B6J_adj
Glud1	1	0.0012453300124533001	1	0.0012453300124533001	0	0.0	0.0	0.002973764189347461	grnboost2_Microglia_B6J_adj
Arap2	1	0.0012453300124533001	1	0.0012453300124533001	0	0.0	0.0	0.00019834652828265914	grnboost2_Microglia_B6J_adj
Dop1b	2	0.0024906600249066002	2	0.0024906600249066002	0	0.0	0.0	0.02205246077689075	grnboost2_Microglia_B6J_adj
Egfem1	3	0.0037359900373599006	3	0.0037359900373599006	0	0.0	0.0	0.01060616484322879	grnboost2_Microglia_B6J_adj
Dgkz	2	0.0024906600249066002	2	0.0024906600249066002	0	0.0	0.0	0.01164891235801413	grnboost2_Microglia_B6J_adj
Xpr1	1	0.0012453300124533001	1	0.0012453300124533001	0	0.0	0.0	0.009720451534981868	grnboost2_Microglia_B6J_adj
Acap2	2	0.0024906600249066002	2	0.0024906600249066002	0	0.0	0.0	0.03485128523639787	grnboost2_Microglia_B6J_adj
Foxo3	1	0.0012453300124533001	0	0.0	1	0.0012453300124533001	0.0	0.0	grnboost2_Microglia_B6J_adj
Gm1976	1	0.0012453300124533001	1	0.0012453300124533001	0	0.0	0.0	0.0	grnboost2_Microglia_B6J_adj
Rreb1	1	0.0012453300124533001	0	0.0	1	0.0012453300124533001	0.0	2.7556598447675664e-07	grnboost2_Microglia_B6J_adj
Klf7	2	0.0024906600249066002	0	0.0	2	0.0024906600249066002	0.0	6.043795391898279e-05	grnboost2_Microglia_B6J_adj
Tafa1	3	0.0037359900373599006	3	0.0037359900373599006	0	0.0	0.0	0.0024920093197943146	grnboost2_Microglia_B6J_adj
Slc8a1	1	0.0012453300124533001	1	0.0012453300124533001	0	0.0	0.0	1.8908200292825629e-06	grnboost2_Microglia_B6J_adj
Agfg1	2	0.0024906600249066002	2	0.0024906600249066002	0	0.0	0.0	0.0010714762981993843	grnboost2_Microglia_B6J_adj
Vmp1	1	0.0012453300124533001	1	0.0012453300124533001	0	0.0	0.0	0.024214366815945267	grnboost2_Microglia_B6J_adj
Kmt2c	1	0.0012453300124533001	1	0.0012453300124533001	0	0.0	0.0	0.013222547984145504	grnboost2_Microglia_B6J_adj
Rnf157	1	0.0012453300124533001	1	0.0012453300124533001	0	0.0	0.0	0.02419012381768307	grnboost2_Microglia_B6J_adj
Mtrex	1	0.0012453300124533001	1	0.0012453300124533001	0	0.0	0.0	0.010832494840816328	grnboost2_Microglia_B6J_adj
Ankrd44	1	0.0012453300124533001	1	0.0012453300124533001	0	0.0	0.0	1.885886588286732e-06	grnboost2_Microglia_B6J_adj
Rbm5	1	0.0012453300124533001	1	0.0012453300124533001	0	0.0	0.0	0.0009946714815587975	grnboost2_Microglia_B6J_adj
Kansl1	1	0.0012453300124533001	1	0.0012453300124533001	0	0.0	0.0	0.009640744208663505	grnboost2_Microglia_B6J_adj
Dnmt3a	1	0.0012453300124533001	1	0.0012453300124533001	0	0.0	0.0	0.001252144425811272	grnboost2_Microglia_B6J_adj
Calm1	1	0.0012453300124533001	1	0.0012453300124533001	0	0.0	0.0	3.1336152044340163e-06	grnboost2_Microglia_B6J_adj
Trip11	1	0.0012453300124533001	1	0.0012453300124533001	0	0.0	0.0	0.0009934074545342002	grnboost2_Microglia_B6J_adj
Mbnl1	1	0.0012453300124533001	1	0.0012453300124533001	0	0.0	0.0	1.880817336499688e-06	grnboost2_Microglia_B6J_adj
Tia1	1	0.0012453300124533001	0	0.0	1	0.0012453300124533001	0.0	2.2695417547809085e-05	grnboost2_Microglia_B6J_adj
Gcc2	2	0.0024906600249066002	2	0.0024906600249066002	0	0.0	0.0	0.0009426906038669725	grnboost2_Microglia_B6J_adj
Epc1	1	0.0012453300124533001	1	0.0012453300124533001	0	0.0	0.0	0.009608775503890207	grnboost2_Microglia_B6J_adj
Elmo2	1	0.0012453300124533001	1	0.0012453300124533001	0	0.0	0.0	0.009602704205712532	grnboost2_Microglia_B6J_adj
Luc7l3	1	0.0012453300124533001	1	0.0012453300124533001	0	0.0	0.0	0.000988659018904258	grnboost2_Microglia_B6J_adj
Nbeal1	1	0.0012453300124533001	1	0.0012453300124533001	0	0.0	0.0	0.0006417607690125609	grnboost2_Microglia_B6J_adj
Pcca	1	0.0012453300124533001	1	0.0012453300124533001	0	0.0	0.0	0.0002788182608038414	grnboost2_Microglia_B6J_adj
Eps15l1	1	0.0012453300124533001	1	0.0012453300124533001	0	0.0	0.0	0.013302383777301906	grnboost2_Microglia_B6J_adj
Dlg4	1	0.0012453300124533001	1	0.0012453300124533001	0	0.0	0.0	0.013083200891571493	grnboost2_Microglia_B6J_adj
Eif4g3	2	0.0024906600249066002	2	0.0024906600249066002	0	0.0	0.0	0.014258626417073145	grnboost2_Microglia_B6J_adj
Pid1	1	0.0012453300124533001	1	0.0012453300124533001	0	0.0	0.0	2.7129544677882625e-07	grnboost2_Microglia_B6J_adj
Rab3gap2	2	0.0024906600249066002	2	0.0024906600249066002	0	0.0	0.0	0.03637176451794927	grnboost2_Microglia_B6J_adj
Supt3	1	0.0012453300124533001	1	0.0012453300124533001	0	0.0	0.0	2.704629709860092e-07	grnboost2_Microglia_B6J_adj
Ctcf	1	0.0012453300124533001	0	0.0	1	0.0012453300124533001	0.0	0.0	grnboost2_Microglia_B6J_adj
Ripk1	1	0.0012453300124533001	1	0.0012453300124533001	0	0.0	0.0	0.0	grnboost2_Microglia_B6J_adj
4933406I18Rik	1	0.0012453300124533001	1	0.0012453300124533001	0	0.0	0.0	6.544297825728669e-07	grnboost2_Microglia_B6J_adj
Dync1i2	1	0.0012453300124533001	1	0.0012453300124533001	0	0.0	0.0	0.004002765834022592	grnboost2_Microglia_B6J_adj
Tnrc6b	2	0.0024906600249066002	2	0.0024906600249066002	0	0.0	0.0	0.032888131047908574	grnboost2_Microglia_B6J_adj
Tns3	1	0.0012453300124533001	1	0.0012453300124533001	0	0.0	0.0	1.8521511946449284e-06	grnboost2_Microglia_B6J_adj
Atp6v1b2	1	0.0012453300124533001	1	0.0012453300124533001	0	0.0	0.0	7.991617532074603e-06	grnboost2_Microglia_B6J_adj
Bcas3	1	0.0012453300124533001	1	0.0012453300124533001	0	0.0	0.0	0.013157391050777812	grnboost2_Microglia_B6J_adj
Wdfy3	1	0.0012453300124533001	1	0.0012453300124533001	0	0.0	0.0	0.013155409642204867	grnboost2_Microglia_B6J_adj
Atxn7l1	1	0.0012453300124533001	1	0.0012453300124533001	0	0.0	0.0	0.013148535140356042	grnboost2_Microglia_B6J_adj
N4bp2l2	4	0.0049813200498132005	4	0.0049813200498132005	0	0.0	0.0	0.03766511532627099	grnboost2_Microglia_B6J_adj
Tasp1	1	0.0012453300124533001	1	0.0012453300124533001	0	0.0	0.0	0.0012260240745049277	grnboost2_Microglia_B6J_adj
Impact	1	0.0012453300124533001	1	0.0012453300124533001	0	0.0	0.0	9.980957617541064e-05	grnboost2_Microglia_B6J_adj
Smg7	1	0.0012453300124533001	1	0.0012453300124533001	0	0.0	0.0	0.013092282374876212	grnboost2_Microglia_B6J_adj
Rev3l	1	0.0012453300124533001	1	0.0012453300124533001	0	0.0	0.0	0.013082071494100135	grnboost2_Microglia_B6J_adj
Grk3	1	0.0012453300124533001	1	0.0012453300124533001	0	0.0	0.0	0.0002563947241996527	grnboost2_Microglia_B6J_adj
Osbpl8	1	0.0012453300124533001	1	0.0012453300124533001	0	0.0	0.0	0.0011759065146302891	grnboost2_Microglia_B6J_adj
Aplp2	1	0.0012453300124533001	1	0.0012453300124533001	0	0.0	0.0	0.02348860095668897	grnboost2_Microglia_B6J_adj
Ddx5	1	0.0012453300124533001	1	0.0012453300124533001	0	0.0	0.0	0.0009662931924850368	grnboost2_Microglia_B6J_adj
Mitf	1	0.0012453300124533001	0	0.0	1	0.0012453300124533001	0.0	4.583244293069957e-21	grnboost2_Microglia_B6J_adj
Cep290	1	0.0012453300124533001	1	0.0012453300124533001	0	0.0	0.0	0.0	grnboost2_Microglia_B6J_adj
Zfp638	2	0.0024906600249066002	2	0.0024906600249066002	0	0.0	0.0	0.021421700348045816	grnboost2_Microglia_B6J_adj
Ttc7b	1	0.0012453300124533001	1	0.0012453300124533001	0	0.0	0.0	0.010497129724792791	grnboost2_Microglia_B6J_adj
Jmjd1c	1	0.0012453300124533001	1	0.0012453300124533001	0	0.0	0.0	0.012781399811919962	grnboost2_Microglia_B6J_adj
Mical3	3	0.0037359900373599006	3	0.0037359900373599006	0	0.0	0.0	0.03382022402062641	grnboost2_Microglia_B6J_adj
Rab12	1	0.0012453300124533001	1	0.0012453300124533001	0	0.0	0.0	0.00047553256396519505	grnboost2_Microglia_B6J_adj
Hcfc2	4	0.0049813200498132005	1	0.0012453300124533001	3	0.0037359900373599006	23.0	0.012502971367345267	grnboost2_Microglia_B6J_adj
Nr1d2	1	0.0012453300124533001	0	0.0	1	0.0012453300124533001	0.0	0.0	grnboost2_Microglia_B6J_adj
Ikzf2	1	0.0012453300124533001	1	0.0012453300124533001	0	0.0	0.0	0.0	grnboost2_Microglia_B6J_adj
Ppp2r5e	2	0.0024906600249066002	2	0.0024906600249066002	0	0.0	0.0	0.009044415954502373	grnboost2_Microglia_B6J_adj
Gnptab	1	0.0012453300124533001	1	0.0012453300124533001	0	0.0	0.0	0.0011659533477113002	grnboost2_Microglia_B6J_adj
Fam219a	1	0.0012453300124533001	1	0.0012453300124533001	0	0.0	0.0	0.0004153261457952536	grnboost2_Microglia_B6J_adj
Stxbp1	1	0.0012453300124533001	1	0.0012453300124533001	0	0.0	0.0	3.4586140054817784e-05	grnboost2_Microglia_B6J_adj
Septin11	1	0.0012453300124533001	1	0.0012453300124533001	0	0.0	0.0	0.0104138458086173	grnboost2_Microglia_B6J_adj
Atxn2	1	0.0012453300124533001	1	0.0012453300124533001	0	0.0	0.0	0.003914465638751646	grnboost2_Microglia_B6J_adj
Micu1	1	0.0012453300124533001	1	0.0012453300124533001	0	0.0	0.0	0.008898546229008592	grnboost2_Microglia_B6J_adj
Maml2	2	0.0024906600249066002	2	0.0024906600249066002	0	0.0	0.0	0.0005207975191939368	grnboost2_Microglia_B6J_adj
Pcnx	1	0.0012453300124533001	1	0.0012453300124533001	0	0.0	0.0	0.023161847225780848	grnboost2_Microglia_B6J_adj
Rad21	1	0.0012453300124533001	0	0.0	1	0.0012453300124533001	0.0	0.0	grnboost2_Microglia_B6J_adj
Nmd3	1	0.0012453300124533001	1	0.0012453300124533001	0	0.0	0.0	0.0	grnboost2_Microglia_B6J_adj
9930021J03Rik	1	0.0012453300124533001	1	0.0012453300124533001	0	0.0	0.0	0.01283154736361639	grnboost2_Microglia_B6J_adj
Agtpbp1	1	0.0012453300124533001	1	0.0012453300124533001	0	0.0	0.0	0.023078387645427044	grnboost2_Microglia_B6J_adj
Braf	1	0.0012453300124533001	1	0.0012453300124533001	0	0.0	0.0	0.012807831696277082	grnboost2_Microglia_B6J_adj
Hectd4	1	0.0012453300124533001	1	0.0012453300124533001	0	0.0	0.0	0.012593193253639577	grnboost2_Microglia_B6J_adj
Tmem44	1	0.0012453300124533001	1	0.0012453300124533001	0	0.0	0.0	0.009204379140372362	grnboost2_Microglia_B6J_adj
Lrmda	1	0.0012453300124533001	1	0.0012453300124533001	0	0.0	0.0	4.2186557451945597e-07	grnboost2_Microglia_B6J_adj
Slc23a2	1	0.0012453300124533001	1	0.0012453300124533001	0	0.0	0.0	0.0008104449091745908	grnboost2_Microglia_B6J_adj
Pcdh15	1	0.0012453300124533001	1	0.0012453300124533001	0	0.0	0.0	0.012754325534104131	grnboost2_Microglia_B6J_adj
Hk1	1	0.0012453300124533001	1	0.0012453300124533001	0	0.0	0.0	0.010284593892532772	grnboost2_Microglia_B6J_adj
Gtf3c1	1	0.0012453300124533001	1	0.0012453300124533001	0	0.0	0.0	0.008674222267953833	grnboost2_Microglia_B6J_adj
Dmxl1	1	0.0012453300124533001	1	0.0012453300124533001	0	0.0	0.0	0.010280488948940578	grnboost2_Microglia_B6J_adj
Virma	1	0.0012453300124533001	1	0.0012453300124533001	0	0.0	0.0	0.02294452773037004	grnboost2_Microglia_B6J_adj
Epb41	2	0.0024906600249066002	2	0.0024906600249066002	0	0.0	0.0	0.017777418627425396	grnboost2_Microglia_B6J_adj
Atp5c1	1	0.0012453300124533001	1	0.0012453300124533001	0	0.0	0.0	0.009152156328623779	grnboost2_Microglia_B6J_adj
Apba1	1	0.0012453300124533001	1	0.0012453300124533001	0	0.0	0.0	0.00924738114183882	grnboost2_Microglia_B6J_adj
Fam172a	1	0.0012453300124533001	1	0.0012453300124533001	0	0.0	0.0	0.012704807460143876	grnboost2_Microglia_B6J_adj
Atrx	2	0.0024906600249066002	2	0.0024906600249066002	0	0.0	0.0	0.031584888133669005	grnboost2_Microglia_B6J_adj
Zfp398	2	0.0024906600249066002	0	0.0	2	0.0024906600249066002	0.0	0.002924430139914192	grnboost2_Microglia_B6J_adj
Upp2	2	0.0024906600249066002	2	0.0024906600249066002	0	0.0	0.0	0.015789943397794055	grnboost2_Microglia_B6J_adj
Gm49797	1	0.0012453300124533001	1	0.0012453300124533001	0	0.0	0.0	0.0011838814062983388	grnboost2_Microglia_B6J_adj
Hlcs	2	0.0024906600249066002	0	0.0	2	0.0024906600249066002	0.0	0.0	grnboost2_Microglia_B6J_adj
Sgk3	1	0.0012453300124533001	1	0.0012453300124533001	0	0.0	0.0	0.0	grnboost2_Microglia_B6J_adj
Abi2	1	0.0012453300124533001	1	0.0012453300124533001	0	0.0	0.0	0.0004643993389844829	grnboost2_Microglia_B6J_adj
Tbc1d8	1	0.0012453300124533001	1	0.0012453300124533001	0	0.0	0.0	0.008723071734242147	grnboost2_Microglia_B6J_adj
Cdc42bpb	1	0.0012453300124533001	1	0.0012453300124533001	0	0.0	0.0	4.445940926229302e-05	grnboost2_Microglia_B6J_adj
Map2k4	1	0.0012453300124533001	1	0.0012453300124533001	0	0.0	0.0	0.0033147644261115206	grnboost2_Microglia_B6J_adj
Cdc27	1	0.0012453300124533001	1	0.0012453300124533001	0	0.0	0.0	0.0006007241416199724	grnboost2_Microglia_B6J_adj
Tbc1d19	1	0.0012453300124533001	1	0.0012453300124533001	0	0.0	0.0	0.010172904787865018	grnboost2_Microglia_B6J_adj
Dapk1	2	0.0024906600249066002	2	0.0024906600249066002	0	0.0	0.0	0.023618040971093792	grnboost2_Microglia_B6J_adj
Ip6k2	1	0.0012453300124533001	1	0.0012453300124533001	0	0.0	0.0	1.371564946516829e-06	grnboost2_Microglia_B6J_adj
Ist1	1	0.0012453300124533001	1	0.0012453300124533001	0	0.0	0.0	0.0009341146185653086	grnboost2_Microglia_B6J_adj
Cdc37l1	1	0.0012453300124533001	1	0.0012453300124533001	0	0.0	0.0	0.0011766942161910794	grnboost2_Microglia_B6J_adj
Rasa2	1	0.0012453300124533001	1	0.0012453300124533001	0	0.0	0.0	2.999953604819125e-06	grnboost2_Microglia_B6J_adj
Nipbl	1	0.0012453300124533001	1	0.0012453300124533001	0	0.0	0.0	0.012374220237843233	grnboost2_Microglia_B6J_adj
Galntl6	1	0.0012453300124533001	1	0.0012453300124533001	0	0.0	0.0	0.0010070345414100723	grnboost2_Microglia_B6J_adj
Ehbp1	1	0.0012453300124533001	1	0.0012453300124533001	0	0.0	0.0	0.010135975113354703	grnboost2_Microglia_B6J_adj
Larp4	1	0.0012453300124533001	0	0.0	1	0.0012453300124533001	0.0	0.0002259419499910665	grnboost2_Microglia_B6J_adj
Cstf3	1	0.0012453300124533001	1	0.0012453300124533001	0	0.0	0.0	0.010127853261150899	grnboost2_Microglia_B6J_adj
Pds5a	1	0.0012453300124533001	0	0.0	1	0.0012453300124533001	0.0	2.0132005772351977e-05	grnboost2_Microglia_B6J_adj
Aopep	1	0.0012453300124533001	1	0.0012453300124533001	0	0.0	0.0	0.003288737015857254	grnboost2_Microglia_B6J_adj
Arhgef7	1	0.0012453300124533001	1	0.0012453300124533001	0	0.0	0.0	0.012336624287181476	grnboost2_Microglia_B6J_adj
Ylpm1	1	0.0012453300124533001	1	0.0012453300124533001	0	0.0	0.0	0.0006038791672877881	grnboost2_Microglia_B6J_adj
Atf2	1	0.0012453300124533001	0	0.0	1	0.0012453300124533001	0.0	0.0	grnboost2_Microglia_B6J_adj
St7l	1	0.0012453300124533001	1	0.0012453300124533001	0	0.0	0.0	0.0	grnboost2_Microglia_B6J_adj
Apc	1	0.0012453300124533001	1	0.0012453300124533001	0	0.0	0.0	0.002194345812445479	grnboost2_Microglia_B6J_adj
Cdk8	1	0.0012453300124533001	1	0.0012453300124533001	0	0.0	0.0	0.0010022983280519263	grnboost2_Microglia_B6J_adj
Zwint	1	0.0012453300124533001	1	0.0012453300124533001	0	0.0	0.0	0.0010013364884831402	grnboost2_Microglia_B6J_adj
Iqsec2	1	0.0012453300124533001	1	0.0012453300124533001	0	0.0	0.0	0.010081977980680836	grnboost2_Microglia_B6J_adj
Dlgap4	1	0.0012453300124533001	1	0.0012453300124533001	0	0.0	0.0	0.01228467318363797	grnboost2_Microglia_B6J_adj
Son	1	0.0012453300124533001	1	0.0012453300124533001	0	0.0	0.0	0.0	grnboost2_Microglia_B6J_adj
Slc39a11	1	0.0012453300124533001	1	0.0012453300124533001	0	0.0	0.0	0.0032719748132435484	grnboost2_Microglia_B6J_adj
Aig1	1	0.0012453300124533001	1	0.0012453300124533001	0	0.0	0.0	0.009085321654570091	grnboost2_Microglia_B6J_adj
ENSMUSG00000036452.19	1	0.0012453300124533001	1	0.0012453300124533001	0	0.0	0.0	0.009084372699336773	grnboost2_Microglia_B6J_adj
Acaca	1	0.0012453300124533001	1	0.0012453300124533001	0	0.0	0.0	0.0011290203705645089	grnboost2_Microglia_B6J_adj
Dennd1b	2	0.0024906600249066002	2	0.0024906600249066002	0	0.0	0.0	0.03054796358785402	grnboost2_Microglia_B6J_adj
Irf2	1	0.0012453300124533001	0	0.0	1	0.0012453300124533001	0.0	0.001857549883349997	grnboost2_Microglia_B6J_adj
Tsc22d1	1	0.0012453300124533001	1	0.0012453300124533001	0	0.0	0.0	0.012426402606078586	grnboost2_Microglia_B6J_adj
Gas7	1	0.0012453300124533001	1	0.0012453300124533001	0	0.0	0.0	0.0011607951061452272	grnboost2_Microglia_B6J_adj
Fryl	1	0.0012453300124533001	1	0.0012453300124533001	0	0.0	0.0	0.0011603729426645116	grnboost2_Microglia_B6J_adj
Fubp1	1	0.0012453300124533001	1	0.0012453300124533001	0	0.0	0.0	0.0037601305319754723	grnboost2_Microglia_B6J_adj
Mkln1	1	0.0012453300124533001	1	0.0012453300124533001	0	0.0	0.0	0.0027227616824253664	grnboost2_Microglia_B6J_adj
Bod1l	1	0.0012453300124533001	1	0.0012453300124533001	0	0.0	0.0	0.012193945018364122	grnboost2_Microglia_B6J_adj
Nfatc3	1	0.0012453300124533001	0	0.0	1	0.0012453300124533001	0.0	0.0	grnboost2_Microglia_B6J_adj
Knop1	1	0.0012453300124533001	1	0.0012453300124533001	0	0.0	0.0	0.0	grnboost2_Microglia_B6J_adj
Ppp2r2a	1	0.0012453300124533001	1	0.0012453300124533001	0	0.0	0.0	0.022305411936064484	grnboost2_Microglia_B6J_adj
Hspa12a	1	0.0012453300124533001	1	0.0012453300124533001	0	0.0	0.0	0.02229115346839604	grnboost2_Microglia_B6J_adj
Ahcyl2	2	0.0024906600249066002	2	0.0024906600249066002	0	0.0	0.0	0.034494151829877945	grnboost2_Microglia_B6J_adj
Mast4	1	0.0012453300124533001	1	0.0012453300124533001	0	0.0	0.0	0.009976636763617222	grnboost2_Microglia_B6J_adj
Erbb4	1	0.0012453300124533001	1	0.0012453300124533001	0	0.0	0.0	0.0009881104138155788	grnboost2_Microglia_B6J_adj
Dlc1	1	0.0012453300124533001	1	0.0012453300124533001	0	0.0	0.0	7.654028996509846e-05	grnboost2_Microglia_B6J_adj
Man2a1	1	0.0012453300124533001	1	0.0012453300124533001	0	0.0	0.0	0.0007711560283822164	grnboost2_Microglia_B6J_adj
Vwa8	1	0.0012453300124533001	1	0.0012453300124533001	0	0.0	0.0	0.008846117072040912	grnboost2_Microglia_B6J_adj
Ehmt1	1	0.0012453300124533001	1	0.0012453300124533001	0	0.0	0.0	2.8682004115854855e-06	grnboost2_Microglia_B6J_adj
Chchd3	1	0.0012453300124533001	1	0.0012453300124533001	0	0.0	0.0	0.008923885036751946	grnboost2_Microglia_B6J_adj
Nmt2	2	0.0024906600249066002	2	0.0024906600249066002	0	0.0	0.0	0.03036001475316047	grnboost2_Microglia_B6J_adj
Pik3r1	1	0.0012453300124533001	1	0.0012453300124533001	0	0.0	0.0	3.312194875154018e-05	grnboost2_Microglia_B6J_adj
Slc6a6	1	0.0012453300124533001	1	0.0012453300124533001	0	0.0	0.0	0.012021126736441918	grnboost2_Microglia_B6J_adj
Arntl	2	0.0024906600249066002	0	0.0	2	0.0024906600249066002	0.0	0.0031519883715377286	grnboost2_Microglia_B6J_adj
Arglu1	1	0.0012453300124533001	1	0.0012453300124533001	0	0.0	0.0	0.0009048980858184925	grnboost2_Microglia_B6J_adj
Rabgap1	1	0.0012453300124533001	1	0.0012453300124533001	0	0.0	0.0	0.008874210015377216	grnboost2_Microglia_B6J_adj
Babam2	1	0.0012453300124533001	1	0.0012453300124533001	0	0.0	0.0	0.003696535593966893	grnboost2_Microglia_B6J_adj
Tra2a	1	0.0012453300124533001	1	0.0012453300124533001	0	0.0	0.0	0.0011024717942838917	grnboost2_Microglia_B6J_adj
Magi3	1	0.0012453300124533001	1	0.0012453300124533001	0	0.0	0.0	0.021897583517438864	grnboost2_Microglia_B6J_adj
Zfp280c	1	0.0012453300124533001	1	0.0012453300124533001	0	0.0	0.0	0.0011356623496935822	grnboost2_Microglia_B6J_adj
Vps13d	1	0.0012453300124533001	1	0.0012453300124533001	0	0.0	0.0	0.011956006310457245	grnboost2_Microglia_B6J_adj
Ppp1r12a	1	0.0012453300124533001	1	0.0012453300124533001	0	0.0	0.0	0.00014271358682474368	grnboost2_Microglia_B6J_adj
Plcb4	1	0.0012453300124533001	1	0.0012453300124533001	0	0.0	0.0	0.0001779888780111926	grnboost2_Microglia_B6J_adj
Nhsl2	1	0.0012453300124533001	1	0.0012453300124533001	0	0.0	0.0	6.890747761286035e-05	grnboost2_Microglia_B6J_adj
Prrc2b	1	0.0012453300124533001	1	0.0012453300124533001	0	0.0	0.0	0.0005775643688421274	grnboost2_Microglia_B6J_adj
Arhgef12	1	0.0012453300124533001	1	0.0012453300124533001	0	0.0	0.0	0.008720758729716702	grnboost2_Microglia_B6J_adj
Tango2	1	0.0012453300124533001	1	0.0012453300124533001	0	0.0	0.0	0.00975947757120228	grnboost2_Microglia_B6J_adj
Golgb1	1	0.0012453300124533001	1	0.0012453300124533001	0	0.0	0.0	0.0008965668199333723	grnboost2_Microglia_B6J_adj
Rabep1	1	0.0012453300124533001	1	0.0012453300124533001	0	0.0	0.0	0.008694981659720755	grnboost2_Microglia_B6J_adj
Ncoa3	1	0.0012453300124533001	0	0.0	1	0.0012453300124533001	0.0	7.625397262192441e-07	grnboost2_Microglia_B6J_adj
Zmym2	1	0.0012453300124533001	1	0.0012453300124533001	0	0.0	0.0	0.008685167128043183	grnboost2_Microglia_B6J_adj
Dync2h1	1	0.0012453300124533001	1	0.0012453300124533001	0	0.0	0.0	0.0005810668509261463	grnboost2_Microglia_B6J_adj
Rbpj	11	0.013496932515337423	0	0.0	11	0.013496932515337423	0.0	0.0010143981004504562	grnboost2_Microglia_CASTJ_adj
Itsn1	3	0.0036809815950920245	3	0.0036809815950920245	0	0.0	0.0	0.0028399833766449105	grnboost2_Microglia_CASTJ_adj
Foxp1	180	0.22085889570552147	6	0.007361963190184049	174	0.2134969325153374	2160.0	1.0	grnboost2_Microglia_CASTJ_adj
Kcnq5	8	0.0098159509202454	8	0.0098159509202454	0	0.0	0.0	0.23301239930058779	grnboost2_Microglia_CASTJ_adj
Rbms1	71	0.08711656441717791	3	0.0036809815950920245	68	0.0834355828220859	555.0	0.45338687137245287	grnboost2_Microglia_CASTJ_adj
Pde10a	8	0.0098159509202454	8	0.0098159509202454	0	0.0	0.0	0.24088216496173442	grnboost2_Microglia_CASTJ_adj
Rora	159	0.1950920245398773	6	0.007361963190184049	153	0.18773006134969325	3723.0	0.7621469054222918	grnboost2_Microglia_CASTJ_adj
Ctnnd2	6	0.007361963190184049	6	0.007361963190184049	0	0.0	0.0	0.15476881887561722	grnboost2_Microglia_CASTJ_adj
Msi2	16	0.0196319018404908	1	0.001226993865030675	15	0.018404907975460124	142.0	0.004342281075485088	grnboost2_Microglia_CASTJ_adj
Slc1a2	3	0.0036809815950920245	3	0.0036809815950920245	0	0.0	0.0	0.0006155168584690118	grnboost2_Microglia_CASTJ_adj
Phactr1	8	0.0098159509202454	8	0.0098159509202454	0	0.0	0.0	0.18541414501280487	grnboost2_Microglia_CASTJ_adj
Nrxn3	9	0.011042944785276074	9	0.011042944785276074	0	0.0	0.0	0.17719929759425307	grnboost2_Microglia_CASTJ_adj
Mbnl2	74	0.09079754601226994	1	0.001226993865030675	73	0.08957055214723926	137.0	0.40562150915699985	grnboost2_Microglia_CASTJ_adj
Ppp3ca	6	0.007361963190184049	6	0.007361963190184049	0	0.0	0.0	0.16799914750742245	grnboost2_Microglia_CASTJ_adj
Grm5	8	0.0098159509202454	8	0.0098159509202454	0	0.0	0.0	0.20398646617542948	grnboost2_Microglia_CASTJ_adj
Prkcb	9	0.011042944785276074	9	0.011042944785276074	0	0.0	0.0	0.19028565125234467	grnboost2_Microglia_CASTJ_adj
Celf4	97	0.11901840490797547	7	0.008588957055214725	90	0.11042944785276074	2028.0	0.3451658706098329	grnboost2_Microglia_CASTJ_adj
Slit3	6	0.007361963190184049	6	0.007361963190184049	0	0.0	0.0	0.10900065974702075	grnboost2_Microglia_CASTJ_adj
Il1rapl1	8	0.0098159509202454	8	0.0098159509202454	0	0.0	0.0	0.1783992087568475	grnboost2_Microglia_CASTJ_adj
Hmbox1	70	0.08588957055214724	2	0.00245398773006135	68	0.0834355828220859	141.0	0.31325507003328423	grnboost2_Microglia_CASTJ_adj
Pde7b	9	0.011042944785276074	9	0.011042944785276074	0	0.0	0.0	0.1191563174123752	grnboost2_Microglia_CASTJ_adj
Dgkb	7	0.008588957055214725	7	0.008588957055214725	0	0.0	0.0	0.16482502975051808	grnboost2_Microglia_CASTJ_adj
Ank3	8	0.0098159509202454	8	0.0098159509202454	0	0.0	0.0	0.19137094701423005	grnboost2_Microglia_CASTJ_adj
Klf12	40	0.049079754601226995	1	0.001226993865030675	39	0.04785276073619632	165.0	0.15527300746630843	grnboost2_Microglia_CASTJ_adj
Kcnip4	8	0.0098159509202454	8	0.0098159509202454	0	0.0	0.0	0.08975807727371397	grnboost2_Microglia_CASTJ_adj
Rbfox1	9	0.011042944785276074	9	0.011042944785276074	0	0.0	0.0	0.20974603822982013	grnboost2_Microglia_CASTJ_adj
Grid1	8	0.0098159509202454	8	0.0098159509202454	0	0.0	0.0	0.16382225445679952	grnboost2_Microglia_CASTJ_adj
Mtf2	28	0.0343558282208589	1	0.001226993865030675	27	0.033128834355828224	321.0	0.026180951345713622	grnboost2_Microglia_CASTJ_adj
Map1b	5	0.006134969325153374	5	0.006134969325153374	0	0.0	0.0	0.008592064016088473	grnboost2_Microglia_CASTJ_adj
Mef2c	83	0.10184049079754601	0	0.0	83	0.10184049079754601	0.0	0.2428118602581609	grnboost2_Microglia_CASTJ_adj
Sgcz	12	0.014723926380368098	12	0.014723926380368098	0	0.0	0.0	0.1674753500717967	grnboost2_Microglia_CASTJ_adj
Gria1	8	0.0098159509202454	8	0.0098159509202454	0	0.0	0.0	0.21470705298844006	grnboost2_Microglia_CASTJ_adj
Smad4	2	0.00245398773006135	0	0.0	2	0.00245398773006135	0.0	4.5944271076605416e-20	grnboost2_Microglia_CASTJ_adj
Scaf11	1	0.001226993865030675	1	0.001226993865030675	0	0.0	0.0	1.007511282384661e-19	grnboost2_Microglia_CASTJ_adj
Ryr3	9	0.011042944785276074	9	0.011042944785276074	0	0.0	0.0	0.22797075333384534	grnboost2_Microglia_CASTJ_adj
Kcnd2	7	0.008588957055214725	7	0.008588957055214725	0	0.0	0.0	0.17814374846017056	grnboost2_Microglia_CASTJ_adj
Gria3	4	0.0049079754601227	4	0.0049079754601227	0	0.0	0.0	0.10055115303779116	grnboost2_Microglia_CASTJ_adj
Foxn3	19	0.023312883435582823	2	0.00245398773006135	17	0.020858895705521473	337.0	0.010716658055682978	grnboost2_Microglia_CASTJ_adj
Plxdc2	5	0.006134969325153374	5	0.006134969325153374	0	0.0	0.0	0.011327471677915963	grnboost2_Microglia_CASTJ_adj
Sorbs1	6	0.007361963190184049	6	0.007361963190184049	0	0.0	0.0	0.12580355558535056	grnboost2_Microglia_CASTJ_adj
Rbfox2	84	0.10306748466257669	4	0.0049079754601227	80	0.09815950920245399	2345.0	0.15006981519289897	grnboost2_Microglia_CASTJ_adj
Fry	6	0.007361963190184049	6	0.007361963190184049	0	0.0	0.0	0.07489933231931462	grnboost2_Microglia_CASTJ_adj
Dse	1	0.001226993865030675	1	0.001226993865030675	0	0.0	0.0	6.959087808018033e-05	grnboost2_Microglia_CASTJ_adj
Kcnq3	6	0.007361963190184049	6	0.007361963190184049	0	0.0	0.0	0.1517889567559182	grnboost2_Microglia_CASTJ_adj
Rfx3	72	0.08834355828220859	4	0.0049079754601227	68	0.0834355828220859	147.0	0.49306469139456083	grnboost2_Microglia_CASTJ_adj
Adgrl3	8	0.0098159509202454	8	0.0098159509202454	0	0.0	0.0	0.1506464846953819	grnboost2_Microglia_CASTJ_adj
Dpp6	6	0.007361963190184049	6	0.007361963190184049	0	0.0	0.0	0.13012636970615407	grnboost2_Microglia_CASTJ_adj
Gpr158	6	0.007361963190184049	6	0.007361963190184049	0	0.0	0.0	0.1431952017776436	grnboost2_Microglia_CASTJ_adj
Nr3c2	68	0.0834355828220859	1	0.001226993865030675	67	0.08220858895705521	281.0	0.27692504124598144	grnboost2_Microglia_CASTJ_adj
Malat1	14	0.01717791411042945	14	0.01717791411042945	0	0.0	0.0	0.14594203046724474	grnboost2_Microglia_CASTJ_adj
Dcc	9	0.011042944785276074	9	0.011042944785276074	0	0.0	0.0	0.17667188636713976	grnboost2_Microglia_CASTJ_adj
Syne1	8	0.0098159509202454	8	0.0098159509202454	0	0.0	0.0	0.06525904704560086	grnboost2_Microglia_CASTJ_adj
Pbx1	35	0.04294478527607362	3	0.0036809815950920245	32	0.0392638036809816	1508.0	0.0766832575032905	grnboost2_Microglia_CASTJ_adj
Trpm3	4	0.0049079754601227	4	0.0049079754601227	0	0.0	0.0	0.03621431400145736	grnboost2_Microglia_CASTJ_adj
Ncor1	30	0.03680981595092025	1	0.001226993865030675	29	0.03558282208588957	39.0	0.012481499751420213	grnboost2_Microglia_CASTJ_adj
Snhg11	9	0.011042944785276074	9	0.011042944785276074	0	0.0	0.0	0.005310741272888181	grnboost2_Microglia_CASTJ_adj
Gabrb3	8	0.0098159509202454	8	0.0098159509202454	0	0.0	0.0	0.16710844235673727	grnboost2_Microglia_CASTJ_adj
Msra	75	0.09202453987730061	0	0.0	75	0.09202453987730061	0.0	0.2589511349590957	grnboost2_Microglia_CASTJ_adj
Celf2	11	0.013496932515337423	11	0.013496932515337423	0	0.0	0.0	0.15312058551635152	grnboost2_Microglia_CASTJ_adj
Cntnap5a	8	0.0098159509202454	8	0.0098159509202454	0	0.0	0.0	0.16234661383118684	grnboost2_Microglia_CASTJ_adj
Frmpd4	7	0.008588957055214725	7	0.008588957055214725	0	0.0	0.0	0.16603122926828573	grnboost2_Microglia_CASTJ_adj
Ap2a2	1	0.001226993865030675	1	0.001226993865030675	0	0.0	0.0	6.419257386561678e-05	grnboost2_Microglia_CASTJ_adj
Scmh1	34	0.04171779141104295	0	0.0	34	0.04171779141104295	0.0	0.0810708615076768	grnboost2_Microglia_CASTJ_adj
Cntnap2	9	0.011042944785276074	9	0.011042944785276074	0	0.0	0.0	0.10285568596019529	grnboost2_Microglia_CASTJ_adj
B3galt1	5	0.006134969325153374	5	0.006134969325153374	0	0.0	0.0	0.05640983649898406	grnboost2_Microglia_CASTJ_adj
A330023F24Rik	3	0.0036809815950920245	3	0.0036809815950920245	0	0.0	0.0	0.08017670893516153	grnboost2_Microglia_CASTJ_adj
Plcb1	7	0.008588957055214725	7	0.008588957055214725	0	0.0	0.0	0.06168411822172696	grnboost2_Microglia_CASTJ_adj
Kirrel3	7	0.008588957055214725	7	0.008588957055214725	0	0.0	0.0	0.15423222457268915	grnboost2_Microglia_CASTJ_adj
Ntm	4	0.0049079754601227	4	0.0049079754601227	0	0.0	0.0	0.04121079641720897	grnboost2_Microglia_CASTJ_adj
Dnmt3a	20	0.024539877300613498	0	0.0	20	0.024539877300613498	0.0	0.09015006633862341	grnboost2_Microglia_CASTJ_adj
Mrtfb	7	0.008588957055214725	7	0.008588957055214725	0	0.0	0.0	0.15016870593242734	grnboost2_Microglia_CASTJ_adj
Samd12	8	0.0098159509202454	8	0.0098159509202454	0	0.0	0.0	0.09510992573013131	grnboost2_Microglia_CASTJ_adj
Rims2	5	0.006134969325153374	5	0.006134969325153374	0	0.0	0.0	0.06984145615502073	grnboost2_Microglia_CASTJ_adj
Cacnb2	3	0.0036809815950920245	3	0.0036809815950920245	0	0.0	0.0	0.10834217767425679	grnboost2_Microglia_CASTJ_adj
Syt1	6	0.007361963190184049	6	0.007361963190184049	0	0.0	0.0	0.08527475127936258	grnboost2_Microglia_CASTJ_adj
Thoc2	29	0.03558282208588957	2	0.00245398773006135	27	0.033128834355828224	1795.0	0.02649418273277739	grnboost2_Microglia_CASTJ_adj
Camk2a	7	0.008588957055214725	7	0.008588957055214725	0	0.0	0.0	0.008717371921295876	grnboost2_Microglia_CASTJ_adj
Anks1b	7	0.008588957055214725	7	0.008588957055214725	0	0.0	0.0	0.14817356383941938	grnboost2_Microglia_CASTJ_adj
Cacna2d3	10	0.012269938650306749	10	0.012269938650306749	0	0.0	0.0	0.19940963885797997	grnboost2_Microglia_CASTJ_adj
Atxn1	6	0.007361963190184049	6	0.007361963190184049	0	0.0	0.0	0.1639179267746058	grnboost2_Microglia_CASTJ_adj
Gnao1	6	0.007361963190184049	6	0.007361963190184049	0	0.0	0.0	0.047731757741121254	grnboost2_Microglia_CASTJ_adj
Chsy3	5	0.006134969325153374	5	0.006134969325153374	0	0.0	0.0	0.07736486348270205	grnboost2_Microglia_CASTJ_adj
Phf21a	29	0.03558282208588957	1	0.001226993865030675	28	0.0343558282208589	28.0	0.07890057797314876	grnboost2_Microglia_CASTJ_adj
Srgap3	3	0.0036809815950920245	3	0.0036809815950920245	0	0.0	0.0	0.05689971211435199	grnboost2_Microglia_CASTJ_adj
Utrn	6	0.007361963190184049	6	0.007361963190184049	0	0.0	0.0	0.09947523169569507	grnboost2_Microglia_CASTJ_adj
Grin2b	10	0.012269938650306749	10	0.012269938650306749	0	0.0	0.0	0.18651845353645138	grnboost2_Microglia_CASTJ_adj
Lrrtm4	4	0.0049079754601227	4	0.0049079754601227	0	0.0	0.0	0.02266032094079126	grnboost2_Microglia_CASTJ_adj
Negr1	8	0.0098159509202454	8	0.0098159509202454	0	0.0	0.0	0.11147982261076367	grnboost2_Microglia_CASTJ_adj
Pclo	5	0.006134969325153374	5	0.006134969325153374	0	0.0	0.0	0.0022085736471225558	grnboost2_Microglia_CASTJ_adj
Mical3	5	0.006134969325153374	5	0.006134969325153374	0	0.0	0.0	0.09203702933086609	grnboost2_Microglia_CASTJ_adj
Tenm2	8	0.0098159509202454	8	0.0098159509202454	0	0.0	0.0	0.08946766336118592	grnboost2_Microglia_CASTJ_adj
Bcr	4	0.0049079754601227	4	0.0049079754601227	0	0.0	0.0	0.102850601681865	grnboost2_Microglia_CASTJ_adj
Lrrc7	10	0.012269938650306749	10	0.012269938650306749	0	0.0	0.0	0.1809588338220963	grnboost2_Microglia_CASTJ_adj
Ewsr1	22	0.026993865030674847	0	0.0	22	0.026993865030674847	0.0	0.0018978068450779327	grnboost2_Microglia_CASTJ_adj
Srrm2	5	0.006134969325153374	5	0.006134969325153374	0	0.0	0.0	0.0004402839113348851	grnboost2_Microglia_CASTJ_adj
Xkr6	4	0.0049079754601227	4	0.0049079754601227	0	0.0	0.0	0.09678488644007571	grnboost2_Microglia_CASTJ_adj
Ntrk3	7	0.008588957055214725	7	0.008588957055214725	0	0.0	0.0	0.1204560630604074	grnboost2_Microglia_CASTJ_adj
Fgf14	9	0.011042944785276074	9	0.011042944785276074	0	0.0	0.0	0.14205519838489108	grnboost2_Microglia_CASTJ_adj
Cnksr2	10	0.012269938650306749	10	0.012269938650306749	0	0.0	0.0	0.14506426843699488	grnboost2_Microglia_CASTJ_adj
Alcam	7	0.008588957055214725	7	0.008588957055214725	0	0.0	0.0	0.14025867678489132	grnboost2_Microglia_CASTJ_adj
Itpr1	7	0.008588957055214725	7	0.008588957055214725	0	0.0	0.0	0.11651659718030151	grnboost2_Microglia_CASTJ_adj
Grik2	8	0.0098159509202454	8	0.0098159509202454	0	0.0	0.0	0.16296067865727265	grnboost2_Microglia_CASTJ_adj
Tcf4	11	0.013496932515337423	0	0.0	11	0.013496932515337423	0.0	0.021740069335625098	grnboost2_Microglia_CASTJ_adj
Macrod2	9	0.011042944785276074	9	0.011042944785276074	0	0.0	0.0	0.1671977528772136	grnboost2_Microglia_CASTJ_adj
Farp1	1	0.001226993865030675	1	0.001226993865030675	0	0.0	0.0	0.00024007328732083647	grnboost2_Microglia_CASTJ_adj
Cadm2	10	0.012269938650306749	10	0.012269938650306749	0	0.0	0.0	0.16042957374546285	grnboost2_Microglia_CASTJ_adj
Gria2	7	0.008588957055214725	7	0.008588957055214725	0	0.0	0.0	0.011516284601291536	grnboost2_Microglia_CASTJ_adj
Phf8	4	0.0049079754601227	0	0.0	4	0.0049079754601227	0.0	0.0038828777701964594	grnboost2_Microglia_CASTJ_adj
Rab6b	3	0.0036809815950920245	3	0.0036809815950920245	0	0.0	0.0	0.009147311962553814	grnboost2_Microglia_CASTJ_adj
Large1	7	0.008588957055214725	7	0.008588957055214725	0	0.0	0.0	0.12187465224908947	grnboost2_Microglia_CASTJ_adj
Tnr	6	0.007361963190184049	6	0.007361963190184049	0	0.0	0.0	0.07981341289704769	grnboost2_Microglia_CASTJ_adj
Adgrb3	8	0.0098159509202454	8	0.0098159509202454	0	0.0	0.0	0.13717079977661828	grnboost2_Microglia_CASTJ_adj
Lsamp	5	0.006134969325153374	5	0.006134969325153374	0	0.0	0.0	0.10068977395522201	grnboost2_Microglia_CASTJ_adj
Zeb2	28	0.0343558282208589	1	0.001226993865030675	27	0.033128834355828224	24.0	0.0029464305106678447	grnboost2_Microglia_CASTJ_adj
Exoc6b	1	0.001226993865030675	1	0.001226993865030675	0	0.0	0.0	0.00016037443094840014	grnboost2_Microglia_CASTJ_adj
Stox2	6	0.007361963190184049	6	0.007361963190184049	0	0.0	0.0	0.10730472619115129	grnboost2_Microglia_CASTJ_adj
Snrnp70	30	0.03680981595092025	0	0.0	30	0.03680981595092025	0.0	0.013360674424579565	grnboost2_Microglia_CASTJ_adj
Plekha5	9	0.011042944785276074	9	0.011042944785276074	0	0.0	0.0	0.104796720556023	grnboost2_Microglia_CASTJ_adj
Dapk1	3	0.0036809815950920245	3	0.0036809815950920245	0	0.0	0.0	0.06843740154559055	grnboost2_Microglia_CASTJ_adj
Zswim6	3	0.0036809815950920245	3	0.0036809815950920245	0	0.0	0.0	0.09927231294100776	grnboost2_Microglia_CASTJ_adj
Ube2e2	6	0.007361963190184049	6	0.007361963190184049	0	0.0	0.0	0.035951681956966866	grnboost2_Microglia_CASTJ_adj
Slc6a6	4	0.0049079754601227	4	0.0049079754601227	0	0.0	0.0	0.055815608797568673	grnboost2_Microglia_CASTJ_adj
Cntn4	7	0.008588957055214725	7	0.008588957055214725	0	0.0	0.0	0.112210846417733	grnboost2_Microglia_CASTJ_adj
Cers6	8	0.0098159509202454	0	0.0	8	0.0098159509202454	0.0	0.010057196568145835	grnboost2_Microglia_CASTJ_adj
Setbp1	31	0.03803680981595092	1	0.001226993865030675	30	0.03680981595092025	346.0	0.03375051031761098	grnboost2_Microglia_CASTJ_adj
Meg3	7	0.008588957055214725	7	0.008588957055214725	0	0.0	0.0	0.07739466714345457	grnboost2_Microglia_CASTJ_adj
Tanc2	4	0.0049079754601227	4	0.0049079754601227	0	0.0	0.0	0.007786813002005351	grnboost2_Microglia_CASTJ_adj
Strn	3	0.0036809815950920245	3	0.0036809815950920245	0	0.0	0.0	0.07223068423638321	grnboost2_Microglia_CASTJ_adj
Grm3	7	0.008588957055214725	7	0.008588957055214725	0	0.0	0.0	0.073499017368644	grnboost2_Microglia_CASTJ_adj
Epb41l3	5	0.006134969325153374	5	0.006134969325153374	0	0.0	0.0	0.019621394454858575	grnboost2_Microglia_CASTJ_adj
Zfp148	10	0.012269938650306749	0	0.0	10	0.012269938650306749	0.0	0.029229198522596752	grnboost2_Microglia_CASTJ_adj
Map2	6	0.007361963190184049	6	0.007361963190184049	0	0.0	0.0	0.04980929114618643	grnboost2_Microglia_CASTJ_adj
Nin	5	0.006134969325153374	5	0.006134969325153374	0	0.0	0.0	0.05255174426329823	grnboost2_Microglia_CASTJ_adj
Slc9a9	2	0.00245398773006135	2	0.00245398773006135	0	0.0	0.0	0.00577235662947928	grnboost2_Microglia_CASTJ_adj
Mdga2	7	0.008588957055214725	7	0.008588957055214725	0	0.0	0.0	0.08237631805383054	grnboost2_Microglia_CASTJ_adj
Gabrb1	5	0.006134969325153374	5	0.006134969325153374	0	0.0	0.0	0.10699870482753499	grnboost2_Microglia_CASTJ_adj
Gm26871	6	0.007361963190184049	6	0.007361963190184049	0	0.0	0.0	0.10384340118353978	grnboost2_Microglia_CASTJ_adj
Zbtb38	5	0.006134969325153374	0	0.0	5	0.006134969325153374	0.0	1.4730571684324918e-05	grnboost2_Microglia_CASTJ_adj
Hdac4	1	0.001226993865030675	1	0.001226993865030675	0	0.0	0.0	7.55901790703313e-07	grnboost2_Microglia_CASTJ_adj
Nlgn1	10	0.012269938650306749	10	0.012269938650306749	0	0.0	0.0	0.14216097300605116	grnboost2_Microglia_CASTJ_adj
Zfhx2	10	0.012269938650306749	0	0.0	10	0.012269938650306749	0.0	0.001990093438519622	grnboost2_Microglia_CASTJ_adj
Aff4	16	0.0196319018404908	1	0.001226993865030675	15	0.018404907975460124	105.0	0.00125384732919586	grnboost2_Microglia_CASTJ_adj
Cyth1	2	0.00245398773006135	2	0.00245398773006135	0	0.0	0.0	0.014596430305152758	grnboost2_Microglia_CASTJ_adj
Zfp407	6	0.007361963190184049	0	0.0	6	0.007361963190184049	0.0	0.049837008324139814	grnboost2_Microglia_CASTJ_adj
Ssbp2	1	0.001226993865030675	1	0.001226993865030675	0	0.0	0.0	0.05070979711951554	grnboost2_Microglia_CASTJ_adj
Sergef	2	0.00245398773006135	2	0.00245398773006135	0	0.0	0.0	0.024460969888239727	grnboost2_Microglia_CASTJ_adj
Rab11fip3	3	0.0036809815950920245	3	0.0036809815950920245	0	0.0	0.0	0.025047497757489226	grnboost2_Microglia_CASTJ_adj
Camta1	2	0.00245398773006135	2	0.00245398773006135	0	0.0	0.0	0.0013083719240151153	grnboost2_Microglia_CASTJ_adj
Pou2f1	10	0.012269938650306749	2	0.00245398773006135	8	0.0098159509202454	46.0	0.030956705345439112	grnboost2_Microglia_CASTJ_adj
Grid2	6	0.007361963190184049	6	0.007361963190184049	0	0.0	0.0	0.11370119627314403	grnboost2_Microglia_CASTJ_adj
Pde8b	9	0.011042944785276074	9	0.011042944785276074	0	0.0	0.0	0.10711510633305082	grnboost2_Microglia_CASTJ_adj
Focad	5	0.006134969325153374	5	0.006134969325153374	0	0.0	0.0	0.02639238424843765	grnboost2_Microglia_CASTJ_adj
Mapk1	33	0.04049079754601227	2	0.00245398773006135	31	0.03803680981595092	144.0	0.09371013286410798	grnboost2_Microglia_CASTJ_adj
Rgs7bp	3	0.0036809815950920245	3	0.0036809815950920245	0	0.0	0.0	0.06321363257474936	grnboost2_Microglia_CASTJ_adj
ENSMUSG00000062991.10	4	0.0049079754601227	4	0.0049079754601227	0	0.0	0.0	0.061078153093975414	grnboost2_Microglia_CASTJ_adj
Zfp950	2	0.00245398773006135	0	0.0	2	0.00245398773006135	0.0	0.001681693533560465	grnboost2_Microglia_CASTJ_adj
Homer1	2	0.00245398773006135	2	0.00245398773006135	0	0.0	0.0	0.00016527010594861186	grnboost2_Microglia_CASTJ_adj
Unc80	6	0.007361963190184049	6	0.007361963190184049	0	0.0	0.0	0.013687468619510411	grnboost2_Microglia_CASTJ_adj
Pde4b	3	0.0036809815950920245	3	0.0036809815950920245	0	0.0	0.0	0.0034220447303168577	grnboost2_Microglia_CASTJ_adj
Ctnna2	7	0.008588957055214725	7	0.008588957055214725	0	0.0	0.0	0.07247524391401156	grnboost2_Microglia_CASTJ_adj
Zfhx3	17	0.020858895705521473	3	0.0036809815950920245	14	0.01717791411042945	26.0	0.00870647667906211	grnboost2_Microglia_CASTJ_adj
Csmd1	7	0.008588957055214725	7	0.008588957055214725	0	0.0	0.0	0.09007041128758043	grnboost2_Microglia_CASTJ_adj
Ssbp3	5	0.006134969325153374	1	0.001226993865030675	4	0.0049079754601227	27.0	0.020646792855718927	grnboost2_Microglia_CASTJ_adj
Dmd	1	0.001226993865030675	1	0.001226993865030675	0	0.0	0.0	0.0010029087351277586	grnboost2_Microglia_CASTJ_adj
Grip1	6	0.007361963190184049	6	0.007361963190184049	0	0.0	0.0	0.09746022285304431	grnboost2_Microglia_CASTJ_adj
Kmt2a	12	0.014723926380368098	3	0.0036809815950920245	9	0.011042944785276074	112.0	0.00020693964998042496	grnboost2_Microglia_CASTJ_adj
Dlg4	1	0.001226993865030675	1	0.001226993865030675	0	0.0	0.0	1.0040696483283594e-05	grnboost2_Microglia_CASTJ_adj
Gabrg3	7	0.008588957055214725	7	0.008588957055214725	0	0.0	0.0	0.1267133983971945	grnboost2_Microglia_CASTJ_adj
Kcnb2	2	0.00245398773006135	2	0.00245398773006135	0	0.0	0.0	0.017213121337105657	grnboost2_Microglia_CASTJ_adj
Dgkh	5	0.006134969325153374	5	0.006134969325153374	0	0.0	0.0	0.054657199589297226	grnboost2_Microglia_CASTJ_adj
Arl15	2	0.00245398773006135	2	0.00245398773006135	0	0.0	0.0	0.02246531105605703	grnboost2_Microglia_CASTJ_adj
Pde1b	4	0.0049079754601227	4	0.0049079754601227	0	0.0	0.0	0.08514714904001144	grnboost2_Microglia_CASTJ_adj
Fat3	6	0.007361963190184049	6	0.007361963190184049	0	0.0	0.0	0.04318490289055981	grnboost2_Microglia_CASTJ_adj
Lrp1b	6	0.007361963190184049	6	0.007361963190184049	0	0.0	0.0	0.12445564382657157	grnboost2_Microglia_CASTJ_adj
Tenm3	6	0.007361963190184049	6	0.007361963190184049	0	0.0	0.0	0.06877971598468288	grnboost2_Microglia_CASTJ_adj
Smc3	1	0.001226993865030675	0	0.0	1	0.001226993865030675	0.0	0.0	grnboost2_Microglia_CASTJ_adj
Rrp1b	1	0.001226993865030675	1	0.001226993865030675	0	0.0	0.0	0.0	grnboost2_Microglia_CASTJ_adj
Mllt3	5	0.006134969325153374	5	0.006134969325153374	0	0.0	0.0	0.023769127340870666	grnboost2_Microglia_CASTJ_adj
Dok6	7	0.008588957055214725	7	0.008588957055214725	0	0.0	0.0	0.09902064540247538	grnboost2_Microglia_CASTJ_adj
Dgki	5	0.006134969325153374	5	0.006134969325153374	0	0.0	0.0	0.06035732948620874	grnboost2_Microglia_CASTJ_adj
Rian	6	0.007361963190184049	6	0.007361963190184049	0	0.0	0.0	0.0787855438887989	grnboost2_Microglia_CASTJ_adj
Myt1l	9	0.011042944785276074	9	0.011042944785276074	0	0.0	0.0	0.10020718327350112	grnboost2_Microglia_CASTJ_adj
Ptprn2	8	0.0098159509202454	8	0.0098159509202454	0	0.0	0.0	0.096009850666982	grnboost2_Microglia_CASTJ_adj
Rapgef5	4	0.0049079754601227	4	0.0049079754601227	0	0.0	0.0	0.008995008076491373	grnboost2_Microglia_CASTJ_adj
Mef2a	23	0.02822085889570552	0	0.0	23	0.02822085889570552	0.0	0.004444538032688717	grnboost2_Microglia_CASTJ_adj
Chd2	4	0.0049079754601227	0	0.0	4	0.0049079754601227	0.0	4.65844685305203e-05	grnboost2_Microglia_CASTJ_adj
Zfyve9	2	0.00245398773006135	2	0.00245398773006135	0	0.0	0.0	0.0009354009150037262	grnboost2_Microglia_CASTJ_adj
Cntn1	6	0.007361963190184049	6	0.007361963190184049	0	0.0	0.0	0.13480617068276926	grnboost2_Microglia_CASTJ_adj
Gtf2i	10	0.012269938650306749	0	0.0	10	0.012269938650306749	0.0	0.002492067478515295	grnboost2_Microglia_CASTJ_adj
Sipa1l1	3	0.0036809815950920245	3	0.0036809815950920245	0	0.0	0.0	0.06362184196237607	grnboost2_Microglia_CASTJ_adj
Stau2	14	0.01717791411042945	1	0.001226993865030675	13	0.015950920245398775	254.0	0.019313475158714434	grnboost2_Microglia_CASTJ_adj
Kalrn	3	0.0036809815950920245	3	0.0036809815950920245	0	0.0	0.0	0.002080155763959167	grnboost2_Microglia_CASTJ_adj
Ppp1r9a	4	0.0049079754601227	4	0.0049079754601227	0	0.0	0.0	0.05869305787429752	grnboost2_Microglia_CASTJ_adj
Esrrg	28	0.0343558282208589	3	0.0036809815950920245	25	0.03067484662576687	177.0	0.1221527981911863	grnboost2_Microglia_CASTJ_adj
Snhg14	11	0.013496932515337423	11	0.013496932515337423	0	0.0	0.0	0.004501560785710478	grnboost2_Microglia_CASTJ_adj
Ppfia2	5	0.006134969325153374	5	0.006134969325153374	0	0.0	0.0	0.05435293219815851	grnboost2_Microglia_CASTJ_adj
Zbtb20	16	0.0196319018404908	2	0.00245398773006135	14	0.01717791411042945	617.0	0.037744397133444414	grnboost2_Microglia_CASTJ_adj
Ppp2r2b	6	0.007361963190184049	6	0.007361963190184049	0	0.0	0.0	0.037178594278547604	grnboost2_Microglia_CASTJ_adj
Ctdspl	4	0.0049079754601227	4	0.0049079754601227	0	0.0	0.0	0.09893547279224991	grnboost2_Microglia_CASTJ_adj
Zfp445	9	0.011042944785276074	1	0.001226993865030675	8	0.0098159509202454	463.0	0.0022628508774497204	grnboost2_Microglia_CASTJ_adj
Egfem1	4	0.0049079754601227	4	0.0049079754601227	0	0.0	0.0	0.00010735237085415198	grnboost2_Microglia_CASTJ_adj
Mga	8	0.0098159509202454	0	0.0	8	0.0098159509202454	0.0	0.01176455683980006	grnboost2_Microglia_CASTJ_adj
Dtnb	5	0.006134969325153374	5	0.006134969325153374	0	0.0	0.0	0.010886889342741147	grnboost2_Microglia_CASTJ_adj
Sptan1	2	0.00245398773006135	2	0.00245398773006135	0	0.0	0.0	0.0012446978334285242	grnboost2_Microglia_CASTJ_adj
Hivep3	8	0.0098159509202454	0	0.0	8	0.0098159509202454	0.0	0.013094165129061754	grnboost2_Microglia_CASTJ_adj
Erc2	9	0.011042944785276074	9	0.011042944785276074	0	0.0	0.0	0.038286900755572895	grnboost2_Microglia_CASTJ_adj
Hs6st3	8	0.0098159509202454	8	0.0098159509202454	0	0.0	0.0	0.08565733099519669	grnboost2_Microglia_CASTJ_adj
Nr3c1	28	0.0343558282208589	0	0.0	28	0.0343558282208589	0.0	0.08501951866249732	grnboost2_Microglia_CASTJ_adj
Zdhhc14	1	0.001226993865030675	1	0.001226993865030675	0	0.0	0.0	0.04494702905832909	grnboost2_Microglia_CASTJ_adj
Pcdh7	6	0.007361963190184049	6	0.007361963190184049	0	0.0	0.0	0.006110606340456459	grnboost2_Microglia_CASTJ_adj
Man1c1	1	0.001226993865030675	1	0.001226993865030675	0	0.0	0.0	4.5212321693480055e-05	grnboost2_Microglia_CASTJ_adj
Tnik	7	0.008588957055214725	7	0.008588957055214725	0	0.0	0.0	0.10588684239457004	grnboost2_Microglia_CASTJ_adj
Bptf	30	0.03680981595092025	0	0.0	30	0.03680981595092025	0.0	0.006775857413847003	grnboost2_Microglia_CASTJ_adj
Srek1	2	0.00245398773006135	2	0.00245398773006135	0	0.0	0.0	0.0006630215713606399	grnboost2_Microglia_CASTJ_adj
Ncam1	4	0.0049079754601227	4	0.0049079754601227	0	0.0	0.0	0.042402860290316806	grnboost2_Microglia_CASTJ_adj
Cnnm2	3	0.0036809815950920245	3	0.0036809815950920245	0	0.0	0.0	0.025598083430775163	grnboost2_Microglia_CASTJ_adj
R3hdm2	9	0.011042944785276074	1	0.001226993865030675	8	0.0098159509202454	21.0	0.0014799333167843773	grnboost2_Microglia_CASTJ_adj
Ntrk2	6	0.007361963190184049	6	0.007361963190184049	0	0.0	0.0	0.026634060856914183	grnboost2_Microglia_CASTJ_adj
Kdm4c	5	0.006134969325153374	1	0.001226993865030675	4	0.0049079754601227	39.0	0.02982910386944418	grnboost2_Microglia_CASTJ_adj
Fgf12	4	0.0049079754601227	4	0.0049079754601227	0	0.0	0.0	0.04025016812500519	grnboost2_Microglia_CASTJ_adj
Kcnip3	1	0.001226993865030675	1	0.001226993865030675	0	0.0	0.0	0.033178129919844646	grnboost2_Microglia_CASTJ_adj
Klf7	8	0.0098159509202454	0	0.0	8	0.0098159509202454	0.0	0.006747521114647764	grnboost2_Microglia_CASTJ_adj
Arntl	3	0.0036809815950920245	1	0.001226993865030675	2	0.00245398773006135	2.0	0.003252441045875311	grnboost2_Microglia_CASTJ_adj
Rev1	2	0.00245398773006135	2	0.00245398773006135	0	0.0	0.0	0.01508385843393285	grnboost2_Microglia_CASTJ_adj
Uxs1	1	0.001226993865030675	1	0.001226993865030675	0	0.0	0.0	0.006496188205372748	grnboost2_Microglia_CASTJ_adj
Zzz3	2	0.00245398773006135	0	0.0	2	0.00245398773006135	0.0	0.002347339173077994	grnboost2_Microglia_CASTJ_adj
Frmd4a	3	0.0036809815950920245	3	0.0036809815950920245	0	0.0	0.0	0.02234875683607721	grnboost2_Microglia_CASTJ_adj
Mctp1	4	0.0049079754601227	4	0.0049079754601227	0	0.0	0.0	0.08252373460287526	grnboost2_Microglia_CASTJ_adj
Kctd16	6	0.007361963190184049	6	0.007361963190184049	0	0.0	0.0	0.08468099941405761	grnboost2_Microglia_CASTJ_adj
Dock4	4	0.0049079754601227	4	0.0049079754601227	0	0.0	0.0	0.006655517964107465	grnboost2_Microglia_CASTJ_adj
Cpeb3	3	0.0036809815950920245	3	0.0036809815950920245	0	0.0	0.0	0.006790385881879689	grnboost2_Microglia_CASTJ_adj
Lrrfip1	7	0.008588957055214725	0	0.0	7	0.008588957055214725	0.0	0.002128343377612529	grnboost2_Microglia_CASTJ_adj
Clasp2	4	0.0049079754601227	4	0.0049079754601227	0	0.0	0.0	0.01799047359478144	grnboost2_Microglia_CASTJ_adj
Tenm4	4	0.0049079754601227	4	0.0049079754601227	0	0.0	0.0	0.036475739213832174	grnboost2_Microglia_CASTJ_adj
Epha6	7	0.008588957055214725	7	0.008588957055214725	0	0.0	0.0	0.09089113798724732	grnboost2_Microglia_CASTJ_adj
Arhgef9	3	0.0036809815950920245	3	0.0036809815950920245	0	0.0	0.0	0.06760703557694568	grnboost2_Microglia_CASTJ_adj
Fars2	2	0.00245398773006135	2	0.00245398773006135	0	0.0	0.0	0.03247305991165165	grnboost2_Microglia_CASTJ_adj
Atp2b2	5	0.006134969325153374	5	0.006134969325153374	0	0.0	0.0	0.03870936457314687	grnboost2_Microglia_CASTJ_adj
Zcchc7	2	0.00245398773006135	2	0.00245398773006135	0	0.0	0.0	0.03653057231993598	grnboost2_Microglia_CASTJ_adj
Gtf2ird1	2	0.00245398773006135	0	0.0	2	0.00245398773006135	0.0	0.002247913116247418	grnboost2_Microglia_CASTJ_adj
Ryr2	7	0.008588957055214725	7	0.008588957055214725	0	0.0	0.0	0.0011993471287703704	grnboost2_Microglia_CASTJ_adj
Gphn	5	0.006134969325153374	5	0.006134969325153374	0	0.0	0.0	0.04038075640696245	grnboost2_Microglia_CASTJ_adj
Pde4dip	2	0.00245398773006135	2	0.00245398773006135	0	0.0	0.0	0.015628879725523417	grnboost2_Microglia_CASTJ_adj
Ahi1	8	0.0098159509202454	8	0.0098159509202454	0	0.0	0.0	0.0012621703144376618	grnboost2_Microglia_CASTJ_adj
Thrb	17	0.020858895705521473	2	0.00245398773006135	15	0.018404907975460124	346.0	0.0335978110309744	grnboost2_Microglia_CASTJ_adj
Cacna1e	8	0.0098159509202454	8	0.0098159509202454	0	0.0	0.0	0.042121324085169914	grnboost2_Microglia_CASTJ_adj
Nav3	5	0.006134969325153374	5	0.006134969325153374	0	0.0	0.0	0.009963572388993893	grnboost2_Microglia_CASTJ_adj
Pcdh9	5	0.006134969325153374	5	0.006134969325153374	0	0.0	0.0	0.03361758660823216	grnboost2_Microglia_CASTJ_adj
Rtn1	4	0.0049079754601227	4	0.0049079754601227	0	0.0	0.0	0.09173201914423884	grnboost2_Microglia_CASTJ_adj
Golga4	2	0.00245398773006135	2	0.00245398773006135	0	0.0	0.0	0.0007096443873965881	grnboost2_Microglia_CASTJ_adj
Sik3	2	0.00245398773006135	2	0.00245398773006135	0	0.0	0.0	0.06346901439670509	grnboost2_Microglia_CASTJ_adj
Cacnb4	4	0.0049079754601227	4	0.0049079754601227	0	0.0	0.0	0.008909226667175738	grnboost2_Microglia_CASTJ_adj
Vwa8	4	0.0049079754601227	4	0.0049079754601227	0	0.0	0.0	0.04267143692168779	grnboost2_Microglia_CASTJ_adj
Prkce	5	0.006134969325153374	5	0.006134969325153374	0	0.0	0.0	0.04677113842763257	grnboost2_Microglia_CASTJ_adj
Ahdc1	11	0.013496932515337423	0	0.0	11	0.013496932515337423	0.0	0.019959378118261525	grnboost2_Microglia_CASTJ_adj
Gprasp1	1	0.001226993865030675	1	0.001226993865030675	0	0.0	0.0	0.0008272828850115637	grnboost2_Microglia_CASTJ_adj
Nono	2	0.00245398773006135	0	0.0	2	0.00245398773006135	0.0	0.0019556110811715633	grnboost2_Microglia_CASTJ_adj
Dlgap1	6	0.007361963190184049	6	0.007361963190184049	0	0.0	0.0	0.04615871346394979	grnboost2_Microglia_CASTJ_adj
Dlgap2	6	0.007361963190184049	6	0.007361963190184049	0	0.0	0.0	0.1029801755326706	grnboost2_Microglia_CASTJ_adj
Zeb1	13	0.015950920245398775	1	0.001226993865030675	12	0.014723926380368098	141.0	0.03826932742262744	grnboost2_Microglia_CASTJ_adj
Trps1	8	0.0098159509202454	3	0.0036809815950920245	5	0.006134969325153374	76.0	0.006782259717069155	grnboost2_Microglia_CASTJ_adj
Otud7a	6	0.007361963190184049	6	0.007361963190184049	0	0.0	0.0	0.07016241133966276	grnboost2_Microglia_CASTJ_adj
Gmcl1	3	0.0036809815950920245	3	0.0036809815950920245	0	0.0	0.0	0.004035435696855484	grnboost2_Microglia_CASTJ_adj
Lrrc4c	7	0.008588957055214725	7	0.008588957055214725	0	0.0	0.0	0.09483188249935129	grnboost2_Microglia_CASTJ_adj
Gria4	7	0.008588957055214725	7	0.008588957055214725	0	0.0	0.0	0.08745547700257161	grnboost2_Microglia_CASTJ_adj
Herc1	2	0.00245398773006135	2	0.00245398773006135	0	0.0	0.0	0.006280330287756387	grnboost2_Microglia_CASTJ_adj
Ube2k	3	0.0036809815950920245	0	0.0	3	0.0036809815950920245	0.0	0.002099648556229461	grnboost2_Microglia_CASTJ_adj
Srpk2	1	0.001226993865030675	1	0.001226993865030675	0	0.0	0.0	8.556249589886322e-05	grnboost2_Microglia_CASTJ_adj
Kdm7a	4	0.0049079754601227	0	0.0	4	0.0049079754601227	0.0	0.0020441295057388315	grnboost2_Microglia_CASTJ_adj
Atp2b1	6	0.007361963190184049	6	0.007361963190184049	0	0.0	0.0	0.07176022290378303	grnboost2_Microglia_CASTJ_adj
Sfxn5	1	0.001226993865030675	1	0.001226993865030675	0	0.0	0.0	0.00017586029113734363	grnboost2_Microglia_CASTJ_adj
Kazn	4	0.0049079754601227	4	0.0049079754601227	0	0.0	0.0	0.06785877259515517	grnboost2_Microglia_CASTJ_adj
Hivep1	1	0.001226993865030675	0	0.0	1	0.001226993865030675	0.0	0.0	grnboost2_Microglia_CASTJ_adj
Atp9b	1	0.001226993865030675	1	0.001226993865030675	0	0.0	0.0	0.0	grnboost2_Microglia_CASTJ_adj
Robo1	6	0.007361963190184049	6	0.007361963190184049	0	0.0	0.0	0.060544709523794024	grnboost2_Microglia_CASTJ_adj
Magi2	3	0.0036809815950920245	3	0.0036809815950920245	0	0.0	0.0	0.013104987989078165	grnboost2_Microglia_CASTJ_adj
Mbd5	3	0.0036809815950920245	3	0.0036809815950920245	0	0.0	0.0	0.06778620005761743	grnboost2_Microglia_CASTJ_adj
Nav2	4	0.0049079754601227	4	0.0049079754601227	0	0.0	0.0	0.009254402272565375	grnboost2_Microglia_CASTJ_adj
Nfat5	5	0.006134969325153374	0	0.0	5	0.006134969325153374	0.0	0.00019594963324232653	grnboost2_Microglia_CASTJ_adj
Cdc42bpa	4	0.0049079754601227	4	0.0049079754601227	0	0.0	0.0	0.011927587039360992	grnboost2_Microglia_CASTJ_adj
Ptk2b	2	0.00245398773006135	2	0.00245398773006135	0	0.0	0.0	0.021269819131034276	grnboost2_Microglia_CASTJ_adj
Atp2a2	3	0.0036809815950920245	3	0.0036809815950920245	0	0.0	0.0	0.0008375155542229886	grnboost2_Microglia_CASTJ_adj
Nkain2	6	0.007361963190184049	6	0.007361963190184049	0	0.0	0.0	0.047836408417028575	grnboost2_Microglia_CASTJ_adj
Commd10	1	0.001226993865030675	1	0.001226993865030675	0	0.0	0.0	0.03913713617773799	grnboost2_Microglia_CASTJ_adj
Sntg1	7	0.008588957055214725	7	0.008588957055214725	0	0.0	0.0	0.09436337853330586	grnboost2_Microglia_CASTJ_adj
Brinp1	3	0.0036809815950920245	3	0.0036809815950920245	0	0.0	0.0	0.0032265748663975486	grnboost2_Microglia_CASTJ_adj
Spock1	3	0.0036809815950920245	3	0.0036809815950920245	0	0.0	0.0	0.023249235011941975	grnboost2_Microglia_CASTJ_adj
Ccnt2	11	0.013496932515337423	1	0.001226993865030675	10	0.012269938650306749	7.0	0.0006405101203179051	grnboost2_Microglia_CASTJ_adj
Nme7	2	0.00245398773006135	2	0.00245398773006135	0	0.0	0.0	0.013016988234794899	grnboost2_Microglia_CASTJ_adj
Arid5b	1	0.001226993865030675	0	0.0	1	0.001226993865030675	0.0	0.00017300590783371538	grnboost2_Microglia_CASTJ_adj
Psd3	5	0.006134969325153374	5	0.006134969325153374	0	0.0	0.0	0.004446532023578771	grnboost2_Microglia_CASTJ_adj
Rnf150	5	0.006134969325153374	5	0.006134969325153374	0	0.0	0.0	0.08456830798191348	grnboost2_Microglia_CASTJ_adj
Svil	2	0.00245398773006135	2	0.00245398773006135	0	0.0	0.0	0.012578790667589329	grnboost2_Microglia_CASTJ_adj
Mgll	3	0.0036809815950920245	3	0.0036809815950920245	0	0.0	0.0	0.002416119318173306	grnboost2_Microglia_CASTJ_adj
Zc3h7a	1	0.001226993865030675	0	0.0	1	0.001226993865030675	0.0	4.6138122286572453e-08	grnboost2_Microglia_CASTJ_adj
Shank1	2	0.00245398773006135	2	0.00245398773006135	0	0.0	0.0	1.1944344346765078e-06	grnboost2_Microglia_CASTJ_adj
Aebp2	1	0.001226993865030675	0	0.0	1	0.001226993865030675	0.0	1.965546648554912e-21	grnboost2_Microglia_CASTJ_adj
Tsc1	1	0.001226993865030675	1	0.001226993865030675	0	0.0	0.0	1.8273774070959557e-21	grnboost2_Microglia_CASTJ_adj
Eml6	2	0.00245398773006135	2	0.00245398773006135	0	0.0	0.0	0.01871517283938986	grnboost2_Microglia_CASTJ_adj
Dlg2	4	0.0049079754601227	4	0.0049079754601227	0	0.0	0.0	0.07890684341179521	grnboost2_Microglia_CASTJ_adj
Zfp512	1	0.001226993865030675	0	0.0	1	0.001226993865030675	0.0	1.2157987924338503e-20	grnboost2_Microglia_CASTJ_adj
Scamp5	1	0.001226993865030675	1	0.001226993865030675	0	0.0	0.0	0.0	grnboost2_Microglia_CASTJ_adj
Bckdhb	1	0.001226993865030675	1	0.001226993865030675	0	0.0	0.0	0.00011306620609407176	grnboost2_Microglia_CASTJ_adj
Ndrg3	3	0.0036809815950920245	3	0.0036809815950920245	0	0.0	0.0	0.001118240489385945	grnboost2_Microglia_CASTJ_adj
Cdk17	2	0.00245398773006135	2	0.00245398773006135	0	0.0	0.0	0.01273615650147339	grnboost2_Microglia_CASTJ_adj
Cacna2d1	6	0.007361963190184049	6	0.007361963190184049	0	0.0	0.0	0.029008403947979926	grnboost2_Microglia_CASTJ_adj
Arel1	1	0.001226993865030675	1	0.001226993865030675	0	0.0	0.0	0.03815046266876566	grnboost2_Microglia_CASTJ_adj
Akap6	4	0.0049079754601227	4	0.0049079754601227	0	0.0	0.0	0.04115612170116743	grnboost2_Microglia_CASTJ_adj
Sorbs2	5	0.006134969325153374	5	0.006134969325153374	0	0.0	0.0	0.07245327897304307	grnboost2_Microglia_CASTJ_adj
Tcf12	6	0.007361963190184049	2	0.00245398773006135	4	0.0049079754601227	102.0	0.018162649012097826	grnboost2_Microglia_CASTJ_adj
Nfia	8	0.0098159509202454	2	0.00245398773006135	6	0.007361963190184049	399.0	0.001952997188468809	grnboost2_Microglia_CASTJ_adj
Slc1a3	4	0.0049079754601227	4	0.0049079754601227	0	0.0	0.0	0.0012136599830722364	grnboost2_Microglia_CASTJ_adj
Gpm6b	5	0.006134969325153374	5	0.006134969325153374	0	0.0	0.0	0.026782151496702686	grnboost2_Microglia_CASTJ_adj
Ppip5k1	1	0.001226993865030675	1	0.001226993865030675	0	0.0	0.0	0.005676123874210827	grnboost2_Microglia_CASTJ_adj
Adgrl2	4	0.0049079754601227	4	0.0049079754601227	0	0.0	0.0	0.09398150733550749	grnboost2_Microglia_CASTJ_adj
Cacna1c	6	0.007361963190184049	6	0.007361963190184049	0	0.0	0.0	0.057829064321268484	grnboost2_Microglia_CASTJ_adj
Vps13b	1	0.001226993865030675	1	0.001226993865030675	0	0.0	0.0	0.009773292770758005	grnboost2_Microglia_CASTJ_adj
Ncor2	23	0.02822085889570552	2	0.00245398773006135	21	0.025766871165644172	565.0	0.0037668043622674733	grnboost2_Microglia_CASTJ_adj
Rn18s-rs5	2	0.00245398773006135	2	0.00245398773006135	0	0.0	0.0	0.006774048084002148	grnboost2_Microglia_CASTJ_adj
Prkg1	2	0.00245398773006135	2	0.00245398773006135	0	0.0	0.0	0.013520652977213828	grnboost2_Microglia_CASTJ_adj
Kcnh7	2	0.00245398773006135	2	0.00245398773006135	0	0.0	0.0	0.00022601225604593672	grnboost2_Microglia_CASTJ_adj
App	3	0.0036809815950920245	3	0.0036809815950920245	0	0.0	0.0	0.017078801346457038	grnboost2_Microglia_CASTJ_adj
Xrcc4	7	0.008588957055214725	0	0.0	7	0.008588957055214725	0.0	0.007928747463753352	grnboost2_Microglia_CASTJ_adj
Ttc3	7	0.008588957055214725	7	0.008588957055214725	0	0.0	0.0	0.041045609096918616	grnboost2_Microglia_CASTJ_adj
Tbc1d4	1	0.001226993865030675	1	0.001226993865030675	0	0.0	0.0	3.764931834802499e-05	grnboost2_Microglia_CASTJ_adj
Dgkz	1	0.001226993865030675	1	0.001226993865030675	0	0.0	0.0	0.00013977895895943865	grnboost2_Microglia_CASTJ_adj
Ybx1	2	0.00245398773006135	1	0.001226993865030675	1	0.001226993865030675	1.0	1.363124168864763e-20	grnboost2_Microglia_CASTJ_adj
Prpf40a	1	0.001226993865030675	1	0.001226993865030675	0	0.0	0.0	0.0	grnboost2_Microglia_CASTJ_adj
Bdp1	5	0.006134969325153374	0	0.0	5	0.006134969325153374	0.0	0.0010254947101302713	grnboost2_Microglia_CASTJ_adj
Mosmo	1	0.001226993865030675	1	0.001226993865030675	0	0.0	0.0	0.0006731731835222904	grnboost2_Microglia_CASTJ_adj
Hivep2	8	0.0098159509202454	1	0.001226993865030675	7	0.008588957055214725	590.0	0.01937992997556872	grnboost2_Microglia_CASTJ_adj
Gpm6a	6	0.007361963190184049	6	0.007361963190184049	0	0.0	0.0	0.027446803396063292	grnboost2_Microglia_CASTJ_adj
Zfp318	1	0.001226993865030675	1	0.001226993865030675	0	0.0	0.0	0.0004904497588781798	grnboost2_Microglia_CASTJ_adj
Mecp2	6	0.007361963190184049	0	0.0	6	0.007361963190184049	0.0	0.0028590968219263184	grnboost2_Microglia_CASTJ_adj
Mast4	1	0.001226993865030675	1	0.001226993865030675	0	0.0	0.0	0.00010783603307862101	grnboost2_Microglia_CASTJ_adj
Git2	2	0.00245398773006135	0	0.0	2	0.00245398773006135	0.0	0.0	grnboost2_Microglia_CASTJ_adj
Traf3	1	0.001226993865030675	1	0.001226993865030675	0	0.0	0.0	0.0	grnboost2_Microglia_CASTJ_adj
Elmo1	2	0.00245398773006135	2	0.00245398773006135	0	0.0	0.0	0.006067308200117732	grnboost2_Microglia_CASTJ_adj
Nrxn1	2	0.00245398773006135	2	0.00245398773006135	0	0.0	0.0	0.029763487999183758	grnboost2_Microglia_CASTJ_adj
Kdm5b	5	0.006134969325153374	1	0.001226993865030675	4	0.0049079754601227	6.0	0.00010024195360346856	grnboost2_Microglia_CASTJ_adj
Pex5l	2	0.00245398773006135	2	0.00245398773006135	0	0.0	0.0	4.620552410196134e-06	grnboost2_Microglia_CASTJ_adj
Mir99ahg	5	0.006134969325153374	5	0.006134969325153374	0	0.0	0.0	0.00941519072806568	grnboost2_Microglia_CASTJ_adj
Robo2	6	0.007361963190184049	6	0.007361963190184049	0	0.0	0.0	0.04635462567719021	grnboost2_Microglia_CASTJ_adj
Dock9	1	0.001226993865030675	1	0.001226993865030675	0	0.0	0.0	0.0004743112585810149	grnboost2_Microglia_CASTJ_adj
Trp53bp1	2	0.00245398773006135	2	0.00245398773006135	0	0.0	0.0	0.0009489070711351589	grnboost2_Microglia_CASTJ_adj
A230057D06Rik	2	0.00245398773006135	2	0.00245398773006135	0	0.0	0.0	0.044434825113071515	grnboost2_Microglia_CASTJ_adj
Sgms1	1	0.001226993865030675	1	0.001226993865030675	0	0.0	0.0	0.005619418901861611	grnboost2_Microglia_CASTJ_adj
Srgap2	2	0.00245398773006135	2	0.00245398773006135	0	0.0	0.0	0.00642709505254481	grnboost2_Microglia_CASTJ_adj
Xist	1	0.001226993865030675	1	0.001226993865030675	0	0.0	0.0	0.027410188063706143	grnboost2_Microglia_CASTJ_adj
Hace1	3	0.0036809815950920245	3	0.0036809815950920245	0	0.0	0.0	0.05837026145255565	grnboost2_Microglia_CASTJ_adj
Vps13c	1	0.001226993865030675	1	0.001226993865030675	0	0.0	0.0	0.0004787254502786944	grnboost2_Microglia_CASTJ_adj
Pkn2	1	0.001226993865030675	1	0.001226993865030675	0	0.0	0.0	0.0012085288947050257	grnboost2_Microglia_CASTJ_adj
Smarca4	9	0.011042944785276074	1	0.001226993865030675	8	0.0098159509202454	72.0	3.87795431935534e-05	grnboost2_Microglia_CASTJ_adj
Etv5	4	0.0049079754601227	0	0.0	4	0.0049079754601227	0.0	2.716323758006509e-05	grnboost2_Microglia_CASTJ_adj
Gm21992	1	0.001226993865030675	1	0.001226993865030675	0	0.0	0.0	9.693631639153808e-07	grnboost2_Microglia_CASTJ_adj
Tusc3	4	0.0049079754601227	4	0.0049079754601227	0	0.0	0.0	0.06596891451839357	grnboost2_Microglia_CASTJ_adj
Trim2	2	0.00245398773006135	2	0.00245398773006135	0	0.0	0.0	0.010784820638800366	grnboost2_Microglia_CASTJ_adj
Pak1	2	0.00245398773006135	2	0.00245398773006135	0	0.0	0.0	8.481287585543324e-05	grnboost2_Microglia_CASTJ_adj
Iqsec1	1	0.001226993865030675	1	0.001226993865030675	0	0.0	0.0	0.027071378809444588	grnboost2_Microglia_CASTJ_adj
Ptprd	4	0.0049079754601227	4	0.0049079754601227	0	0.0	0.0	0.012457028293642931	grnboost2_Microglia_CASTJ_adj
Ndfip2	1	0.001226993865030675	1	0.001226993865030675	0	0.0	0.0	7.251467012754673e-05	grnboost2_Microglia_CASTJ_adj
Inpp5d	1	0.001226993865030675	1	0.001226993865030675	0	0.0	0.0	0.0003086182110133193	grnboost2_Microglia_CASTJ_adj
Prrc2c	2	0.00245398773006135	2	0.00245398773006135	0	0.0	0.0	0.00019347413410011126	grnboost2_Microglia_CASTJ_adj
Ncam2	3	0.0036809815950920245	3	0.0036809815950920245	0	0.0	0.0	0.01781163203443685	grnboost2_Microglia_CASTJ_adj
Micu3	4	0.0049079754601227	4	0.0049079754601227	0	0.0	0.0	0.014242420760427456	grnboost2_Microglia_CASTJ_adj
Rapgef6	2	0.00245398773006135	2	0.00245398773006135	0	0.0	0.0	0.047968359617068766	grnboost2_Microglia_CASTJ_adj
Hltf	1	0.001226993865030675	0	0.0	1	0.001226993865030675	0.0	0.0	grnboost2_Microglia_CASTJ_adj
Pknox1	1	0.001226993865030675	1	0.001226993865030675	0	0.0	0.0	0.0	grnboost2_Microglia_CASTJ_adj
Papola	1	0.001226993865030675	1	0.001226993865030675	0	0.0	0.0	6.696452064416097e-05	grnboost2_Microglia_CASTJ_adj
Cntn5	3	0.0036809815950920245	3	0.0036809815950920245	0	0.0	0.0	0.027806705884045844	grnboost2_Microglia_CASTJ_adj
Dnaaf9	4	0.0049079754601227	4	0.0049079754601227	0	0.0	0.0	0.0010563591467689297	grnboost2_Microglia_CASTJ_adj
Macf1	3	0.0036809815950920245	3	0.0036809815950920245	0	0.0	0.0	0.020554789303136915	grnboost2_Microglia_CASTJ_adj
Nptn	5	0.006134969325153374	5	0.006134969325153374	0	0.0	0.0	0.08236486192960274	grnboost2_Microglia_CASTJ_adj
Smg7	2	0.00245398773006135	2	0.00245398773006135	0	0.0	0.0	0.00010219885066186195	grnboost2_Microglia_CASTJ_adj
Trio	2	0.00245398773006135	2	0.00245398773006135	0	0.0	0.0	0.0004930969506970721	grnboost2_Microglia_CASTJ_adj
Maml3	4	0.0049079754601227	4	0.0049079754601227	0	0.0	0.0	0.0073137364028797265	grnboost2_Microglia_CASTJ_adj
Gbf1	1	0.001226993865030675	1	0.001226993865030675	0	0.0	0.0	0.015842539493033797	grnboost2_Microglia_CASTJ_adj
Mgat4c	4	0.0049079754601227	4	0.0049079754601227	0	0.0	0.0	0.03498890767315563	grnboost2_Microglia_CASTJ_adj
Ric8b	3	0.0036809815950920245	3	0.0036809815950920245	0	0.0	0.0	0.035184082502305994	grnboost2_Microglia_CASTJ_adj
Cplane1	1	0.001226993865030675	1	0.001226993865030675	0	0.0	0.0	2.2205270381486343e-05	grnboost2_Microglia_CASTJ_adj
Wwp1	1	0.001226993865030675	1	0.001226993865030675	0	0.0	0.0	3.513777676647391e-05	grnboost2_Microglia_CASTJ_adj
Abr	1	0.001226993865030675	1	0.001226993865030675	0	0.0	0.0	6.889437197767957e-05	grnboost2_Microglia_CASTJ_adj
Mbd1	3	0.0036809815950920245	1	0.001226993865030675	2	0.00245398773006135	2.0	2.4539820413407792e-05	grnboost2_Microglia_CASTJ_adj
Pkd1	3	0.0036809815950920245	3	0.0036809815950920245	0	0.0	0.0	8.851898618665137e-05	grnboost2_Microglia_CASTJ_adj
Ywhaz	4	0.0049079754601227	0	0.0	4	0.0049079754601227	0.0	0.003146293809991789	grnboost2_Microglia_CASTJ_adj
Faf1	4	0.0049079754601227	4	0.0049079754601227	0	0.0	0.0	0.040536496333745606	grnboost2_Microglia_CASTJ_adj
Sptbn1	2	0.00245398773006135	2	0.00245398773006135	0	0.0	0.0	2.607379377642621e-05	grnboost2_Microglia_CASTJ_adj
Rgs7	4	0.0049079754601227	4	0.0049079754601227	0	0.0	0.0	0.001134271893725749	grnboost2_Microglia_CASTJ_adj
Diaph2	4	0.0049079754601227	4	0.0049079754601227	0	0.0	0.0	0.07010645223964275	grnboost2_Microglia_CASTJ_adj
Add3	1	0.001226993865030675	1	0.001226993865030675	0	0.0	0.0	0.00023257317190945767	grnboost2_Microglia_CASTJ_adj
Mprip	3	0.0036809815950920245	3	0.0036809815950920245	0	0.0	0.0	0.03876766508931122	grnboost2_Microglia_CASTJ_adj
Pi4ka	4	0.0049079754601227	4	0.0049079754601227	0	0.0	0.0	0.012772150155201679	grnboost2_Microglia_CASTJ_adj
Stxbp1	3	0.0036809815950920245	3	0.0036809815950920245	0	0.0	0.0	0.0012161872822580276	grnboost2_Microglia_CASTJ_adj
Snd1	4	0.0049079754601227	0	0.0	4	0.0049079754601227	0.0	0.001931012877152944	grnboost2_Microglia_CASTJ_adj
Hdac8	5	0.006134969325153374	0	0.0	5	0.006134969325153374	0.0	0.010899642669933837	grnboost2_Microglia_CASTJ_adj
Nrg3	4	0.0049079754601227	4	0.0049079754601227	0	0.0	0.0	0.014265749532951644	grnboost2_Microglia_CASTJ_adj
Nrcam	3	0.0036809815950920245	3	0.0036809815950920245	0	0.0	0.0	0.01947285862643486	grnboost2_Microglia_CASTJ_adj
Smad2	2	0.00245398773006135	0	0.0	2	0.00245398773006135	0.0	2.2768009866524955e-20	grnboost2_Microglia_CASTJ_adj
Copg1	1	0.001226993865030675	1	0.001226993865030675	0	0.0	0.0	0.0	grnboost2_Microglia_CASTJ_adj
Clstn1	3	0.0036809815950920245	3	0.0036809815950920245	0	0.0	0.0	0.0006945265348619448	grnboost2_Microglia_CASTJ_adj
Tmem131	2	0.00245398773006135	2	0.00245398773006135	0	0.0	0.0	0.014518322923189064	grnboost2_Microglia_CASTJ_adj
8030462N17Rik	1	0.001226993865030675	1	0.001226993865030675	0	0.0	0.0	0.013694275782433972	grnboost2_Microglia_CASTJ_adj
Nfix	3	0.0036809815950920245	2	0.00245398773006135	1	0.001226993865030675	7.0	0.0015194445673030643	grnboost2_Microglia_CASTJ_adj
Banp	6	0.007361963190184049	1	0.001226993865030675	5	0.006134969325153374	4.0	0.0048729688448266055	grnboost2_Microglia_CASTJ_adj
Zfyve28	3	0.0036809815950920245	3	0.0036809815950920245	0	0.0	0.0	0.026770669715883707	grnboost2_Microglia_CASTJ_adj
Dync1i2	1	0.001226993865030675	1	0.001226993865030675	0	0.0	0.0	0.0008811577933681643	grnboost2_Microglia_CASTJ_adj
Zkscan3	1	0.001226993865030675	0	0.0	1	0.001226993865030675	0.0	0.0	grnboost2_Microglia_CASTJ_adj
Kctd3	1	0.001226993865030675	1	0.001226993865030675	0	0.0	0.0	0.0	grnboost2_Microglia_CASTJ_adj
Sgip1	6	0.007361963190184049	6	0.007361963190184049	0	0.0	0.0	0.06630616522237474	grnboost2_Microglia_CASTJ_adj
Tcf20	1	0.001226993865030675	1	0.001226993865030675	0	0.0	0.0	4.179210165695254e-05	grnboost2_Microglia_CASTJ_adj
Gsk3b	1	0.001226993865030675	1	0.001226993865030675	0	0.0	0.0	0.008064741454605943	grnboost2_Microglia_CASTJ_adj
Rfx7	4	0.0049079754601227	1	0.001226993865030675	3	0.0036809815950920245	12.0	0.000828570065328135	grnboost2_Microglia_CASTJ_adj
Bclaf1	2	0.00245398773006135	0	0.0	2	0.00245398773006135	0.0	2.7390581734155934e-05	grnboost2_Microglia_CASTJ_adj
Pip5k1c	1	0.001226993865030675	1	0.001226993865030675	0	0.0	0.0	9.070812997203755e-07	grnboost2_Microglia_CASTJ_adj
Sec14l1	2	0.00245398773006135	2	0.00245398773006135	0	0.0	0.0	2.8333890245748106e-05	grnboost2_Microglia_CASTJ_adj
Cadps	5	0.006134969325153374	5	0.006134969325153374	0	0.0	0.0	0.023586199480727495	grnboost2_Microglia_CASTJ_adj
Ypel2	1	0.001226993865030675	1	0.001226993865030675	0	0.0	0.0	9.700863455451689e-05	grnboost2_Microglia_CASTJ_adj
Kif1b	4	0.0049079754601227	4	0.0049079754601227	0	0.0	0.0	0.00044543487188897473	grnboost2_Microglia_CASTJ_adj
Mycbp2	2	0.00245398773006135	2	0.00245398773006135	0	0.0	0.0	0.000659894228202867	grnboost2_Microglia_CASTJ_adj
Rev3l	2	0.00245398773006135	2	0.00245398773006135	0	0.0	0.0	0.0236761323090778	grnboost2_Microglia_CASTJ_adj
Osbpl8	2	0.00245398773006135	2	0.00245398773006135	0	0.0	0.0	0.015839707683496063	grnboost2_Microglia_CASTJ_adj
Ankrd17	1	0.001226993865030675	1	0.001226993865030675	0	0.0	0.0	0.004930502001099236	grnboost2_Microglia_CASTJ_adj
Zfp532	5	0.006134969325153374	0	0.0	5	0.006134969325153374	0.0	0.0017199270054729084	grnboost2_Microglia_CASTJ_adj
ENSMUSG00000036452.19	3	0.0036809815950920245	3	0.0036809815950920245	0	0.0	0.0	0.012720458364750742	grnboost2_Microglia_CASTJ_adj
Zfp809	1	0.001226993865030675	0	0.0	1	0.001226993865030675	0.0	0.0	grnboost2_Microglia_CASTJ_adj
Tmem175	1	0.001226993865030675	1	0.001226993865030675	0	0.0	0.0	0.0	grnboost2_Microglia_CASTJ_adj
Ftx	4	0.0049079754601227	4	0.0049079754601227	0	0.0	0.0	0.03865074434545893	grnboost2_Microglia_CASTJ_adj
Ranbp9	2	0.00245398773006135	2	0.00245398773006135	0	0.0	0.0	0.011288892166963006	grnboost2_Microglia_CASTJ_adj
Ppp2r3a	1	0.001226993865030675	1	0.001226993865030675	0	0.0	0.0	9.60706333282909e-05	grnboost2_Microglia_CASTJ_adj
Pbx3	1	0.001226993865030675	1	0.001226993865030675	0	0.0	0.0	0.01477828431421139	grnboost2_Microglia_CASTJ_adj
Cdip1	1	0.001226993865030675	1	0.001226993865030675	0	0.0	0.0	8.852144284785136e-07	grnboost2_Microglia_CASTJ_adj
Tnrc6c	1	0.001226993865030675	1	0.001226993865030675	0	0.0	0.0	0.0325792369072176	grnboost2_Microglia_CASTJ_adj
Pcm1	1	0.001226993865030675	1	0.001226993865030675	0	0.0	0.0	0.03254158140560231	grnboost2_Microglia_CASTJ_adj
Ubr5	3	0.0036809815950920245	3	0.0036809815950920245	0	0.0	0.0	0.06446976597869321	grnboost2_Microglia_CASTJ_adj
Ppp1r13b	2	0.00245398773006135	2	0.00245398773006135	0	0.0	0.0	0.005001247429258477	grnboost2_Microglia_CASTJ_adj
Agtpbp1	3	0.0036809815950920245	3	0.0036809815950920245	0	0.0	0.0	0.013796565907416514	grnboost2_Microglia_CASTJ_adj
Dip2c	2	0.00245398773006135	2	0.00245398773006135	0	0.0	0.0	0.03455542222613891	grnboost2_Microglia_CASTJ_adj
Ptk2	2	0.00245398773006135	2	0.00245398773006135	0	0.0	0.0	0.003076911306120355	grnboost2_Microglia_CASTJ_adj
Camk1d	2	0.00245398773006135	2	0.00245398773006135	0	0.0	0.0	0.039402989759657545	grnboost2_Microglia_CASTJ_adj
Tln2	2	0.00245398773006135	2	0.00245398773006135	0	0.0	0.0	0.015010442072501939	grnboost2_Microglia_CASTJ_adj
Ldlrad4	3	0.0036809815950920245	3	0.0036809815950920245	0	0.0	0.0	0.006490618605715052	grnboost2_Microglia_CASTJ_adj
Med14	1	0.001226993865030675	1	0.001226993865030675	0	0.0	0.0	0.0006995600236059259	grnboost2_Microglia_CASTJ_adj
Ncoa2	1	0.001226993865030675	0	0.0	1	0.001226993865030675	0.0	6.05504728083752e-06	grnboost2_Microglia_CASTJ_adj
Cd47	2	0.00245398773006135	2	0.00245398773006135	0	0.0	0.0	0.00018936032773252026	grnboost2_Microglia_CASTJ_adj
Strbp	3	0.0036809815950920245	3	0.0036809815950920245	0	0.0	0.0	0.0005113171909832724	grnboost2_Microglia_CASTJ_adj
Stard8	1	0.001226993865030675	1	0.001226993865030675	0	0.0	0.0	3.24146592742334e-05	grnboost2_Microglia_CASTJ_adj
Cux1	4	0.0049079754601227	0	0.0	4	0.0049079754601227	0.0	0.0009380477746434473	grnboost2_Microglia_CASTJ_adj
Chst11	1	0.001226993865030675	1	0.001226993865030675	0	0.0	0.0	2.9932306863804438e-05	grnboost2_Microglia_CASTJ_adj
Dctn1	1	0.001226993865030675	1	0.001226993865030675	0	0.0	0.0	6.249281919927638e-06	grnboost2_Microglia_CASTJ_adj
Tfeb	1	0.001226993865030675	0	0.0	1	0.001226993865030675	0.0	1.7342821000347574e-20	grnboost2_Microglia_CASTJ_adj
Vapa	1	0.001226993865030675	1	0.001226993865030675	0	0.0	0.0	2.3819920358803017e-20	grnboost2_Microglia_CASTJ_adj
Arpp21	3	0.0036809815950920245	3	0.0036809815950920245	0	0.0	0.0	0.002993981462657916	grnboost2_Microglia_CASTJ_adj
Tia1	3	0.0036809815950920245	0	0.0	3	0.0036809815950920245	0.0	3.129550161806133e-06	grnboost2_Microglia_CASTJ_adj
Fnbp1l	3	0.0036809815950920245	3	0.0036809815950920245	0	0.0	0.0	6.86013685646869e-05	grnboost2_Microglia_CASTJ_adj
Irf2	3	0.0036809815950920245	0	0.0	3	0.0036809815950920245	0.0	0.0016661960892821205	grnboost2_Microglia_CASTJ_adj
Usp34	2	0.00245398773006135	2	0.00245398773006135	0	0.0	0.0	0.004482971589907023	grnboost2_Microglia_CASTJ_adj
Grm7	6	0.007361963190184049	6	0.007361963190184049	0	0.0	0.0	0.02570521160460505	grnboost2_Microglia_CASTJ_adj
Xylt1	1	0.001226993865030675	1	0.001226993865030675	0	0.0	0.0	2.958741649359889e-05	grnboost2_Microglia_CASTJ_adj
Mgrn1	1	0.001226993865030675	1	0.001226993865030675	0	0.0	0.0	6.525128597658685e-06	grnboost2_Microglia_CASTJ_adj
Csmd2	1	0.001226993865030675	1	0.001226993865030675	0	0.0	0.0	0.008160706446008135	grnboost2_Microglia_CASTJ_adj
D5Ertd579e	1	0.001226993865030675	1	0.001226993865030675	0	0.0	0.0	0.008147390961806757	grnboost2_Microglia_CASTJ_adj
Bmpr1a	1	0.001226993865030675	1	0.001226993865030675	0	0.0	0.0	0.02396602801075147	grnboost2_Microglia_CASTJ_adj
Wipf2	1	0.001226993865030675	1	0.001226993865030675	0	0.0	0.0	0.0	grnboost2_Microglia_CASTJ_adj
Glis3	1	0.001226993865030675	0	0.0	1	0.001226993865030675	0.0	3.811888214331557e-05	grnboost2_Microglia_CASTJ_adj
Jarid2	3	0.0036809815950920245	3	0.0036809815950920245	0	0.0	0.0	0.0010876620929735304	grnboost2_Microglia_CASTJ_adj
Auts2	6	0.007361963190184049	6	0.007361963190184049	0	0.0	0.0	0.054592534759722845	grnboost2_Microglia_CASTJ_adj
Arhgap21	3	0.0036809815950920245	3	0.0036809815950920245	0	0.0	0.0	0.0009213414137262814	grnboost2_Microglia_CASTJ_adj
Ugp2	1	0.001226993865030675	0	0.0	1	0.001226993865030675	0.0	9.003832642035163e-21	grnboost2_Microglia_CASTJ_adj
Atp13a1	1	0.001226993865030675	1	0.001226993865030675	0	0.0	0.0	0.0	grnboost2_Microglia_CASTJ_adj
Pip5k1a	2	0.00245398773006135	2	0.00245398773006135	0	0.0	0.0	0.00013286939325719244	grnboost2_Microglia_CASTJ_adj
Osbpl1a	2	0.00245398773006135	2	0.00245398773006135	0	0.0	0.0	0.03321424201230567	grnboost2_Microglia_CASTJ_adj
Tspan7	2	0.00245398773006135	2	0.00245398773006135	0	0.0	0.0	0.021118315946881606	grnboost2_Microglia_CASTJ_adj
R3hdm1	1	0.001226993865030675	1	0.001226993865030675	0	0.0	0.0	9.141776493062719e-05	grnboost2_Microglia_CASTJ_adj
Dis3l2	1	0.001226993865030675	1	0.001226993865030675	0	0.0	0.0	0.00024596340156246544	grnboost2_Microglia_CASTJ_adj
4732471J01Rik	1	0.001226993865030675	1	0.001226993865030675	0	0.0	0.0	0.004654495200532162	grnboost2_Microglia_CASTJ_adj
Wdr7	1	0.001226993865030675	1	0.001226993865030675	0	0.0	0.0	0.010690123554484005	grnboost2_Microglia_CASTJ_adj
Mfap3	1	0.001226993865030675	1	0.001226993865030675	0	0.0	0.0	0.00015073159514402643	grnboost2_Microglia_CASTJ_adj
Scaf8	3	0.0036809815950920245	3	0.0036809815950920245	0	0.0	0.0	0.0012307749641582001	grnboost2_Microglia_CASTJ_adj
Rufy3	1	0.001226993865030675	1	0.001226993865030675	0	0.0	0.0	1.1936995077506623e-06	grnboost2_Microglia_CASTJ_adj
Ncoa1	2	0.00245398773006135	1	0.001226993865030675	1	0.001226993865030675	7.0	0.024683697587801447	grnboost2_Microglia_CASTJ_adj
Nos1ap	1	0.001226993865030675	1	0.001226993865030675	0	0.0	0.0	0.0010369545033580001	grnboost2_Microglia_CASTJ_adj
5730522E02Rik	3	0.0036809815950920245	3	0.0036809815950920245	0	0.0	0.0	0.026329659353598805	grnboost2_Microglia_CASTJ_adj
Ddx5	1	0.001226993865030675	1	0.001226993865030675	0	0.0	0.0	0.0004099842685156573	grnboost2_Microglia_CASTJ_adj
Rmnd5a	2	0.00245398773006135	2	0.00245398773006135	0	0.0	0.0	0.015641633105236027	grnboost2_Microglia_CASTJ_adj
Nedd4l	3	0.0036809815950920245	3	0.0036809815950920245	0	0.0	0.0	0.03788703876260827	grnboost2_Microglia_CASTJ_adj
Pip4k2a	3	0.0036809815950920245	3	0.0036809815950920245	0	0.0	0.0	0.006486915301105856	grnboost2_Microglia_CASTJ_adj
Garnl3	1	0.001226993865030675	1	0.001226993865030675	0	0.0	0.0	0.00011503561472430465	grnboost2_Microglia_CASTJ_adj
Dab1	1	0.001226993865030675	1	0.001226993865030675	0	0.0	0.0	0.00372398206077215	grnboost2_Microglia_CASTJ_adj
Lrfn5	3	0.0036809815950920245	3	0.0036809815950920245	0	0.0	0.0	0.0037682909233898634	grnboost2_Microglia_CASTJ_adj
Tsc22d1	2	0.00245398773006135	2	0.00245398773006135	0	0.0	0.0	0.0008802962394240846	grnboost2_Microglia_CASTJ_adj
Ehbp1	2	0.00245398773006135	2	0.00245398773006135	0	0.0	0.0	0.03341074933226055	grnboost2_Microglia_CASTJ_adj
Ccser1	7	0.008588957055214725	7	0.008588957055214725	0	0.0	0.0	0.06835439226371798	grnboost2_Microglia_CASTJ_adj
Arfgef2	2	0.00245398773006135	2	0.00245398773006135	0	0.0	0.0	0.0005528456722350536	grnboost2_Microglia_CASTJ_adj
Ttyh3	1	0.001226993865030675	1	0.001226993865030675	0	0.0	0.0	0.0023195764688968765	grnboost2_Microglia_CASTJ_adj
Hectd4	1	0.001226993865030675	1	0.001226993865030675	0	0.0	0.0	0.0004040709575847459	grnboost2_Microglia_CASTJ_adj
Ank2	2	0.00245398773006135	2	0.00245398773006135	0	0.0	0.0	0.023521598555835462	grnboost2_Microglia_CASTJ_adj
Vkorc1l1	2	0.00245398773006135	2	0.00245398773006135	0	0.0	0.0	0.004558435065909761	grnboost2_Microglia_CASTJ_adj
Mdn1	3	0.0036809815950920245	3	0.0036809815950920245	0	0.0	0.0	5.658045136592262e-05	grnboost2_Microglia_CASTJ_adj
Dennd1a	1	0.001226993865030675	1	0.001226993865030675	0	0.0	0.0	0.02296028539134111	grnboost2_Microglia_CASTJ_adj
Yy1	1	0.001226993865030675	0	0.0	1	0.001226993865030675	0.0	0.0	grnboost2_Microglia_CASTJ_adj
Psmd11	1	0.001226993865030675	1	0.001226993865030675	0	0.0	0.0	1.1219429848457189e-20	grnboost2_Microglia_CASTJ_adj
Tspan5	1	0.001226993865030675	1	0.001226993865030675	0	0.0	0.0	0.012205739466629235	grnboost2_Microglia_CASTJ_adj
Slmap	2	0.00245398773006135	2	0.00245398773006135	0	0.0	0.0	0.008543336414974985	grnboost2_Microglia_CASTJ_adj
Atf2	1	0.001226993865030675	0	0.0	1	0.001226993865030675	0.0	3.611668665420684e-21	grnboost2_Microglia_CASTJ_adj
Nova1	1	0.001226993865030675	1	0.001226993865030675	0	0.0	0.0	5.373943917657905e-22	grnboost2_Microglia_CASTJ_adj
Dlgap4	2	0.00245398773006135	2	0.00245398773006135	0	0.0	0.0	0.01835253410907466	grnboost2_Microglia_CASTJ_adj
Rbbp6	1	0.001226993865030675	1	0.001226993865030675	0	0.0	0.0	0.00037256612478954107	grnboost2_Microglia_CASTJ_adj
Elk4	1	0.001226993865030675	0	0.0	1	0.001226993865030675	0.0	0.0	grnboost2_Microglia_CASTJ_adj
Phf2	1	0.001226993865030675	1	0.001226993865030675	0	0.0	0.0	8.106702904590898e-21	grnboost2_Microglia_CASTJ_adj
Adcy9	1	0.001226993865030675	1	0.001226993865030675	0	0.0	0.0	0.029814262129793958	grnboost2_Microglia_CASTJ_adj
Mertk	1	0.001226993865030675	1	0.001226993865030675	0	0.0	0.0	0.0002594793373552671	grnboost2_Microglia_CASTJ_adj
Slc24a2	3	0.0036809815950920245	3	0.0036809815950920245	0	0.0	0.0	0.022905320461869254	grnboost2_Microglia_CASTJ_adj
Rabgap1l	1	0.001226993865030675	1	0.001226993865030675	0	0.0	0.0	0.0036307087563171403	grnboost2_Microglia_CASTJ_adj
Rps6ka5	3	0.0036809815950920245	0	0.0	3	0.0036809815950920245	0.0	0.005127419468697169	grnboost2_Microglia_CASTJ_adj
Rasgef1b	2	0.00245398773006135	2	0.00245398773006135	0	0.0	0.0	0.00852133364130065	grnboost2_Microglia_CASTJ_adj
Arhgef12	2	0.00245398773006135	2	0.00245398773006135	0	0.0	0.0	0.022584899282733308	grnboost2_Microglia_CASTJ_adj
Sorl1	3	0.0036809815950920245	3	0.0036809815950920245	0	0.0	0.0	0.0008337177027378341	grnboost2_Microglia_CASTJ_adj
Riok3	1	0.001226993865030675	1	0.001226993865030675	0	0.0	0.0	6.114684346645267e-06	grnboost2_Microglia_CASTJ_adj
Elp2	1	0.001226993865030675	1	0.001226993865030675	0	0.0	0.0	3.4041446820044274e-20	grnboost2_Microglia_CASTJ_adj
Zc3h13	2	0.00245398773006135	2	0.00245398773006135	0	0.0	0.0	0.00015554836325365338	grnboost2_Microglia_CASTJ_adj
Vps13a	1	0.001226993865030675	1	0.001226993865030675	0	0.0	0.0	5.593358849965615e-05	grnboost2_Microglia_CASTJ_adj
Inpp4a	1	0.001226993865030675	1	0.001226993865030675	0	0.0	0.0	0.013349825013567101	grnboost2_Microglia_CASTJ_adj
Sfpq	1	0.001226993865030675	0	0.0	1	0.001226993865030675	0.0	0.0	grnboost2_Microglia_CASTJ_adj
Dlat	1	0.001226993865030675	1	0.001226993865030675	0	0.0	0.0	1.135526690355503e-20	grnboost2_Microglia_CASTJ_adj
Exoc4	2	0.00245398773006135	2	0.00245398773006135	0	0.0	0.0	0.036890372536811565	grnboost2_Microglia_CASTJ_adj
Akap11	1	0.001226993865030675	1	0.001226993865030675	0	0.0	0.0	1.139519408791481e-06	grnboost2_Microglia_CASTJ_adj
Mcu	1	0.001226993865030675	1	0.001226993865030675	0	0.0	0.0	8.657230447290534e-05	grnboost2_Microglia_CASTJ_adj
Mtch1	2	0.00245398773006135	2	0.00245398773006135	0	0.0	0.0	0.0010468466073827534	grnboost2_Microglia_CASTJ_adj
Zfp638	2	0.00245398773006135	2	0.00245398773006135	0	0.0	0.0	0.0005580462905523824	grnboost2_Microglia_CASTJ_adj
Ptprs	1	0.001226993865030675	1	0.001226993865030675	0	0.0	0.0	5.571459630415996e-05	grnboost2_Microglia_CASTJ_adj
Ptpn4	2	0.00245398773006135	2	0.00245398773006135	0	0.0	0.0	0.012174586726266352	grnboost2_Microglia_CASTJ_adj
Zfp326	1	0.001226993865030675	0	0.0	1	0.001226993865030675	0.0	0.0	grnboost2_Microglia_CASTJ_adj
Nudcd3	1	0.001226993865030675	1	0.001226993865030675	0	0.0	0.0	0.0	grnboost2_Microglia_CASTJ_adj
Pogz	3	0.0036809815950920245	3	0.0036809815950920245	0	0.0	0.0	0.000825539600804429	grnboost2_Microglia_CASTJ_adj
Kcnq1ot1	3	0.0036809815950920245	3	0.0036809815950920245	0	0.0	0.0	0.05063269219388234	grnboost2_Microglia_CASTJ_adj
Cacna1d	2	0.00245398773006135	2	0.00245398773006135	0	0.0	0.0	0.028083465535151814	grnboost2_Microglia_CASTJ_adj
Kidins220	2	0.00245398773006135	2	0.00245398773006135	0	0.0	0.0	0.0005492790956782581	grnboost2_Microglia_CASTJ_adj
Etnk1	1	0.001226993865030675	1	0.001226993865030675	0	0.0	0.0	0.00436928034947594	grnboost2_Microglia_CASTJ_adj
Slc9a7	2	0.00245398773006135	2	0.00245398773006135	0	0.0	0.0	0.0009938500799558676	grnboost2_Microglia_CASTJ_adj
Adarb1	4	0.0049079754601227	0	0.0	4	0.0049079754601227	0.0	0.0027439662077643756	grnboost2_Microglia_CASTJ_adj
Clcn5	1	0.001226993865030675	1	0.001226993865030675	0	0.0	0.0	2.9492379810513787e-05	grnboost2_Microglia_CASTJ_adj
Ralyl	3	0.0036809815950920245	3	0.0036809815950920245	0	0.0	0.0	0.0008556168182147604	grnboost2_Microglia_CASTJ_adj
Ylpm1	2	0.00245398773006135	2	0.00245398773006135	0	0.0	0.0	0.006823221329828558	grnboost2_Microglia_CASTJ_adj
Ola1	1	0.001226993865030675	1	0.001226993865030675	0	0.0	0.0	0.0008990932964671538	grnboost2_Microglia_CASTJ_adj
Trip12	1	0.001226993865030675	1	0.001226993865030675	0	0.0	0.0	0.013166097208573119	grnboost2_Microglia_CASTJ_adj
Lncpint	3	0.0036809815950920245	3	0.0036809815950920245	0	0.0	0.0	0.002343885642583746	grnboost2_Microglia_CASTJ_adj
Dync1h1	1	0.001226993865030675	1	0.001226993865030675	0	0.0	0.0	0.0003872786120569652	grnboost2_Microglia_CASTJ_adj
Tjp1	2	0.00245398773006135	2	0.00245398773006135	0	0.0	0.0	0.03204368844817935	grnboost2_Microglia_CASTJ_adj
Dpp10	3	0.0036809815950920245	3	0.0036809815950920245	0	0.0	0.0	0.003695675933425289	grnboost2_Microglia_CASTJ_adj
Arap2	1	0.001226993865030675	1	0.001226993865030675	0	0.0	0.0	0.00012563055742461436	grnboost2_Microglia_CASTJ_adj
Armh3	1	0.001226993865030675	1	0.001226993865030675	0	0.0	0.0	7.85841270634714e-07	grnboost2_Microglia_CASTJ_adj
Cdk8	2	0.00245398773006135	2	0.00245398773006135	0	0.0	0.0	0.0016264534192292877	grnboost2_Microglia_CASTJ_adj
Hlcs	2	0.00245398773006135	0	0.0	2	0.00245398773006135	0.0	0.0011863898787235006	grnboost2_Microglia_CASTJ_adj
Ranbp2	1	0.001226993865030675	1	0.001226993865030675	0	0.0	0.0	3.427229145064347e-05	grnboost2_Microglia_CASTJ_adj
Prrc2b	3	0.0036809815950920245	3	0.0036809815950920245	0	0.0	0.0	0.00887462178493201	grnboost2_Microglia_CASTJ_adj
Ophn1	2	0.00245398773006135	2	0.00245398773006135	0	0.0	0.0	0.0062842612840200845	grnboost2_Microglia_CASTJ_adj
Myo5a	1	0.001226993865030675	1	0.001226993865030675	0	0.0	0.0	0.0007535449016778664	grnboost2_Microglia_CASTJ_adj
Nr1d2	2	0.00245398773006135	0	0.0	2	0.00245398773006135	0.0	2.664692442193836e-05	grnboost2_Microglia_CASTJ_adj
Ctcf	2	0.00245398773006135	0	0.0	2	0.00245398773006135	0.0	0.0	grnboost2_Microglia_CASTJ_adj
Abi1	1	0.001226993865030675	1	0.001226993865030675	0	0.0	0.0	4.001658830526765e-21	grnboost2_Microglia_CASTJ_adj
Setd7	1	0.001226993865030675	1	0.001226993865030675	0	0.0	0.0	0.00012482461633727565	grnboost2_Microglia_CASTJ_adj
Cpeb4	1	0.001226993865030675	1	0.001226993865030675	0	0.0	0.0	0.02189404975437106	grnboost2_Microglia_CASTJ_adj
Tmcc3	1	0.001226993865030675	1	0.001226993865030675	0	0.0	0.0	0.0002500133910429196	grnboost2_Microglia_CASTJ_adj
Ralgapa2	1	0.001226993865030675	1	0.001226993865030675	0	0.0	0.0	0.000623755112058295	grnboost2_Microglia_CASTJ_adj
Ttc7b	3	0.0036809815950920245	3	0.0036809815950920245	0	0.0	0.0	0.032649593380325234	grnboost2_Microglia_CASTJ_adj
Pcca	1	0.001226993865030675	1	0.001226993865030675	0	0.0	0.0	1.3359289218129572e-06	grnboost2_Microglia_CASTJ_adj
Rims1	1	0.001226993865030675	1	0.001226993865030675	0	0.0	0.0	8.44305042464081e-05	grnboost2_Microglia_CASTJ_adj
Zfp207	2	0.00245398773006135	0	0.0	2	0.00245398773006135	0.0	0.0071066097304041545	grnboost2_Microglia_CASTJ_adj
Car10	1	0.001226993865030675	1	0.001226993865030675	0	0.0	0.0	0.021818967234812053	grnboost2_Microglia_CASTJ_adj
Med12l	2	0.00245398773006135	2	0.00245398773006135	0	0.0	0.0	0.013768769057829453	grnboost2_Microglia_CASTJ_adj
Ccdc88a	1	0.001226993865030675	1	0.001226993865030675	0	0.0	0.0	0.0007582082721651002	grnboost2_Microglia_CASTJ_adj
Btrc	1	0.001226993865030675	1	0.001226993865030675	0	0.0	0.0	0.000519451783011771	grnboost2_Microglia_CASTJ_adj
Lsm14a	1	0.001226993865030675	1	0.001226993865030675	0	0.0	0.0	2.9262205941042665e-20	grnboost2_Microglia_CASTJ_adj
Cnot4	3	0.0036809815950920245	0	0.0	3	0.0036809815950920245	0.0	0.00012430806639149433	grnboost2_Microglia_CASTJ_adj
Slc25a12	1	0.001226993865030675	1	0.001226993865030675	0	0.0	0.0	0.009850067474748411	grnboost2_Microglia_CASTJ_adj
C2cd5	1	0.001226993865030675	1	0.001226993865030675	0	0.0	0.0	0.00035568198023665167	grnboost2_Microglia_CASTJ_adj
Pura	4	0.0049079754601227	0	0.0	4	0.0049079754601227	0.0	0.001882274202563281	grnboost2_Microglia_CASTJ_adj
Sipa1l3	1	0.001226993865030675	1	0.001226993865030675	0	0.0	0.0	0.004408438129094903	grnboost2_Microglia_CASTJ_adj
Agk	1	0.001226993865030675	1	0.001226993865030675	0	0.0	0.0	0.006892261986009088	grnboost2_Microglia_CASTJ_adj
Apbb2	1	0.001226993865030675	1	0.001226993865030675	0	0.0	0.0	2.8449298383318985e-06	grnboost2_Microglia_CASTJ_adj
Dst	2	0.00245398773006135	2	0.00245398773006135	0	0.0	0.0	0.01299234953361767	grnboost2_Microglia_CASTJ_adj
Mbnl1	1	0.001226993865030675	1	0.001226993865030675	0	0.0	0.0	0.0068514469028123125	grnboost2_Microglia_CASTJ_adj
Chd6	1	0.001226993865030675	1	0.001226993865030675	0	0.0	0.0	0.0003768611170303062	grnboost2_Microglia_CASTJ_adj
Ppp1r12a	1	0.001226993865030675	1	0.001226993865030675	0	0.0	0.0	0.00970605997432825	grnboost2_Microglia_CASTJ_adj
Setd5	2	0.00245398773006135	2	0.00245398773006135	0	0.0	0.0	0.013567336767566494	grnboost2_Microglia_CASTJ_adj
Pcsk2	2	0.00245398773006135	2	0.00245398773006135	0	0.0	0.0	0.0017321640267795814	grnboost2_Microglia_CASTJ_adj
Rock1	1	0.001226993865030675	1	0.001226993865030675	0	0.0	0.0	1.792710637026008e-05	grnboost2_Microglia_CASTJ_adj
Clk1	1	0.001226993865030675	1	0.001226993865030675	0	0.0	0.0	0.00037291314674109513	grnboost2_Microglia_CASTJ_adj
Vezt	1	0.001226993865030675	1	0.001226993865030675	0	0.0	0.0	0.00014300644302401086	grnboost2_Microglia_CASTJ_adj
Cdc73	1	0.001226993865030675	1	0.001226993865030675	0	0.0	0.0	0.0005397764169166633	grnboost2_Microglia_CASTJ_adj
Tbc1d12	1	0.001226993865030675	1	0.001226993865030675	0	0.0	0.0	0.0009348495850871865	grnboost2_Microglia_CASTJ_adj
Nup188	1	0.001226993865030675	1	0.001226993865030675	0	0.0	0.0	0.0003716198369120584	grnboost2_Microglia_CASTJ_adj
Marchf1	5	0.006134969325153374	5	0.006134969325153374	0	0.0	0.0	0.00552182656618337	grnboost2_Microglia_CASTJ_adj
Nuak1	1	0.001226993865030675	0	0.0	1	0.001226993865030675	0.0	0.0	grnboost2_Microglia_CASTJ_adj
Stx7	1	0.001226993865030675	1	0.001226993865030675	0	0.0	0.0	2.3559171161644197e-20	grnboost2_Microglia_CASTJ_adj
Map4k5	1	0.001226993865030675	1	0.001226993865030675	0	0.0	0.0	5.749768211960543e-06	grnboost2_Microglia_CASTJ_adj
Atf6	1	0.001226993865030675	0	0.0	1	0.001226993865030675	0.0	0.0010633363582323947	grnboost2_Microglia_CASTJ_adj
Exoc2	1	0.001226993865030675	1	0.001226993865030675	0	0.0	0.0	3.448783230879439e-06	grnboost2_Microglia_CASTJ_adj
Sugp2	1	0.001226993865030675	1	0.001226993865030675	0	0.0	0.0	0.0009308562380732437	grnboost2_Microglia_CASTJ_adj
Sympk	1	0.001226993865030675	1	0.001226993865030675	0	0.0	0.0	0.0009302229604341936	grnboost2_Microglia_CASTJ_adj
Ppp6r2	1	0.001226993865030675	1	0.001226993865030675	0	0.0	0.0	0.00036864118918551015	grnboost2_Microglia_CASTJ_adj
Dcaf1	1	0.001226993865030675	1	0.001226993865030675	0	0.0	0.0	0.002110943874019625	grnboost2_Microglia_CASTJ_adj
Ddx24	1	0.001226993865030675	1	0.001226993865030675	0	0.0	0.0	5.2212028335702275e-05	grnboost2_Microglia_CASTJ_adj
Tpd52	1	0.001226993865030675	1	0.001226993865030675	0	0.0	0.0	2.576537843041848e-05	grnboost2_Microglia_CASTJ_adj
Med15	1	0.001226993865030675	1	0.001226993865030675	0	0.0	0.0	0.0025727991566902295	grnboost2_Microglia_CASTJ_adj
Myo18a	1	0.001226993865030675	1	0.001226993865030675	0	0.0	0.0	0.0009223164514540398	grnboost2_Microglia_CASTJ_adj
Agap1	1	0.001226993865030675	1	0.001226993865030675	0	0.0	0.0	0.007597988572865966	grnboost2_Microglia_CASTJ_adj
Herc3	3	0.0036809815950920245	3	0.0036809815950920245	0	0.0	0.0	0.0004991985887143773	grnboost2_Microglia_CASTJ_adj
Tmeff2	2	0.00245398773006135	2	0.00245398773006135	0	0.0	0.0	0.009959319193526142	grnboost2_Microglia_CASTJ_adj
Klhl2	1	0.001226993865030675	1	0.001226993865030675	0	0.0	0.0	0.02085025260989911	grnboost2_Microglia_CASTJ_adj
Kat6b	2	0.00245398773006135	2	0.00245398773006135	0	0.0	0.0	0.03128511222972235	grnboost2_Microglia_CASTJ_adj
Nalf1	1	0.001226993865030675	1	0.001226993865030675	0	0.0	0.0	0.00012145381607238502	grnboost2_Microglia_CASTJ_adj
Pkp4	1	0.001226993865030675	1	0.001226993865030675	0	0.0	0.0	0.0070703128578901205	grnboost2_Microglia_CASTJ_adj
Thrap3	1	0.001226993865030675	1	0.001226993865030675	0	0.0	0.0	0.00036438821077548707	grnboost2_Microglia_CASTJ_adj
Zfp516	2	0.00245398773006135	0	0.0	2	0.00245398773006135	0.0	1.1158247590160135e-20	grnboost2_Microglia_CASTJ_adj
Abcg1	1	0.001226993865030675	1	0.001226993865030675	0	0.0	0.0	1.7620194948491473e-20	grnboost2_Microglia_CASTJ_adj
Ep300	1	0.001226993865030675	0	0.0	1	0.001226993865030675	0.0	5.196994800219746e-21	grnboost2_Microglia_CASTJ_adj
Hcfc1	1	0.001226993865030675	1	0.001226993865030675	0	0.0	0.0	3.8443882392863074e-21	grnboost2_Microglia_CASTJ_adj
Apbb1ip	3	0.0036809815950920245	3	0.0036809815950920245	0	0.0	0.0	0.00040273775308322525	grnboost2_Microglia_CASTJ_adj
Enox1	1	0.001226993865030675	1	0.001226993865030675	0	0.0	0.0	6.772522815802105e-05	grnboost2_Microglia_CASTJ_adj
Cop1	2	0.00245398773006135	2	0.00245398773006135	0	0.0	0.0	0.004451316139115689	grnboost2_Microglia_CASTJ_adj
Sf3b1	2	0.00245398773006135	0	0.0	2	0.00245398773006135	0.0	0.0	grnboost2_Microglia_CASTJ_adj
Psmc6	1	0.001226993865030675	1	0.001226993865030675	0	0.0	0.0	2.2576620624143206e-21	grnboost2_Microglia_CASTJ_adj
Arnt	2	0.00245398773006135	0	0.0	2	0.00245398773006135	0.0	0.0	grnboost2_Microglia_CASTJ_adj
Cabin1	1	0.001226993865030675	1	0.001226993865030675	0	0.0	0.0	0.0	grnboost2_Microglia_CASTJ_adj
Mrtfa	2	0.00245398773006135	2	0.00245398773006135	0	0.0	0.0	0.02502396037541732	grnboost2_Microglia_CASTJ_adj
Fyn	1	0.001226993865030675	1	0.001226993865030675	0	0.0	0.0	0.0005402774827182226	grnboost2_Microglia_CASTJ_adj
Smarcc2	3	0.0036809815950920245	1	0.001226993865030675	2	0.00245398773006135	85.0	0.003911461892397367	grnboost2_Microglia_CASTJ_adj
Bcas3	1	0.001226993865030675	1	0.001226993865030675	0	0.0	0.0	0.010969716627033705	grnboost2_Microglia_CASTJ_adj
Foxk2	1	0.001226993865030675	0	0.0	1	0.001226993865030675	0.0	0.00012019008258623265	grnboost2_Microglia_CASTJ_adj
Acin1	1	0.001226993865030675	1	0.001226993865030675	0	0.0	0.0	0.00010156053418600829	grnboost2_Microglia_CASTJ_adj
Opcml	3	0.0036809815950920245	3	0.0036809815950920245	0	0.0	0.0	0.029239306813509017	grnboost2_Microglia_CASTJ_adj
Rere	1	0.001226993865030675	1	0.001226993865030675	0	0.0	0.0	5.269035240879224e-06	grnboost2_Microglia_CASTJ_adj
Bltp1	2	0.00245398773006135	2	0.00245398773006135	0	0.0	0.0	0.0001290014586635007	grnboost2_Microglia_CASTJ_adj
Inpp5f	2	0.00245398773006135	2	0.00245398773006135	0	0.0	0.0	0.025264782487435116	grnboost2_Microglia_CASTJ_adj
Trim35	1	0.001226993865030675	1	0.001226993865030675	0	0.0	0.0	0.00026986047109498986	grnboost2_Microglia_CASTJ_adj
Gpatch8	2	0.00245398773006135	2	0.00245398773006135	0	0.0	0.0	0.00914842912082288	grnboost2_Microglia_CASTJ_adj
Gls	2	0.00245398773006135	2	0.00245398773006135	0	0.0	0.0	0.0002732583310347751	grnboost2_Microglia_CASTJ_adj
Nf1	1	0.001226993865030675	0	0.0	1	0.001226993865030675	0.0	1.1942453556034545e-05	grnboost2_Microglia_CASTJ_adj
Atrnl1	1	0.001226993865030675	1	0.001226993865030675	0	0.0	0.0	7.88123518480818e-05	grnboost2_Microglia_CASTJ_adj
Csmd3	3	0.0036809815950920245	3	0.0036809815950920245	0	0.0	0.0	0.0480135310479802	grnboost2_Microglia_CASTJ_adj
Spred1	2	0.00245398773006135	2	0.00245398773006135	0	0.0	0.0	0.04670542638304391	grnboost2_Microglia_CASTJ_adj
Snap25	2	0.00245398773006135	2	0.00245398773006135	0	0.0	0.0	0.010443119978139927	grnboost2_Microglia_CASTJ_adj
Rnf38	1	0.001226993865030675	1	0.001226993865030675	0	0.0	0.0	0.0001182053418254452	grnboost2_Microglia_CASTJ_adj
Mllt10	4	0.0049079754601227	1	0.001226993865030675	3	0.0036809815950920245	25.0	0.022604876712345037	grnboost2_Microglia_CASTJ_adj
Ubtf	1	0.001226993865030675	1	0.001226993865030675	0	0.0	0.0	0.0005995390663533611	grnboost2_Microglia_CASTJ_adj
Lrch1	1	0.001226993865030675	1	0.001226993865030675	0	0.0	0.0	0.00011762943067939438	grnboost2_Microglia_CASTJ_adj
Cyria	1	0.001226993865030675	1	0.001226993865030675	0	0.0	0.0	0.0032314914398299433	grnboost2_Microglia_CASTJ_adj
Stat3	1	0.001226993865030675	0	0.0	1	0.001226993865030675	0.0	5.454099549734407e-21	grnboost2_Microglia_CASTJ_adj
Galntl6	1	0.001226993865030675	1	0.001226993865030675	0	0.0	0.0	0.0	grnboost2_Microglia_CASTJ_adj
Celf1	1	0.001226993865030675	1	0.001226993865030675	0	0.0	0.0	0.0032288456535470335	grnboost2_Microglia_CASTJ_adj
Etl4	1	0.001226993865030675	1	0.001226993865030675	0	0.0	0.0	0.000891530162666215	grnboost2_Microglia_CASTJ_adj
Mbd2	1	0.001226993865030675	0	0.0	1	0.001226993865030675	0.0	4.957372189429656e-21	grnboost2_Microglia_CASTJ_adj
Lemd3	1	0.001226993865030675	1	0.001226993865030675	0	0.0	0.0	0.0	grnboost2_Microglia_CASTJ_adj
Agbl4	1	0.001226993865030675	1	0.001226993865030675	0	0.0	0.0	7.769497835157328e-05	grnboost2_Microglia_CASTJ_adj
Sp4	1	0.001226993865030675	0	0.0	1	0.001226993865030675	0.0	0.0	grnboost2_Microglia_CASTJ_adj
Rnf115	1	0.001226993865030675	1	0.001226993865030675	0	0.0	0.0	0.0	grnboost2_Microglia_CASTJ_adj
Adk	1	0.001226993865030675	1	0.001226993865030675	0	0.0	0.0	0.026361980840803576	grnboost2_Microglia_CASTJ_adj
Dnajc1	1	0.001226993865030675	1	0.001226993865030675	0	0.0	0.0	0.020081359985203783	grnboost2_Microglia_CASTJ_adj
Stag1	2	0.00245398773006135	2	0.00245398773006135	0	0.0	0.0	0.007329128082528033	grnboost2_Microglia_CASTJ_adj
Map3k2	1	0.001226993865030675	1	0.001226993865030675	0	0.0	0.0	0.00028707242992654866	grnboost2_Microglia_CASTJ_adj
Adar	1	0.001226993865030675	1	0.001226993865030675	0	0.0	0.0	0.0006976558702320039	grnboost2_Microglia_CASTJ_adj
Mllt6	1	0.001226993865030675	1	0.001226993865030675	0	0.0	0.0	5.2369795995625234e-05	grnboost2_Microglia_CASTJ_adj
Trim33	1	0.001226993865030675	0	0.0	1	0.001226993865030675	0.0	2.0747259412692716e-21	grnboost2_Microglia_CASTJ_adj
Itgb1	1	0.001226993865030675	1	0.001226993865030675	0	0.0	0.0	1.648047364094434e-21	grnboost2_Microglia_CASTJ_adj
Slc25a3	1	0.001226993865030675	1	0.001226993865030675	0	0.0	0.0	0.0008880629710588887	grnboost2_Microglia_CASTJ_adj
Myo1b	2	0.00245398773006135	2	0.00245398773006135	0	0.0	0.0	0.031465686574215695	grnboost2_Microglia_CASTJ_adj
Srpk1	1	0.001226993865030675	1	0.001226993865030675	0	0.0	0.0	3.29288536170846e-05	grnboost2_Microglia_CASTJ_adj
Septin7	1	0.001226993865030675	1	0.001226993865030675	0	0.0	0.0	3.292830456409159e-05	grnboost2_Microglia_CASTJ_adj
Ecpas	1	0.001226993865030675	1	0.001226993865030675	0	0.0	0.0	0.003938623597391407	grnboost2_Microglia_CASTJ_adj
Nsun2	1	0.001226993865030675	1	0.001226993865030675	0	0.0	0.0	0.0008847497662044658	grnboost2_Microglia_CASTJ_adj
Strn3	1	0.001226993865030675	1	0.001226993865030675	0	0.0	0.0	0.002007816143562975	grnboost2_Microglia_CASTJ_adj
Rgl1	1	0.001226993865030675	1	0.001226993865030675	0	0.0	0.0	2.652817617593297e-05	grnboost2_Microglia_CASTJ_adj
Ubash3b	1	0.001226993865030675	1	0.001226993865030675	0	0.0	0.0	0.0063480620648024766	grnboost2_Microglia_CASTJ_adj
Eftud2	1	0.001226993865030675	1	0.001226993865030675	0	0.0	0.0	0.0039233694324814624	grnboost2_Microglia_CASTJ_adj
Rab10	1	0.001226993865030675	1	0.001226993865030675	0	0.0	0.0	5.043427343853773e-05	grnboost2_Microglia_CASTJ_adj
Fbxw7	1	0.001226993865030675	1	0.001226993865030675	0	0.0	0.0	1.6702825860054514e-05	grnboost2_Microglia_CASTJ_adj
Abcc5	2	0.00245398773006135	2	0.00245398773006135	0	0.0	0.0	0.011865504484071344	grnboost2_Microglia_CASTJ_adj
Lcorl	3	0.0036809815950920245	2	0.00245398773006135	1	0.001226993865030675	1.0	0.022377837158767098	grnboost2_Microglia_CASTJ_adj
Septin11	1	0.001226993865030675	1	0.001226993865030675	0	0.0	0.0	0.002346968196290031	grnboost2_Microglia_CASTJ_adj
Dmxl2	1	0.001226993865030675	1	0.001226993865030675	0	0.0	0.0	6.482038838445843e-05	grnboost2_Microglia_CASTJ_adj
Zfp710	2	0.00245398773006135	1	0.001226993865030675	1	0.001226993865030675	0.0	0.0004447172023643842	grnboost2_Microglia_CASTJ_adj
Tnrc6b	1	0.001226993865030675	1	0.001226993865030675	0	0.0	0.0	0.0008765700786279742	grnboost2_Microglia_CASTJ_adj
Smad3	2	0.00245398773006135	0	0.0	2	0.00245398773006135	0.0	0.0	grnboost2_Microglia_CASTJ_adj
Cdh18	2	0.00245398773006135	2	0.00245398773006135	0	0.0	0.0	0.0	grnboost2_Microglia_CASTJ_adj
Apex2	2	0.00245398773006135	0	0.0	2	0.00245398773006135	0.0	2.5328966785134558e-20	grnboost2_Microglia_CASTJ_adj
Plcg1	1	0.001226993865030675	1	0.001226993865030675	0	0.0	0.0	0.0	grnboost2_Microglia_CASTJ_adj
Thoc2l	1	0.001226993865030675	1	0.001226993865030675	0	0.0	0.0	0.000676522758419822	grnboost2_Microglia_CASTJ_adj
Ndufs4	1	0.001226993865030675	1	0.001226993865030675	0	0.0	0.0	0.000868103560481965	grnboost2_Microglia_CASTJ_adj
Nfkb1	1	0.001226993865030675	0	0.0	1	0.001226993865030675	0.0	0.0	grnboost2_Microglia_CASTJ_adj
Ampd3	1	0.001226993865030675	1	0.001226993865030675	0	0.0	0.0	0.0	grnboost2_Microglia_CASTJ_adj
Aak1	1	0.001226993865030675	1	0.001226993865030675	0	0.0	0.0	3.793202666368336e-07	grnboost2_Microglia_CASTJ_adj
Marchf6	1	0.001226993865030675	1	0.001226993865030675	0	0.0	0.0	0.008873595600217036	grnboost2_Microglia_CASTJ_adj
Pag1	1	0.001226993865030675	1	0.001226993865030675	0	0.0	0.0	0.0062354074305841865	grnboost2_Microglia_CASTJ_adj
Mapre2	1	0.001226993865030675	1	0.001226993865030675	0	0.0	0.0	0.0038529588056455642	grnboost2_Microglia_CASTJ_adj
Csde1	1	0.001226993865030675	1	0.001226993865030675	0	0.0	0.0	7.044636766667041e-05	grnboost2_Microglia_CASTJ_adj
Apc	2	0.00245398773006135	2	0.00245398773006135	0	0.0	0.0	0.0010309843355797215	grnboost2_Microglia_CASTJ_adj
Ptpro	1	0.001226993865030675	1	0.001226993865030675	0	0.0	0.0	0.0	grnboost2_Microglia_CASTJ_adj
Cep85l	2	0.00245398773006135	2	0.00245398773006135	0	0.0	0.0	0.020464416976021884	grnboost2_Microglia_CASTJ_adj
Usp33	1	0.001226993865030675	1	0.001226993865030675	0	0.0	0.0	0.00034213974065589657	grnboost2_Microglia_CASTJ_adj
Ogt	1	0.001226993865030675	1	0.001226993865030675	0	0.0	0.0	0.0023992719829730464	grnboost2_Microglia_CASTJ_adj
Hnrnpu	5	0.006134969325153374	5	0.006134969325153374	0	0.0	0.0	0.0008525015866851506	grnboost2_Microglia_CASTJ_adj
Dido1	2	0.00245398773006135	0	0.0	2	0.00245398773006135	0.0	0.0	grnboost2_Microglia_CASTJ_adj
Lrif1	1	0.001226993865030675	1	0.001226993865030675	0	0.0	0.0	0.0	grnboost2_Microglia_CASTJ_adj
Epb41	1	0.001226993865030675	1	0.001226993865030675	0	0.0	0.0	0.025551500315277795	grnboost2_Microglia_CASTJ_adj
Zswim8	1	0.001226993865030675	1	0.001226993865030675	0	0.0	0.0	0.0001731076710528769	grnboost2_Microglia_CASTJ_adj
Tgfbr1	1	0.001226993865030675	1	0.001226993865030675	0	0.0	0.0	0.00027322594345772285	grnboost2_Microglia_CASTJ_adj
Zscan26	1	0.001226993865030675	0	0.0	1	0.001226993865030675	0.0	0.0	grnboost2_Microglia_CASTJ_adj
Xpo1	1	0.001226993865030675	1	0.001226993865030675	0	0.0	0.0	0.0	grnboost2_Microglia_CASTJ_adj
Vps13d	1	0.001226993865030675	1	0.001226993865030675	0	0.0	0.0	0.00029932208543405954	grnboost2_Microglia_CASTJ_adj
Hycc2	2	0.00245398773006135	2	0.00245398773006135	0	0.0	0.0	0.000677517430716744	grnboost2_Microglia_CASTJ_adj
Chchd3	1	0.001226993865030675	1	0.001226993865030675	0	0.0	0.0	0.0009695605077147553	grnboost2_Microglia_CASTJ_adj
Tom1l2	1	0.001226993865030675	1	0.001226993865030675	0	0.0	0.0	0.008728270309682928	grnboost2_Microglia_CASTJ_adj
Hp1bp3	1	0.001226993865030675	0	0.0	1	0.001226993865030675	0.0	3.1723487011505423e-23	grnboost2_Microglia_CASTJ_adj
Dazap1	1	0.001226993865030675	1	0.001226993865030675	0	0.0	0.0	0.0	grnboost2_Microglia_CASTJ_adj
Rad21	1	0.001226993865030675	0	0.0	1	0.001226993865030675	0.0	0.0	grnboost2_Microglia_CASTJ_adj
R3hcc1l	1	0.001226993865030675	1	0.001226993865030675	0	0.0	0.0	0.0	grnboost2_Microglia_CASTJ_adj
Sos2	1	0.001226993865030675	1	0.001226993865030675	0	0.0	0.0	0.0	grnboost2_Microglia_CASTJ_adj
Tut7	1	0.001226993865030675	1	0.001226993865030675	0	0.0	0.0	3.158108039668406e-05	grnboost2_Microglia_CASTJ_adj
Arhgap32	1	0.001226993865030675	1	0.001226993865030675	0	0.0	0.0	0.0006584915234994828	grnboost2_Microglia_CASTJ_adj
Chn2	2	0.00245398773006135	2	0.00245398773006135	0	0.0	0.0	0.00037952067356574555	grnboost2_Microglia_CASTJ_adj
Ccdc6	1	0.001226993865030675	1	0.001226993865030675	0	0.0	0.0	0.00011156583248375444	grnboost2_Microglia_CASTJ_adj
Prkch	2	0.00245398773006135	2	0.00245398773006135	0	0.0	0.0	0.03596986002811751	grnboost2_Microglia_CASTJ_adj
Atp11b	1	0.001226993865030675	1	0.001226993865030675	0	0.0	0.0	0.00033523148770169236	grnboost2_Microglia_CASTJ_adj
1810013L24Rik	1	0.001226993865030675	1	0.001226993865030675	0	0.0	0.0	0.0009598855403314272	grnboost2_Microglia_CASTJ_adj
Prpf4b	1	0.001226993865030675	1	0.001226993865030675	0	0.0	0.0	1.6062372041275266e-05	grnboost2_Microglia_CASTJ_adj
Zdhhc17	1	0.001226993865030675	1	0.001226993865030675	0	0.0	0.0	0.0038924843430428726	grnboost2_Microglia_CASTJ_adj
Gnptab	1	0.001226993865030675	1	0.001226993865030675	0	0.0	0.0	0.0037603806883070036	grnboost2_Microglia_CASTJ_adj
Ankrd44	1	0.001226993865030675	1	0.001226993865030675	0	0.0	0.0	0.0002685041805987045	grnboost2_Microglia_CASTJ_adj
Bach2	1	0.001226993865030675	0	0.0	1	0.001226993865030675	0.0	0.0	grnboost2_Microglia_CASTJ_adj
Sbno1	1	0.001226993865030675	1	0.001226993865030675	0	0.0	0.0	0.0	grnboost2_Microglia_CASTJ_adj
Rtn4	1	0.001226993865030675	1	0.001226993865030675	0	0.0	0.0	7.369991092706365e-05	grnboost2_Microglia_CASTJ_adj
Zranb2	1	0.001226993865030675	1	0.001226993865030675	0	0.0	0.0	2.069731915906759e-05	grnboost2_Microglia_CASTJ_adj
Camkmt	1	0.001226993865030675	1	0.001226993865030675	0	0.0	0.0	0.006913985036187578	grnboost2_Microglia_CASTJ_adj
Atg3	1	0.001226993865030675	1	0.001226993865030675	0	0.0	0.0	0.0	grnboost2_Microglia_CASTJ_adj
Rai1	1	0.001226993865030675	1	0.001226993865030675	0	0.0	0.0	0.002021918772530527	grnboost2_Microglia_CASTJ_adj
Slc39a11	1	0.001226993865030675	1	0.001226993865030675	0	0.0	0.0	7.335233762675598e-05	grnboost2_Microglia_CASTJ_adj
Arid3b	1	0.001226993865030675	0	0.0	1	0.001226993865030675	0.0	0.0	grnboost2_Microglia_CASTJ_adj
Purg	2	0.00245398773006135	0	0.0	2	0.00245398773006135	0.0	3.726641666869465e-05	grnboost2_Microglia_CASTJ_adj
2610035D17Rik	1	0.001226993865030675	1	0.001226993865030675	0	0.0	0.0	9.261808735640019e-07	grnboost2_Microglia_CASTJ_adj
Rps6ka3	1	0.001226993865030675	1	0.001226993865030675	0	0.0	0.0	0.024762286875812937	grnboost2_Microglia_CASTJ_adj
Rsf1	1	0.001226993865030675	1	0.001226993865030675	0	0.0	0.0	0.02475445838949237	grnboost2_Microglia_CASTJ_adj
Rbfox3	1	0.001226993865030675	1	0.001226993865030675	0	0.0	0.0	0.002005063859966937	grnboost2_Microglia_CASTJ_adj
Asic2	1	0.001226993865030675	1	0.001226993865030675	0	0.0	0.0	0.0008341625047098189	grnboost2_Microglia_CASTJ_adj
Oxct1	1	0.001226993865030675	1	0.001226993865030675	0	0.0	0.0	0.0009451746927957839	grnboost2_Microglia_CASTJ_adj
Znrf3	1	0.001226993865030675	1	0.001226993865030675	0	0.0	0.0	0.00016723614551963833	grnboost2_Microglia_CASTJ_adj
Usp47	1	0.001226993865030675	1	0.001226993865030675	0	0.0	0.0	3.091208340029579e-05	grnboost2_Microglia_CASTJ_adj
Ncapd3	1	0.001226993865030675	1	0.001226993865030675	0	0.0	0.0	4.65010063309196e-21	grnboost2_Microglia_CASTJ_adj
Wdr33	1	0.001226993865030675	1	0.001226993865030675	0	0.0	0.0	0.0008302379406077748	grnboost2_Microglia_CASTJ_adj
Nsd1	1	0.001226993865030675	1	0.001226993865030675	0	0.0	0.0	5.080556551277018e-06	grnboost2_Microglia_CASTJ_adj
Prrc2a	1	0.001226993865030675	1	0.001226993865030675	0	0.0	0.0	0.00016502922293702853	grnboost2_Microglia_CASTJ_adj
Dclk1	1	0.001226993865030675	1	0.001226993865030675	0	0.0	0.0	0.006306285691849024	grnboost2_Microglia_CASTJ_adj
Pals2	1	0.001226993865030675	1	0.001226993865030675	0	0.0	0.0	0.0008179658422429591	grnboost2_Microglia_CASTJ_adj
Zmynd11	1	0.001226993865030675	1	0.001226993865030675	0	0.0	0.0	0.00296973566066285	grnboost2_Microglia_CASTJ_adj
Lats1	1	0.001226993865030675	1	0.001226993865030675	0	0.0	0.0	0.003774094345603964	grnboost2_Microglia_CASTJ_adj
Pcmtd1	1	0.001226993865030675	1	0.001226993865030675	0	0.0	0.0	0.018520117526062387	grnboost2_Microglia_CASTJ_adj
Ttc28	1	0.001226993865030675	1	0.001226993865030675	0	0.0	0.0	0.00026034475256083296	grnboost2_Microglia_CASTJ_adj
Map7d1	2	0.00245398773006135	2	0.00245398773006135	0	0.0	0.0	1.5153996296044136e-05	grnboost2_Microglia_CASTJ_adj
Abl2	1	0.001226993865030675	1	0.001226993865030675	0	0.0	0.0	0.00047016832084577305	grnboost2_Microglia_CASTJ_adj
Arglu1	1	0.001226993865030675	1	0.001226993865030675	0	0.0	0.0	0.0008147485406996319	grnboost2_Microglia_CASTJ_adj
Larp4b	1	0.001226993865030675	1	0.001226993865030675	0	0.0	0.0	4.170719181851482e-05	grnboost2_Microglia_CASTJ_adj
Rock2	1	0.001226993865030675	1	0.001226993865030675	0	0.0	0.0	0.0003024113633631191	grnboost2_Microglia_CASTJ_adj
Phlpp1	1	0.001226993865030675	1	0.001226993865030675	0	0.0	0.0	7.13660045457985e-05	grnboost2_Microglia_CASTJ_adj
Wdr37	1	0.001226993865030675	1	0.001226993865030675	0	0.0	0.0	7.132848422649043e-05	grnboost2_Microglia_CASTJ_adj
Pds5b	1	0.001226993865030675	1	0.001226993865030675	0	0.0	0.0	0.006268108188541193	grnboost2_Microglia_CASTJ_adj
D130040H23Rik	1	0.001226993865030675	0	0.0	1	0.001226993865030675	0.0	3.164894062909542e-05	grnboost2_Microglia_CASTJ_adj
Osbpl9	1	0.001226993865030675	1	0.001226993865030675	0	0.0	0.0	0.0022658150319424257	grnboost2_Microglia_CASTJ_adj
Gpc6	1	0.001226993865030675	1	0.001226993865030675	0	0.0	0.0	0.00010493931310743894	grnboost2_Microglia_CASTJ_adj
Pde3b	1	0.001226993865030675	1	0.001226993865030675	0	0.0	0.0	0.00025896022052662607	grnboost2_Microglia_CASTJ_adj
Ep400	1	0.001226993865030675	1	0.001226993865030675	0	0.0	0.0	0.0	grnboost2_Microglia_CASTJ_adj
Rictor	1	0.001226993865030675	1	0.001226993865030675	0	0.0	0.0	0.018362167496726183	grnboost2_Microglia_CASTJ_adj
Tnks	1	0.001226993865030675	1	0.001226993865030675	0	0.0	0.0	0.0019530980531861448	grnboost2_Microglia_CASTJ_adj
Zfat	1	0.001226993865030675	1	0.001226993865030675	0	0.0	0.0	0.000812920256284875	grnboost2_Microglia_CASTJ_adj
Rreb1	2	0.00245398773006135	0	0.0	2	0.00245398773006135	0.0	9.698392949685289e-06	grnboost2_Microglia_CASTJ_adj
Phc3	1	0.001226993865030675	1	0.001226993865030675	0	0.0	0.0	2.4658664512793326e-05	grnboost2_Microglia_CASTJ_adj
Iqsec2	1	0.001226993865030675	1	0.001226993865030675	0	0.0	0.0	4.135502347050524e-05	grnboost2_Microglia_CASTJ_adj
Ywhae	1	0.001226993865030675	0	0.0	1	0.001226993865030675	0.0	5.600452130797877e-21	grnboost2_Microglia_CASTJ_adj
1110019D14Rik	1	0.001226993865030675	1	0.001226993865030675	0	0.0	0.0	0.0	grnboost2_Microglia_CASTJ_adj
Rab3gap2	1	0.001226993865030675	1	0.001226993865030675	0	0.0	0.0	0.00046573262387775746	grnboost2_Microglia_CASTJ_adj
Dpy19l1	1	0.001226993865030675	1	0.001226993865030675	0	0.0	0.0	0.0002999400432278861	grnboost2_Microglia_CASTJ_adj
Cyrib	1	0.001226993865030675	1	0.001226993865030675	0	0.0	0.0	0.005832984737681517	grnboost2_Microglia_CASTJ_adj
Dock7	1	0.001226993865030675	1	0.001226993865030675	0	0.0	0.0	0.00020885676164697105	grnboost2_Microglia_CASTJ_adj
Yeats2	1	0.001226993865030675	1	0.001226993865030675	0	0.0	0.0	0.0002991710259920471	grnboost2_Microglia_CASTJ_adj
Magi1	1	0.001226993865030675	1	0.001226993865030675	0	0.0	0.0	0.01826409409304529	grnboost2_Microglia_CASTJ_adj
Yme1l1	1	0.001226993865030675	1	0.001226993865030675	0	0.0	0.0	3.5293164392221686e-07	grnboost2_Microglia_CASTJ_adj
Epb41l2	1	0.001226993865030675	1	0.001226993865030675	0	0.0	0.0	0.005817527375821008	grnboost2_Microglia_CASTJ_adj
Nup93	1	0.001226993865030675	1	0.001226993865030675	0	0.0	0.0	0.02394924256106411	grnboost2_Microglia_CASTJ_adj
Taf2	1	0.001226993865030675	1	0.001226993865030675	0	0.0	0.0	0.0	grnboost2_Microglia_CASTJ_adj
Soga1	1	0.001226993865030675	1	0.001226993865030675	0	0.0	0.0	0.00020844966758685462	grnboost2_Microglia_CASTJ_adj
Drosha	1	0.001226993865030675	1	0.001226993865030675	0	0.0	0.0	0.0003195332749456608	grnboost2_Microglia_CASTJ_adj
Frmd5	1	0.001226993865030675	1	0.001226993865030675	0	0.0	0.0	0.003587552328470561	grnboost2_Microglia_CASTJ_adj
Prkacb	1	0.001226993865030675	1	0.001226993865030675	0	0.0	0.0	0.003711727562733882	grnboost2_Microglia_CASTJ_adj
4933406I18Rik	1	0.001226993865030675	1	0.001226993865030675	0	0.0	0.0	4.6674812876571075e-05	grnboost2_Microglia_CASTJ_adj
Kcnma1	1	0.001226993865030675	1	0.001226993865030675	0	0.0	0.0	0.01820603903833127	grnboost2_Microglia_CASTJ_adj
Hmg20a	1	0.001226993865030675	0	0.0	1	0.001226993865030675	0.0	0.0	grnboost2_Microglia_CASTJ_adj
Fam118b	1	0.001226993865030675	1	0.001226993865030675	0	0.0	0.0	1.8060218792030894e-21	grnboost2_Microglia_CASTJ_adj
Micu1	2	0.00245398773006135	2	0.00245398773006135	0	0.0	0.0	0.02185146472491003	grnboost2_Microglia_CASTJ_adj
Zfp592	1	0.001226993865030675	0	0.0	1	0.001226993865030675	0.0	0.0013007824317538114	grnboost2_Microglia_CASTJ_adj
Mob4	1	0.001226993865030675	1	0.001226993865030675	0	0.0	0.0	0.0004601391734494532	grnboost2_Microglia_CASTJ_adj
Ktn1	1	0.001226993865030675	1	0.001226993865030675	0	0.0	0.0	1.5247935506563202e-05	grnboost2_Microglia_CASTJ_adj
Hbs1l	1	0.001226993865030675	1	0.001226993865030675	0	0.0	0.0	0.0006219137581951065	grnboost2_Microglia_CASTJ_adj
Ddx10	1	0.001226993865030675	1	0.001226993865030675	0	0.0	0.0	0.00016085789953663838	grnboost2_Microglia_CASTJ_adj
Plcl1	1	0.001226993865030675	1	0.001226993865030675	0	0.0	0.0	0.0002539472368807792	grnboost2_Microglia_CASTJ_adj
Gigyf2	1	0.001226993865030675	1	0.001226993865030675	0	0.0	0.0	0.0061276338312357195	grnboost2_Microglia_CASTJ_adj
Uri1	1	0.001226993865030675	1	0.001226993865030675	0	0.0	0.0	0.0035493857975561574	grnboost2_Microglia_CASTJ_adj
Daam1	1	0.001226993865030675	1	0.001226993865030675	0	0.0	0.0	3.483831080892006e-07	grnboost2_Microglia_CASTJ_adj
Lcor	1	0.001226993865030675	0	0.0	1	0.001226993865030675	0.0	0.0	grnboost2_Microglia_CASTJ_adj
Sclt1	1	0.001226993865030675	1	0.001226993865030675	0	0.0	0.0	1.3525885866888014e-20	grnboost2_Microglia_CASTJ_adj
Mib2	1	0.001226993865030675	1	0.001226993865030675	0	0.0	0.0	8.901382874186122e-05	grnboost2_Microglia_CASTJ_adj
Atp11a	1	0.001226993865030675	1	0.001226993865030675	0	0.0	0.0	0.011647854174475298	grnboost2_Microglia_CASTJ_adj
Hnrnpf	1	0.001226993865030675	1	0.001226993865030675	0	0.0	0.0	0.0007045231202356296	grnboost2_Microglia_CASTJ_adj
Atxn3	1	0.001226993865030675	1	0.001226993865030675	0	0.0	0.0	2.2855568201352691e-07	grnboost2_Microglia_CASTJ_adj
Zfp827	1	0.001226993865030675	1	0.001226993865030675	0	0.0	0.0	1.0976352624667263e-06	grnboost2_Microglia_CASTJ_adj
Tiam1	1	0.001226993865030675	1	0.001226993865030675	0	0.0	0.0	0.0004699455540983811	grnboost2_Microglia_CASTJ_adj
Etv6	1	0.001226993865030675	0	0.0	1	0.001226993865030675	0.0	2.50612537165171e-21	grnboost2_Microglia_CASTJ_adj
Gab2	1	0.001226993865030675	1	0.001226993865030675	0	0.0	0.0	0.0	grnboost2_Microglia_CASTJ_adj
Hivep2	25	0.16447368421052633	0	0.0	25	0.16447368421052633	0.0	0.009280741369125848	scenic_Microglia_B6J_reg
Lrrc7	35	0.23026315789473684	35	0.23026315789473684	0	0.0	0.0	0.18399703012136007	scenic_Microglia_B6J_reg
Thrb	1720	11.31578947368421	9	0.05921052631578947	1711	11.256578947368421	70.9999999999997	1.0	scenic_Microglia_B6J_reg
Kcnh7	19	0.125	19	0.125	0	0.0	0.0	0.1459360328948755	scenic_Microglia_B6J_reg
Adgrl3	34	0.2236842105263158	34	0.2236842105263158	0	0.0	0.0	0.1501919815709131	scenic_Microglia_B6J_reg
Syt1	34	0.2236842105263158	34	0.2236842105263158	0	0.0	0.0	0.2216454153471787	scenic_Microglia_B6J_reg
Cacna2d3	24	0.15789473684210525	24	0.15789473684210525	0	0.0	0.0	0.08790457385986103	scenic_Microglia_B6J_reg
Malat1	4	0.02631578947368421	4	0.02631578947368421	0	0.0	0.0	0.029369316030384993	scenic_Microglia_B6J_reg
Samd12	4	0.02631578947368421	4	0.02631578947368421	0	0.0	0.0	0.029325292781029178	scenic_Microglia_B6J_reg
Grin2b	1	0.006578947368421052	1	0.006578947368421052	0	0.0	0.0	6.524074390044665e-05	scenic_Microglia_B6J_reg
Ctnna2	33	0.21710526315789475	33	0.21710526315789475	0	0.0	0.0	0.23146396030718194	scenic_Microglia_B6J_reg
Nbea	34	0.2236842105263158	34	0.2236842105263158	0	0.0	0.0	0.146164725803946	scenic_Microglia_B6J_reg
Kcnq3	1	0.006578947368421052	1	0.006578947368421052	0	0.0	0.0	6.448786606934412e-05	scenic_Microglia_B6J_reg
Nrg3	1	0.006578947368421052	1	0.006578947368421052	0	0.0	0.0	6.342530075678556e-05	scenic_Microglia_B6J_reg
Dlgap2	30	0.19736842105263158	30	0.19736842105263158	0	0.0	0.0	0.20497089650676653	scenic_Microglia_B6J_reg
Tcf4	22	0.14473684210526316	0	0.0	22	0.14473684210526316	0.0	0.0	scenic_Microglia_B6J_reg
Cadm1	2	0.013157894736842105	2	0.013157894736842105	0	0.0	0.0	0.0	scenic_Microglia_B6J_reg
Robo2	27	0.17763157894736842	27	0.17763157894736842	0	0.0	0.0	0.11539793223322614	scenic_Microglia_B6J_reg
Oxr1	1	0.006578947368421052	1	0.006578947368421052	0	0.0	0.0	5.753134378904774e-05	scenic_Microglia_B6J_reg
Ptprd	2	0.013157894736842105	2	0.013157894736842105	0	0.0	0.0	6.041926931740515e-05	scenic_Microglia_B6J_reg
Cux1	7	0.046052631578947366	0	0.0	7	0.046052631578947366	0.0	0.000866441117564806	scenic_Microglia_B6J_reg
Rims1	1	0.006578947368421052	1	0.006578947368421052	0	0.0	0.0	5.326712176310817e-06	scenic_Microglia_B6J_reg
Gria3	9	0.05921052631578947	9	0.05921052631578947	0	0.0	0.0	0.042951827284970476	scenic_Microglia_B6J_reg
Kcnq5	1	0.006578947368421052	1	0.006578947368421052	0	0.0	0.0	5.685970418885952e-05	scenic_Microglia_B6J_reg
Arpp21	24	0.15789473684210525	24	0.15789473684210525	0	0.0	0.0	0.0857763080716619	scenic_Microglia_B6J_reg
Snap25	21	0.13815789473684212	21	0.13815789473684212	0	0.0	0.0	0.06513197636413118	scenic_Microglia_B6J_reg
Brinp1	1	0.006578947368421052	1	0.006578947368421052	0	0.0	0.0	5.5624515309649635e-05	scenic_Microglia_B6J_reg
Plcb1	24	0.15789473684210525	24	0.15789473684210525	0	0.0	0.0	0.09088313491444472	scenic_Microglia_B6J_reg
Epb41l3	34	0.2236842105263158	34	0.2236842105263158	0	0.0	0.0	0.20219912113626282	scenic_Microglia_B6J_reg
Ccser1	10	0.06578947368421052	10	0.06578947368421052	0	0.0	0.0	0.007176784920785447	scenic_Microglia_B6J_reg
Pcdh9	1	0.006578947368421052	1	0.006578947368421052	0	0.0	0.0	5.3970412019703254e-05	scenic_Microglia_B6J_reg
Enox1	1	0.006578947368421052	1	0.006578947368421052	0	0.0	0.0	5.396358525778674e-05	scenic_Microglia_B6J_reg
Sntg1	33	0.21710526315789475	33	0.21710526315789475	0	0.0	0.0	0.19173512083797242	scenic_Microglia_B6J_reg
Nlgn1	17	0.1118421052631579	17	0.1118421052631579	0	0.0	0.0	0.05247557183398841	scenic_Microglia_B6J_reg
Cacnb4	29	0.19078947368421054	29	0.19078947368421054	0	0.0	0.0	0.13221515350289917	scenic_Microglia_B6J_reg
Dlgap1	33	0.21710526315789475	33	0.21710526315789475	0	0.0	0.0	0.1889348033584564	scenic_Microglia_B6J_reg
Anks1b	1	0.006578947368421052	1	0.006578947368421052	0	0.0	0.0	5.271189646925639e-05	scenic_Microglia_B6J_reg
Rian	10	0.06578947368421052	10	0.06578947368421052	0	0.0	0.0	0.056721492602259595	scenic_Microglia_B6J_reg
Prkcb	5	0.03289473684210526	5	0.03289473684210526	0	0.0	0.0	0.02825313128045451	scenic_Microglia_B6J_reg
Gphn	34	0.2236842105263158	34	0.2236842105263158	0	0.0	0.0	0.19211949627037886	scenic_Microglia_B6J_reg
Erc2	1	0.006578947368421052	1	0.006578947368421052	0	0.0	0.0	5.095136493605358e-05	scenic_Microglia_B6J_reg
Lncpint	1	0.006578947368421052	1	0.006578947368421052	0	0.0	0.0	5.084992357127644e-05	scenic_Microglia_B6J_reg
Mdga2	34	0.2236842105263158	34	0.2236842105263158	0	0.0	0.0	0.13856924073983617	scenic_Microglia_B6J_reg
Mllt3	1	0.006578947368421052	1	0.006578947368421052	0	0.0	0.0	4.92993280780431e-05	scenic_Microglia_B6J_reg
Fgf12	41	0.26973684210526316	41	0.26973684210526316	0	0.0	0.0	0.1678641648291419	scenic_Microglia_B6J_reg
Ptprn2	1	0.006578947368421052	1	0.006578947368421052	0	0.0	0.0	0.005098850775622046	scenic_Microglia_B6J_reg
Dpp10	33	0.21710526315789475	33	0.21710526315789475	0	0.0	0.0	0.16705547486750175	scenic_Microglia_B6J_reg
Dclk1	35	0.23026315789473684	35	0.23026315789473684	0	0.0	0.0	0.13819847689429865	scenic_Microglia_B6J_reg
Dlg2	12	0.07894736842105263	12	0.07894736842105263	0	0.0	0.0	0.05214320187229906	scenic_Microglia_B6J_reg
Dab1	42	0.27631578947368424	42	0.27631578947368424	0	0.0	0.0	0.17253179763861953	scenic_Microglia_B6J_reg
Nr2c2	2	0.013157894736842105	0	0.0	2	0.013157894736842105	0.0	0.0	scenic_Microglia_B6J_reg
Rgs7	1	0.006578947368421052	1	0.006578947368421052	0	0.0	0.0	0.0	scenic_Microglia_B6J_reg
Kcnma1	25	0.16447368421052633	25	0.16447368421052633	0	0.0	0.0	0.10169208221626362	scenic_Microglia_B6J_reg
Gnao1	2	0.013157894736842105	2	0.013157894736842105	0	0.0	0.0	0.0	scenic_Microglia_B6J_reg
Adgrb3	34	0.2236842105263158	34	0.2236842105263158	0	0.0	0.0	0.16576984169829445	scenic_Microglia_B6J_reg
Sgip1	12	0.07894736842105263	12	0.07894736842105263	0	0.0	0.0	0.05733329720611363	scenic_Microglia_B6J_reg
Ube2k	1	0.006578947368421052	0	0.0	1	0.006578947368421052	0.0	0.000308332567262646	scenic_Microglia_B6J_reg
Agbl4	17	0.1118421052631579	17	0.1118421052631579	0	0.0	0.0	0.0648713655345697	scenic_Microglia_B6J_reg
Gpatch8	25	0.16447368421052633	25	0.16447368421052633	0	0.0	0.0	0.1183757808645202	scenic_Microglia_B6J_reg
Mllt10	169	1.111842105263158	34	0.2236842105263158	135	0.8881578947368421	6.999999999999997	0.23365562756368255	scenic_Microglia_B6J_reg
Tnik	23	0.1513157894736842	23	0.1513157894736842	0	0.0	0.0	0.10619255835717452	scenic_Microglia_B6J_reg
Focad	26	0.17105263157894737	26	0.17105263157894737	0	0.0	0.0	0.11809361625758608	scenic_Microglia_B6J_reg
Celf2	25	0.16447368421052633	25	0.16447368421052633	0	0.0	0.0	0.11294180034232586	scenic_Microglia_B6J_reg
Ncoa1	24	0.15789473684210525	24	0.15789473684210525	0	0.0	0.0	0.10835161435265388	scenic_Microglia_B6J_reg
Dgkh	20	0.13157894736842105	20	0.13157894736842105	0	0.0	0.0	0.06427027507745038	scenic_Microglia_B6J_reg
Unc80	34	0.2236842105263158	34	0.2236842105263158	0	0.0	0.0	0.15310929758653102	scenic_Microglia_B6J_reg
Cntln	9	0.05921052631578947	9	0.05921052631578947	0	0.0	0.0	0.039836492834564294	scenic_Microglia_B6J_reg
Etv5	17	0.1118421052631579	0	0.0	17	0.1118421052631579	0.0	0.00037579638694179357	scenic_Microglia_B6J_reg
Cdk14	1	0.006578947368421052	1	0.006578947368421052	0	0.0	0.0	3.751863054845847e-06	scenic_Microglia_B6J_reg
Chsy3	43	0.28289473684210525	43	0.28289473684210525	0	0.0	0.0	0.15392421249737986	scenic_Microglia_B6J_reg
Spred2	17	0.1118421052631579	17	0.1118421052631579	0	0.0	0.0	0.07189109395692397	scenic_Microglia_B6J_reg
Nos1ap	10	0.06578947368421052	10	0.06578947368421052	0	0.0	0.0	0.04220921769670938	scenic_Microglia_B6J_reg
Ptk2	27	0.17763157894736842	27	0.17763157894736842	0	0.0	0.0	0.1138596314428683	scenic_Microglia_B6J_reg
Rbfox2	5	0.03289473684210526	5	0.03289473684210526	0	0.0	0.0	0.020733001814264528	scenic_Microglia_B6J_reg
Rfx3	3	0.019736842105263157	0	0.0	3	0.019736842105263157	0.0	0.0	scenic_Microglia_B6J_reg
Cntn5	1	0.006578947368421052	1	0.006578947368421052	0	0.0	0.0	0.0	scenic_Microglia_B6J_reg
Stox2	26	0.17105263157894737	26	0.17105263157894737	0	0.0	0.0	0.10674720192766865	scenic_Microglia_B6J_reg
Prickle1	30	0.19736842105263158	30	0.19736842105263158	0	0.0	0.0	0.12310147477961528	scenic_Microglia_B6J_reg
Cntn1	34	0.2236842105263158	34	0.2236842105263158	0	0.0	0.0	0.13883207900124275	scenic_Microglia_B6J_reg
Cntnap2	34	0.2236842105263158	34	0.2236842105263158	0	0.0	0.0	0.13813712065678588	scenic_Microglia_B6J_reg
Sptbn1	1	0.006578947368421052	1	0.006578947368421052	0	0.0	0.0	0.0040615944169384195	scenic_Microglia_B6J_reg
Exoc6b	6	0.039473684210526314	6	0.039473684210526314	0	0.0	0.0	0.024301114370570146	scenic_Microglia_B6J_reg
Lrrc4c	20	0.13157894736842105	20	0.13157894736842105	0	0.0	0.0	0.08097726662877504	scenic_Microglia_B6J_reg
Nr3c1	4	0.02631578947368421	0	0.0	4	0.02631578947368421	0.0	0.0	scenic_Microglia_B6J_reg
Mtmr12	4	0.02631578947368421	4	0.02631578947368421	0	0.0	0.0	0.0	scenic_Microglia_B6J_reg
Ralyl	23	0.1513157894736842	23	0.1513157894736842	0	0.0	0.0	0.0915538221038681	scenic_Microglia_B6J_reg
Meg3	18	0.11842105263157894	18	0.11842105263157894	0	0.0	0.0	0.0463825745442766	scenic_Microglia_B6J_reg
Nfat5	2	0.013157894736842105	2	0.013157894736842105	0	0.0	0.0	0.0	scenic_Microglia_B6J_reg
Zfp407	20	0.13157894736842105	0	0.0	20	0.13157894736842105	0.0	0.00012980962814633873	scenic_Microglia_B6J_reg
Map2	5	0.03289473684210526	5	0.03289473684210526	0	0.0	0.0	2.5631990746920773e-06	scenic_Microglia_B6J_reg
Hdac9	21	0.13815789473684212	21	0.13815789473684212	0	0.0	0.0	0.08189482326901021	scenic_Microglia_B6J_reg
Znrf3	2	0.013157894736842105	2	0.013157894736842105	0	0.0	0.0	0.0	scenic_Microglia_B6J_reg
Ppp2r2b	9	0.05921052631578947	9	0.05921052631578947	0	0.0	0.0	0.008075094579430687	scenic_Microglia_B6J_reg
Ptprt	2	0.013157894736842105	2	0.013157894736842105	0	0.0	0.0	0.0	scenic_Microglia_B6J_reg
Zbtb20	18	0.11842105263157894	0	0.0	18	0.11842105263157894	0.0	0.0	scenic_Microglia_B6J_reg
Slc1a2	4	0.02631578947368421	4	0.02631578947368421	0	0.0	0.0	0.0	scenic_Microglia_B6J_reg
Sipa1l1	24	0.15789473684210525	24	0.15789473684210525	0	0.0	0.0	0.09062383708926022	scenic_Microglia_B6J_reg
Nfia	7	0.046052631578947366	7	0.046052631578947366	0	0.0	0.0	0.0	scenic_Microglia_B6J_reg
Frmd4a	2	0.013157894736842105	2	0.013157894736842105	0	0.0	0.0	0.0	scenic_Microglia_B6J_reg
Trps1	2	0.013157894736842105	2	0.013157894736842105	0	0.0	0.0	0.0	scenic_Microglia_B6J_reg
Gabrb3	23	0.1513157894736842	23	0.1513157894736842	0	0.0	0.0	0.07125101299527381	scenic_Microglia_B6J_reg
Robo1	20	0.13157894736842105	20	0.13157894736842105	0	0.0	0.0	0.07431731419725894	scenic_Microglia_B6J_reg
Opcml	1	0.006578947368421052	1	0.006578947368421052	0	0.0	0.0	1.3841951603885353e-06	scenic_Microglia_B6J_reg
Zfp467	1	0.006578947368421052	0	0.0	1	0.006578947368421052	0.0	0.0	scenic_Microglia_B6J_reg
Cars	1	0.006578947368421052	1	0.006578947368421052	0	0.0	0.0	0.0	scenic_Microglia_B6J_reg
Nfic	5	0.03289473684210526	0	0.0	5	0.03289473684210526	0.0	0.0	scenic_Microglia_B6J_reg
Rbpj	5	0.03289473684210526	5	0.03289473684210526	0	0.0	0.0	0.0	scenic_Microglia_B6J_reg
Atp2b2	5	0.03289473684210526	5	0.03289473684210526	0	0.0	0.0	0.004267258909009717	scenic_Microglia_B6J_reg
Csmd2	15	0.09868421052631579	15	0.09868421052631579	0	0.0	0.0	0.054245339099771264	scenic_Microglia_B6J_reg
Rbm6	20	0.13157894736842105	20	0.13157894736842105	0	0.0	0.0	0.07180572996689877	scenic_Microglia_B6J_reg
Macf1	2	0.013157894736842105	2	0.013157894736842105	0	0.0	0.0	0.0	scenic_Microglia_B6J_reg
Negr1	1	0.006578947368421052	1	0.006578947368421052	0	0.0	0.0	3.0836873591008e-06	scenic_Microglia_B6J_reg
Magi2	14	0.09210526315789473	14	0.09210526315789473	0	0.0	0.0	1.8691226770704124e-05	scenic_Microglia_B6J_reg
Cacna1e	1	0.006578947368421052	1	0.006578947368421052	0	0.0	0.0	0.0	scenic_Microglia_B6J_reg
Tnrc6c	14	0.09210526315789473	14	0.09210526315789473	0	0.0	0.0	0.007336636804267244	scenic_Microglia_B6J_reg
Zfp148	23	0.1513157894736842	0	0.0	23	0.1513157894736842	0.0	0.0	scenic_Microglia_B6J_reg
Arl15	23	0.1513157894736842	23	0.1513157894736842	0	0.0	0.0	0.0	scenic_Microglia_B6J_reg
Hs6st3	9	0.05921052631578947	9	0.05921052631578947	0	0.0	0.0	0.007393490914093807	scenic_Microglia_B6J_reg
Eml6	3	0.019736842105263157	3	0.019736842105263157	0	0.0	0.0	0.010544821333978391	scenic_Microglia_B6J_reg
Nrcam	5	0.03289473684210526	5	0.03289473684210526	0	0.0	0.0	2.280661903727143e-06	scenic_Microglia_B6J_reg
Ctnnd2	33	0.21710526315789475	33	0.21710526315789475	0	0.0	0.0	0.09121015147318681	scenic_Microglia_B6J_reg
Grm7	14	0.09210526315789473	14	0.09210526315789473	0	0.0	0.0	0.0486503821584268	scenic_Microglia_B6J_reg
Myo9a	2	0.013157894736842105	2	0.013157894736842105	0	0.0	0.0	0.0	scenic_Microglia_B6J_reg
Ppm1l	24	0.15789473684210525	24	0.15789473684210525	0	0.0	0.0	0.0832953976838531	scenic_Microglia_B6J_reg
Sema6d	24	0.15789473684210525	24	0.15789473684210525	0	0.0	0.0	0.08315860619077552	scenic_Microglia_B6J_reg
Camta1	24	0.15789473684210525	24	0.15789473684210525	0	0.0	0.0	0.08302684987394604	scenic_Microglia_B6J_reg
Osbpl8	1	0.006578947368421052	1	0.006578947368421052	0	0.0	0.0	0.0	scenic_Microglia_B6J_reg
Foxo1	7	0.046052631578947366	7	0.046052631578947366	0	0.0	0.0	0.0	scenic_Microglia_B6J_reg
Macrod2	23	0.1513157894736842	23	0.1513157894736842	0	0.0	0.0	0.07913182573886449	scenic_Microglia_B6J_reg
Kcnip4	2	0.013157894736842105	2	0.013157894736842105	0	0.0	0.0	0.006849654579424236	scenic_Microglia_B6J_reg
Unc5c	23	0.1513157894736842	23	0.1513157894736842	0	0.0	0.0	0.07859822362887103	scenic_Microglia_B6J_reg
Cacna2d1	1	0.006578947368421052	1	0.006578947368421052	0	0.0	0.0	0.0	scenic_Microglia_B6J_reg
Dok6	5	0.03289473684210526	5	0.03289473684210526	0	0.0	0.0	2.2097617269153985e-06	scenic_Microglia_B6J_reg
Kcnd2	21	0.13815789473684212	21	0.13815789473684212	0	0.0	0.0	0.07118038463798128	scenic_Microglia_B6J_reg
Itpr1	14	0.09210526315789473	14	0.09210526315789473	0	0.0	0.0	0.04711152959449836	scenic_Microglia_B6J_reg
Pbx1	5	0.03289473684210526	5	0.03289473684210526	0	0.0	0.0	0.016662814184733907	scenic_Microglia_B6J_reg
Lrp1b	20	0.13157894736842105	20	0.13157894736842105	0	0.0	0.0	0.06648564120428947	scenic_Microglia_B6J_reg
Myo5a	8	0.05263157894736842	8	0.05263157894736842	0	0.0	0.0	0.006201655234599447	scenic_Microglia_B6J_reg
Phf21a	23	0.1513157894736842	23	0.1513157894736842	0	0.0	0.0	0.07609676790188333	scenic_Microglia_B6J_reg
Mef2a	1	0.006578947368421052	0	0.0	1	0.006578947368421052	0.0	0.0	scenic_Microglia_B6J_reg
Plxdc2	1	0.006578947368421052	1	0.006578947368421052	0	0.0	0.0	0.0	scenic_Microglia_B6J_reg
R3hdm1	16	0.10526315789473684	16	0.10526315789473684	0	0.0	0.0	0.05256487042264324	scenic_Microglia_B6J_reg
Adam22	1	0.006578947368421052	1	0.006578947368421052	0	0.0	0.0	2.8283713276651667e-06	scenic_Microglia_B6J_reg
Ppfia2	16	0.10526315789473684	16	0.10526315789473684	0	0.0	0.0	0.05218841054179493	scenic_Microglia_B6J_reg
Asic2	7	0.046052631578947366	7	0.046052631578947366	0	0.0	0.0	0.022762277925456938	scenic_Microglia_B6J_reg
Ntrk3	1	0.006578947368421052	1	0.006578947368421052	0	0.0	0.0	0.0007577491946905081	scenic_Microglia_B6J_reg
Tra2a	2	0.013157894736842105	2	0.013157894736842105	0	0.0	0.0	0.0	scenic_Microglia_B6J_reg
Xkr4	2	0.013157894736842105	2	0.013157894736842105	0	0.0	0.0	0.0	scenic_Microglia_B6J_reg
Pi4ka	18	0.11842105263157894	18	0.11842105263157894	0	0.0	0.0	0.058078843972986384	scenic_Microglia_B6J_reg
Chd2	5	0.03289473684210526	0	0.0	5	0.03289473684210526	0.0	0.0	scenic_Microglia_B6J_reg
Gpc6	5	0.03289473684210526	5	0.03289473684210526	0	0.0	0.0	0.0	scenic_Microglia_B6J_reg
Grm5	16	0.10526315789473684	16	0.10526315789473684	0	0.0	0.0	0.05135921261187233	scenic_Microglia_B6J_reg
Otud7a	3	0.019736842105263157	3	0.019736842105263157	0	0.0	0.0	0.00954939975490367	scenic_Microglia_B6J_reg
Mbnl2	195	0.7386363636363636	0	0.0	195	0.7386363636363636	0.0	0.14115428573604405	scenic_Microglia_CASTJ_reg
Adgrl3	4	0.015151515151515152	4	0.015151515151515152	0	0.0	0.0	0.014768364505422503	scenic_Microglia_CASTJ_reg
Rbfox1	10	0.03787878787878788	10	0.03787878787878788	0	0.0	0.0	0.0700601781103065	scenic_Microglia_CASTJ_reg
Klf12	428	1.621212121212121	0	0.0	428	1.621212121212121	0.0	1.0	scenic_Microglia_CASTJ_reg
Dcc	5	0.01893939393939394	5	0.01893939393939394	0	0.0	0.0	0.1166438554421111	scenic_Microglia_CASTJ_reg
Mtf2	138	0.5227272727272727	0	0.0	138	0.5227272727272727	0.0	0.0014769699251669637	scenic_Microglia_CASTJ_reg
Meg3	5	0.01893939393939394	5	0.01893939393939394	0	0.0	0.0	0.00017108900546367723	scenic_Microglia_CASTJ_reg
Map1b	5	0.01893939393939394	5	0.01893939393939394	0	0.0	0.0	0.0001694901454196228	scenic_Microglia_CASTJ_reg
Stox2	14	0.05303030303030303	14	0.05303030303030303	0	0.0	0.0	0.3131823772390572	scenic_Microglia_CASTJ_reg
Grin2b	14	0.05303030303030303	14	0.05303030303030303	0	0.0	0.0	0.09877676771637021	scenic_Microglia_CASTJ_reg
Frmpd4	21	0.07954545454545454	21	0.07954545454545454	0	0.0	0.0	0.04503173684259924	scenic_Microglia_CASTJ_reg
Sntg1	4	0.015151515151515152	4	0.015151515151515152	0	0.0	0.0	0.011183869701526608	scenic_Microglia_CASTJ_reg
Grik2	16	0.06060606060606061	16	0.06060606060606061	0	0.0	0.0	0.27908897463941895	scenic_Microglia_CASTJ_reg
Gabrg3	37	0.14015151515151514	37	0.14015151515151514	0	0.0	0.0	0.3523504008695344	scenic_Microglia_CASTJ_reg
Mllt10	12	0.045454545454545456	0	0.0	12	0.045454545454545456	0.0	0.001000354055724792	scenic_Microglia_CASTJ_reg
Prkg1	2	0.007575757575757576	2	0.007575757575757576	0	0.0	0.0	3.773634336867236e-05	scenic_Microglia_CASTJ_reg
Ppp3ca	4	0.015151515151515152	4	0.015151515151515152	0	0.0	0.0	0.010128900379142719	scenic_Microglia_CASTJ_reg
Nr3c1	382	1.446969696969697	3	0.011363636363636364	379	1.4356060606060606	20.999999999999954	0.1836827069149935	scenic_Microglia_CASTJ_reg
Plcb1	17	0.06439393939393939	17	0.06439393939393939	0	0.0	0.0	0.05581820898722152	scenic_Microglia_CASTJ_reg
Cntnap2	19	0.07196969696969698	19	0.07196969696969698	0	0.0	0.0	0.062023951341214134	scenic_Microglia_CASTJ_reg
Hs6st3	18	0.06818181818181818	18	0.06818181818181818	0	0.0	0.0	0.03822427992623339	scenic_Microglia_CASTJ_reg
Csmd1	19	0.07196969696969698	19	0.07196969696969698	0	0.0	0.0	0.05728545498219176	scenic_Microglia_CASTJ_reg
Sorbs1	4	0.015151515151515152	4	0.015151515151515152	0	0.0	0.0	0.009703125266717242	scenic_Microglia_CASTJ_reg
Cnksr2	4	0.015151515151515152	4	0.015151515151515152	0	0.0	0.0	0.009637912808493965	scenic_Microglia_CASTJ_reg
Lrrc7	4	0.015151515151515152	4	0.015151515151515152	0	0.0	0.0	0.009557430688257026	scenic_Microglia_CASTJ_reg
Sgcz	19	0.07196969696969698	19	0.07196969696969698	0	0.0	0.0	0.2530643506637531	scenic_Microglia_CASTJ_reg
Anks1b	40	0.15151515151515152	40	0.15151515151515152	0	0.0	0.0	0.3157304699774019	scenic_Microglia_CASTJ_reg
Atp2b1	5	0.01893939393939394	5	0.01893939393939394	0	0.0	0.0	0.00012203513756763589	scenic_Microglia_CASTJ_reg
Cadm2	4	0.015151515151515152	4	0.015151515151515152	0	0.0	0.0	0.00932303928088814	scenic_Microglia_CASTJ_reg
Ncam2	4	0.015151515151515152	4	0.015151515151515152	0	0.0	0.0	0.009299812735114215	scenic_Microglia_CASTJ_reg
Cacna2d3	15	0.056818181818181816	15	0.056818181818181816	0	0.0	0.0	0.14747842258696675	scenic_Microglia_CASTJ_reg
Ralyl	5	0.01893939393939394	5	0.01893939393939394	0	0.0	0.0	0.00012017320229945924	scenic_Microglia_CASTJ_reg
Foxp1	21	0.07954545454545454	21	0.07954545454545454	0	0.0	0.0	0.03651354820873191	scenic_Microglia_CASTJ_reg
Tenm2	1	0.003787878787878788	1	0.003787878787878788	0	0.0	0.0	0.002857441689698151	scenic_Microglia_CASTJ_reg
Kcnip4	1	0.003787878787878788	1	0.003787878787878788	0	0.0	0.0	0.015535149280584623	scenic_Microglia_CASTJ_reg
Nedd4l	4	0.015151515151515152	4	0.015151515151515152	0	0.0	0.0	0.011401921861302032	scenic_Microglia_CASTJ_reg
Epb41l3	5	0.01893939393939394	5	0.01893939393939394	0	0.0	0.0	0.00011436121052015612	scenic_Microglia_CASTJ_reg
Tcf4	35	0.13257575757575757	0	0.0	35	0.13257575757575757	0.0	0.003916655081969401	scenic_Microglia_CASTJ_reg
Nkain2	15	0.056818181818181816	15	0.056818181818181816	0	0.0	0.0	0.08436900891060195	scenic_Microglia_CASTJ_reg
Syne1	5	0.01893939393939394	5	0.01893939393939394	0	0.0	0.0	0.00011238382265551295	scenic_Microglia_CASTJ_reg
Grm5	14	0.05303030303030303	14	0.05303030303030303	0	0.0	0.0	0.10637204913529813	scenic_Microglia_CASTJ_reg
Zbtb20	101	0.38257575757575757	0	0.0	101	0.38257575757575757	0.0	9.634192430412455e-05	scenic_Microglia_CASTJ_reg
Thrb	178	0.6742424242424242	7	0.026515151515151516	171	0.6477272727272727	13.999999999999982	0.0005606760147638981	scenic_Microglia_CASTJ_reg
Pura	35	0.13257575757575757	0	0.0	35	0.13257575757575757	0.0	7.968510339536685e-06	scenic_Microglia_CASTJ_reg
Ryr2	13	0.04924242424242424	13	0.04924242424242424	0	0.0	0.0	2.567149179583366e-05	scenic_Microglia_CASTJ_reg
Pou2f1	7	0.026515151515151516	0	0.0	7	0.026515151515151516	0.0	1.1107129278668059e-06	scenic_Microglia_CASTJ_reg
Mdga2	3	0.011363636363636364	3	0.011363636363636364	0	0.0	0.0	2.0506476377792885e-05	scenic_Microglia_CASTJ_reg
Epha6	42	0.1590909090909091	42	0.1590909090909091	0	0.0	0.0	0.2628433897815194	scenic_Microglia_CASTJ_reg
Cacna2d1	24	0.09090909090909091	24	0.09090909090909091	0	0.0	0.0	0.00013152902520284596	scenic_Microglia_CASTJ_reg
Gria2	8	0.030303030303030304	8	0.030303030303030304	0	0.0	0.0	0.00010973974386144099	scenic_Microglia_CASTJ_reg
Zfhx2	16	0.06060606060606061	0	0.0	16	0.06060606060606061	0.0	7.671956285382193e-06	scenic_Microglia_CASTJ_reg
Irf2	1	0.003787878787878788	0	0.0	1	0.003787878787878788	0.0	2.0378091778755313e-06	scenic_Microglia_CASTJ_reg
Rgs7	17	0.06439393939393939	17	0.06439393939393939	0	0.0	0.0	0.00013921877597598066	scenic_Microglia_CASTJ_reg
Grip1	15	0.056818181818181816	15	0.056818181818181816	0	0.0	0.0	0.2173986052627157	scenic_Microglia_CASTJ_reg
Lrp1b	14	0.05303030303030303	14	0.05303030303030303	0	0.0	0.0	0.02328618925853071	scenic_Microglia_CASTJ_reg
Gtf2ird1	8	0.030303030303030304	0	0.0	8	0.030303030303030304	0.0	2.578341007518662e-06	scenic_Microglia_CASTJ_reg
Robo2	22	0.08333333333333333	22	0.08333333333333333	0	0.0	0.0	2.8873211772854183e-05	scenic_Microglia_CASTJ_reg
Nfia	16	0.06060606060606061	0	0.0	16	0.06060606060606061	0.0	1.7348930793570594e-07	scenic_Microglia_CASTJ_reg
Slc1a2	7	0.026515151515151516	7	0.026515151515151516	0	0.0	0.0	4.006352000988766e-06	scenic_Microglia_CASTJ_reg
Nrg3	4	0.015151515151515152	4	0.015151515151515152	0	0.0	0.0	0.007987960244992676	scenic_Microglia_CASTJ_reg
Unc80	8	0.030303030303030304	8	0.030303030303030304	0	0.0	0.0	6.585405051929762e-05	scenic_Microglia_CASTJ_reg
Atxn1	4	0.015151515151515152	4	0.015151515151515152	0	0.0	0.0	0.007891509949602742	scenic_Microglia_CASTJ_reg
Large1	23	0.08712121212121213	23	0.08712121212121213	0	0.0	0.0	0.03565237377061285	scenic_Microglia_CASTJ_reg
Kcnd2	17	0.06439393939393939	17	0.06439393939393939	0	0.0	0.0	0.19725027772498233	scenic_Microglia_CASTJ_reg
Gria4	4	0.015151515151515152	4	0.015151515151515152	0	0.0	0.0	0.007722276451161361	scenic_Microglia_CASTJ_reg
Zfyve28	7	0.026515151515151516	7	0.026515151515151516	0	0.0	0.0	5.351162961307334e-05	scenic_Microglia_CASTJ_reg
Kirrel3	31	0.11742424242424243	31	0.11742424242424243	0	0.0	0.0	0.21321008692258997	scenic_Microglia_CASTJ_reg
Zfp407	22	0.08333333333333333	0	0.0	22	0.08333333333333333	0.0	0.0050436647405082136	scenic_Microglia_CASTJ_reg
Rora	20	0.07575757575757576	20	0.07575757575757576	0	0.0	0.0	0.002971475250150546	scenic_Microglia_CASTJ_reg
Macrod2	14	0.05303030303030303	14	0.05303030303030303	0	0.0	0.0	0.18509461383886527	scenic_Microglia_CASTJ_reg
Arntl	16	0.06060606060606061	0	0.0	16	0.06060606060606061	0.0	3.511338906798555e-07	scenic_Microglia_CASTJ_reg
Gnao1	11	0.041666666666666664	11	0.041666666666666664	0	0.0	0.0	6.626596885126187e-06	scenic_Microglia_CASTJ_reg
Nlgn1	21	0.07954545454545454	21	0.07954545454545454	0	0.0	0.0	0.20113408905130786	scenic_Microglia_CASTJ_reg
Pde8b	14	0.05303030303030303	14	0.05303030303030303	0	0.0	0.0	0.03020501702048704	scenic_Microglia_CASTJ_reg
Kctd16	4	0.015151515151515152	4	0.015151515151515152	0	0.0	0.0	0.009264122211858726	scenic_Microglia_CASTJ_reg
Tnik	14	0.05303030303030303	14	0.05303030303030303	0	0.0	0.0	0.1751983700404793	scenic_Microglia_CASTJ_reg
Utrn	18	0.06818181818181818	18	0.06818181818181818	0	0.0	0.0	0.16583785993388434	scenic_Microglia_CASTJ_reg
Adk	15	0.056818181818181816	15	0.056818181818181816	0	0.0	0.0	0.034109628477453656	scenic_Microglia_CASTJ_reg
Pot1a	5	0.01893939393939394	5	0.01893939393939394	0	0.0	0.0	0.011340091534484086	scenic_Microglia_CASTJ_reg
Negr1	4	0.015151515151515152	4	0.015151515151515152	0	0.0	0.0	0.006965152822422967	scenic_Microglia_CASTJ_reg
Cacnb4	11	0.041666666666666664	11	0.041666666666666664	0	0.0	0.0	0.00018998181666841728	scenic_Microglia_CASTJ_reg
Dpp10	8	0.030303030303030304	8	0.030303030303030304	0	0.0	0.0	0.00021503706714909724	scenic_Microglia_CASTJ_reg
Mecp2	5	0.01893939393939394	0	0.0	5	0.01893939393939394	0.0	1.9000011732696353e-06	scenic_Microglia_CASTJ_reg
Auts2	8	0.030303030303030304	8	0.030303030303030304	0	0.0	0.0	5.6600935004122755e-06	scenic_Microglia_CASTJ_reg
Kcnq5	4	0.015151515151515152	4	0.015151515151515152	0	0.0	0.0	0.006834916100678417	scenic_Microglia_CASTJ_reg
Msi2	7	0.026515151515151516	7	0.026515151515151516	0	0.0	0.0	8.097990930104718e-06	scenic_Microglia_CASTJ_reg
Bclaf1	18	0.06818181818181818	0	0.0	18	0.06818181818181818	0.0	6.43456225019071e-06	scenic_Microglia_CASTJ_reg
Pip5k1c	2	0.007575757575757576	2	0.007575757575757576	0	0.0	0.0	1.5314142537736632e-07	scenic_Microglia_CASTJ_reg
Zfp148	212	0.803030303030303	0	0.0	212	0.803030303030303	0.0	0.31578732595778825	scenic_Microglia_CASTJ_reg
Dpp6	10	0.03787878787878788	10	0.03787878787878788	0	0.0	0.0	0.04933882384620408	scenic_Microglia_CASTJ_reg
Tcf12	8	0.030303030303030304	0	0.0	8	0.030303030303030304	0.0	0.003066820140824591	scenic_Microglia_CASTJ_reg
Gphn	1	0.003787878787878788	1	0.003787878787878788	0	0.0	0.0	1.3051434312390797e-08	scenic_Microglia_CASTJ_reg
Dgki	21	0.07954545454545454	21	0.07954545454545454	0	0.0	0.0	0.1223293857356963	scenic_Microglia_CASTJ_reg
Slc44a1	4	0.015151515151515152	4	0.015151515151515152	0	0.0	0.0	0.0065931347056334385	scenic_Microglia_CASTJ_reg
Fry	3	0.011363636363636364	3	0.011363636363636364	0	0.0	0.0	0.004926621141881005	scenic_Microglia_CASTJ_reg
Celf4	1	0.003787878787878788	1	0.003787878787878788	0	0.0	0.0	1.145818882750392e-05	scenic_Microglia_CASTJ_reg
Ppfia2	37	0.14015151515151514	37	0.14015151515151514	0	0.0	0.0	0.0895552089969365	scenic_Microglia_CASTJ_reg
Gpm6b	6	0.022727272727272728	6	0.022727272727272728	0	0.0	0.0	7.115241426959351e-05	scenic_Microglia_CASTJ_reg
Rfx3	4	0.015151515151515152	4	0.015151515151515152	0	0.0	0.0	0.006315502819329073	scenic_Microglia_CASTJ_reg
Agtpbp1	2	0.007575757575757576	2	0.007575757575757576	0	0.0	0.0	6.841515942944549e-05	scenic_Microglia_CASTJ_reg
Ccser1	16	0.06060606060606061	16	0.06060606060606061	0	0.0	0.0	0.03261903224776074	scenic_Microglia_CASTJ_reg
Plekha5	2	0.007575757575757576	2	0.007575757575757576	0	0.0	0.0	0.0031180920140561103	scenic_Microglia_CASTJ_reg
Atf2	2	0.007575757575757576	0	0.0	2	0.007575757575757576	0.0	9.204564332179256e-20	scenic_Microglia_CASTJ_reg
Nova1	2	0.007575757575757576	2	0.007575757575757576	0	0.0	0.0	7.602814532759573e-20	scenic_Microglia_CASTJ_reg
Herpud2	3	0.011363636363636364	3	0.011363636363636364	0	0.0	0.0	0.0001269362425180302	scenic_Microglia_CASTJ_reg
Diaph2	3	0.011363636363636364	3	0.011363636363636364	0	0.0	0.0	0.0045663321125929985	scenic_Microglia_CASTJ_reg
Xist	1	0.003787878787878788	1	0.003787878787878788	0	0.0	0.0	6.0421547397366906e-06	scenic_Microglia_CASTJ_reg
Pde10a	5	0.01893939393939394	5	0.01893939393939394	0	0.0	0.0	0.0031904748377296547	scenic_Microglia_CASTJ_reg
Spred1	17	0.06439393939393939	17	0.06439393939393939	0	0.0	0.0	0.15327493251987218	scenic_Microglia_CASTJ_reg
Focad	3	0.011363636363636364	3	0.011363636363636364	0	0.0	0.0	2.4584888860404665e-07	scenic_Microglia_CASTJ_reg
Kcnq3	18	0.06818181818181818	18	0.06818181818181818	0	0.0	0.0	0.16430063053055452	scenic_Microglia_CASTJ_reg
St7	3	0.011363636363636364	3	0.011363636363636364	0	0.0	0.0	1.1121106430312047e-08	scenic_Microglia_CASTJ_reg
Tusc3	3	0.011363636363636364	3	0.011363636363636364	0	0.0	0.0	0.004455665563978851	scenic_Microglia_CASTJ_reg
Ube2k	2	0.007575757575757576	0	0.0	2	0.007575757575757576	0.0	0.0011018206231525728	scenic_Microglia_CASTJ_reg
Dlgap1	26	0.09848484848484848	26	0.09848484848484848	0	0.0	0.0	0.05246139115324047	scenic_Microglia_CASTJ_reg
Ttc3	14	0.05303030303030303	14	0.05303030303030303	0	0.0	0.0	7.745290045750102e-05	scenic_Microglia_CASTJ_reg
Klf7	99	0.375	0	0.0	99	0.375	0.0	1.9793983788876243e-06	scenic_Microglia_CASTJ_reg
Frmd4a	21	0.07954545454545454	21	0.07954545454545454	0	0.0	0.0	4.3259492768331695e-07	scenic_Microglia_CASTJ_reg
Gabrb3	6	0.022727272727272728	6	0.022727272727272728	0	0.0	0.0	0.062415128233691726	scenic_Microglia_CASTJ_reg
Etv5	7	0.026515151515151516	0	0.0	7	0.026515151515151516	0.0	6.941773842313046e-19	scenic_Microglia_CASTJ_reg
Gm21992	7	0.026515151515151516	7	0.026515151515151516	0	0.0	0.0	7.5300370709478e-19	scenic_Microglia_CASTJ_reg
Magi2	22	0.08333333333333333	22	0.08333333333333333	0	0.0	0.0	0.0255274501342559	scenic_Microglia_CASTJ_reg
Cntn5	22	0.08333333333333333	22	0.08333333333333333	0	0.0	0.0	8.283826765967613e-06	scenic_Microglia_CASTJ_reg
Clstn1	1	0.003787878787878788	1	0.003787878787878788	0	0.0	0.0	4.04476040457394e-05	scenic_Microglia_CASTJ_reg
Elmo1	3	0.011363636363636364	3	0.011363636363636364	0	0.0	0.0	0.004345754690882518	scenic_Microglia_CASTJ_reg
Ercc6l2	5	0.01893939393939394	5	0.01893939393939394	0	0.0	0.0	7.570779024472128e-05	scenic_Microglia_CASTJ_reg
Chsy3	19	0.07196969696969698	19	0.07196969696969698	0	0.0	0.0	0.034612870782081626	scenic_Microglia_CASTJ_reg
Fgf14	37	0.14015151515151514	37	0.14015151515151514	0	0.0	0.0	0.09110778467238918	scenic_Microglia_CASTJ_reg
Hace1	3	0.011363636363636364	3	0.011363636363636364	0	0.0	0.0	0.004293532021261667	scenic_Microglia_CASTJ_reg
Cpeb4	16	0.06060606060606061	16	0.06060606060606061	0	0.0	0.0	3.20539813975167e-07	scenic_Microglia_CASTJ_reg
Trps1	7	0.026515151515151516	7	0.026515151515151516	0	0.0	0.0	6.819310095782955e-06	scenic_Microglia_CASTJ_reg
Mllt3	5	0.01893939393939394	5	0.01893939393939394	0	0.0	0.0	7.45641324440401e-05	scenic_Microglia_CASTJ_reg
Dmd	3	0.011363636363636364	3	0.011363636363636364	0	0.0	0.0	0.00011799211381797707	scenic_Microglia_CASTJ_reg
Sgip1	7	0.026515151515151516	7	0.026515151515151516	0	0.0	0.0	0.012865892375193573	scenic_Microglia_CASTJ_reg
Mast2	2	0.007575757575757576	2	0.007575757575757576	0	0.0	0.0	7.82989763785541e-05	scenic_Microglia_CASTJ_reg
Fgf12	4	0.015151515151515152	4	0.015151515151515152	0	0.0	0.0	0.0001510735440566254	scenic_Microglia_CASTJ_reg
Cacnb2	14	0.05303030303030303	14	0.05303030303030303	0	0.0	0.0	0.13902953688714076	scenic_Microglia_CASTJ_reg
Dync1i2	5	0.01893939393939394	5	0.01893939393939394	0	0.0	0.0	7.328178469685493e-05	scenic_Microglia_CASTJ_reg
Robo1	2	0.007575757575757576	2	0.007575757575757576	0	0.0	0.0	0.0028000410089049424	scenic_Microglia_CASTJ_reg
Ehbp1	3	0.011363636363636364	3	0.011363636363636364	0	0.0	0.0	0.0041910934052466625	scenic_Microglia_CASTJ_reg
Zcchc7	5	0.01893939393939394	5	0.01893939393939394	0	0.0	0.0	7.294099503856197e-05	scenic_Microglia_CASTJ_reg
Arhgef9	1	0.003787878787878788	1	0.003787878787878788	0	0.0	0.0	0.001394098577762124	scenic_Microglia_CASTJ_reg
Ppp2r2b	3	0.011363636363636364	3	0.011363636363636364	0	0.0	0.0	0.00011593675992742753	scenic_Microglia_CASTJ_reg
Alcam	11	0.041666666666666664	11	0.041666666666666664	0	0.0	0.0	0.10824277865779264	scenic_Microglia_CASTJ_reg
Cadps	3	0.011363636363636364	3	0.011363636363636364	0	0.0	0.0	0.00011491788314314548	scenic_Microglia_CASTJ_reg
Myo5a	5	0.01893939393939394	5	0.01893939393939394	0	0.0	0.0	7.217888626959665e-05	scenic_Microglia_CASTJ_reg
Erc2	24	0.09090909090909091	24	0.09090909090909091	0	0.0	0.0	7.954820908373427e-05	scenic_Microglia_CASTJ_reg
Btaf1	13	0.04924242424242424	13	0.04924242424242424	0	0.0	0.0	7.037841583528325e-05	scenic_Microglia_CASTJ_reg
Brinp1	13	0.04924242424242424	13	0.04924242424242424	0	0.0	0.0	7.0204698525939e-05	scenic_Microglia_CASTJ_reg
Cacna1e	4	0.015151515151515152	4	0.015151515151515152	0	0.0	0.0	1.5579057990478062e-05	scenic_Microglia_CASTJ_reg
Mctp1	15	0.056818181818181816	15	0.056818181818181816	0	0.0	0.0	0.14386646089938185	scenic_Microglia_CASTJ_reg
Smyd3	2	0.007575757575757576	2	0.007575757575757576	0	0.0	0.0	7.506230388713654e-05	scenic_Microglia_CASTJ_reg
Iqsec1	7	0.026515151515151516	7	0.026515151515151516	0	0.0	0.0	1.3285282005120157e-05	scenic_Microglia_CASTJ_reg
Micu3	5	0.01893939393939394	5	0.01893939393939394	0	0.0	0.0	7.017618073179612e-05	scenic_Microglia_CASTJ_reg
Nrcam	22	0.08333333333333333	22	0.08333333333333333	0	0.0	0.0	4.7604708314424853e-07	scenic_Microglia_CASTJ_reg
Zfp592	3	0.011363636363636364	0	0.0	3	0.011363636363636364	0.0	2.011120757808768e-06	scenic_Microglia_CASTJ_reg
Ube2l3	16	0.06060606060606061	16	0.06060606060606061	0	0.0	0.0	8.317608970779732e-05	scenic_Microglia_CASTJ_reg
Abr	1	0.003787878787878788	1	0.003787878787878788	0	0.0	0.0	7.096201238503343e-08	scenic_Microglia_CASTJ_reg
Otud7a	6	0.022727272727272728	6	0.022727272727272728	0	0.0	0.0	4.421421409278387e-07	scenic_Microglia_CASTJ_reg
Dmxl2	2	0.007575757575757576	2	0.007575757575757576	0	0.0	0.0	1.4187749688039667e-07	scenic_Microglia_CASTJ_reg
Cntln	14	0.05303030303030303	14	0.05303030303030303	0	0.0	0.0	7.24346498044293e-05	scenic_Microglia_CASTJ_reg
Fut8	2	0.007575757575757576	2	0.007575757575757576	0	0.0	0.0	1.8369907452273602e-05	scenic_Microglia_CASTJ_reg
Ola1	1	0.003787878787878788	1	0.003787878787878788	0	0.0	0.0	1.0131200548530133e-08	scenic_Microglia_CASTJ_reg
Ctcf	14	0.05303030303030303	0	0.0	14	0.05303030303030303	0.0	8.433584574581941e-19	scenic_Microglia_CASTJ_reg
Kctd3	4	0.015151515151515152	4	0.015151515151515152	0	0.0	0.0	9.280757083449198e-19	scenic_Microglia_CASTJ_reg
Rps6ka3	15	0.056818181818181816	15	0.056818181818181816	0	0.0	0.0	0.13661495513925753	scenic_Microglia_CASTJ_reg
Grm7	1	0.003787878787878788	1	0.003787878787878788	0	0.0	0.0	1.7225365595693103e-08	scenic_Microglia_CASTJ_reg
Cacna1c	14	0.05303030303030303	14	0.05303030303030303	0	0.0	0.0	0.02214249396079153	scenic_Microglia_CASTJ_reg
Gpm6a	4	0.015151515151515152	4	0.015151515151515152	0	0.0	0.0	2.8801217392853127e-07	scenic_Microglia_CASTJ_reg
Rnf150	2	0.007575757575757576	2	0.007575757575757576	0	0.0	0.0	1.8062109118981043e-05	scenic_Microglia_CASTJ_reg
Kcnh7	3	0.011363636363636364	3	0.011363636363636364	0	0.0	0.0	0.0038178175293096905	scenic_Microglia_CASTJ_reg
Srek1	5	0.01893939393939394	5	0.01893939393939394	0	0.0	0.0	6.65135660167913e-05	scenic_Microglia_CASTJ_reg
Scmh1	24	0.09090909090909091	24	0.09090909090909091	0	0.0	0.0	0.06802704680498381	scenic_Microglia_CASTJ_reg
Pi4ka	7	0.026515151515151516	7	0.026515151515151516	0	0.0	0.0	4.036059931381094e-07	scenic_Microglia_CASTJ_reg
Arnt	19	0.07196969696969698	0	0.0	19	0.07196969696969698	0.0	3.179204445872916e-06	scenic_Microglia_CASTJ_reg
Pcbp2	5	0.01893939393939394	5	0.01893939393939394	0	0.0	0.0	1.420845999977021e-07	scenic_Microglia_CASTJ_reg
Jak2	15	0.056818181818181816	15	0.056818181818181816	0	0.0	0.0	0.1338009901814219	scenic_Microglia_CASTJ_reg
Nr1d2	2	0.007575757575757576	0	0.0	2	0.007575757575757576	0.0	5.874190566429525e-07	scenic_Microglia_CASTJ_reg
Dapk1	3	0.011363636363636364	3	0.011363636363636364	0	0.0	0.0	0.0037702054076358656	scenic_Microglia_CASTJ_reg
Kazn	1	0.003787878787878788	1	0.003787878787878788	0	0.0	0.0	0.0028103104138778386	scenic_Microglia_CASTJ_reg
Dlg2	2	0.007575757575757576	2	0.007575757575757576	0	0.0	0.0	0.002508106033447338	scenic_Microglia_CASTJ_reg
G3bp2	1	0.003787878787878788	1	0.003787878787878788	0	0.0	0.0	9.845501243895632e-09	scenic_Microglia_CASTJ_reg
Smad3	2	0.007575757575757576	0	0.0	2	0.007575757575757576	0.0	3.4468817622504014e-20	scenic_Microglia_CASTJ_reg
Ptpro	1	0.003787878787878788	1	0.003787878787878788	0	0.0	0.0	3.2587120935882e-20	scenic_Microglia_CASTJ_reg
Clasp2	20	0.07575757575757576	20	0.07575757575757576	0	0.0	0.0	3.4922314215002077e-07	scenic_Microglia_CASTJ_reg
Ubap2l	2	0.007575757575757576	2	0.007575757575757576	0	0.0	0.0	1.7531583767403814e-05	scenic_Microglia_CASTJ_reg
Apc	11	0.041666666666666664	11	0.041666666666666664	0	0.0	0.0	6.0628134247061035e-05	scenic_Microglia_CASTJ_reg
Ntm	1	0.003787878787878788	1	0.003787878787878788	0	0.0	0.0	1.721384646832255e-08	scenic_Microglia_CASTJ_reg
Ktn1	5	0.01893939393939394	5	0.01893939393939394	0	0.0	0.0	6.40817733036477e-05	scenic_Microglia_CASTJ_reg
Ppp1r9a	3	0.011363636363636364	3	0.011363636363636364	0	0.0	0.0	0.0036711193370605995	scenic_Microglia_CASTJ_reg
Rgs6	3	0.011363636363636364	3	0.011363636363636364	0	0.0	0.0	0.00010158209797851177	scenic_Microglia_CASTJ_reg
Pex5l	3	0.011363636363636364	3	0.011363636363636364	0	0.0	0.0	8.242663080366364e-08	scenic_Microglia_CASTJ_reg
Pde7b	2	0.007575757575757576	2	0.007575757575757576	0	0.0	0.0	0.002437662618066648	scenic_Microglia_CASTJ_reg
Nrxn3	14	0.05303030303030303	14	0.05303030303030303	0	0.0	0.0	0.022141848641816984	scenic_Microglia_CASTJ_reg
Gria3	5	0.01893939393939394	5	0.01893939393939394	0	0.0	0.0	0.007906686200934416	scenic_Microglia_CASTJ_reg
Vmp1	6	0.022727272727272728	6	0.022727272727272728	0	0.0	0.0	2.8899493223008584e-05	scenic_Microglia_CASTJ_reg
Ptprn2	1	0.003787878787878788	1	0.003787878787878788	0	0.0	0.0	0.0027090797359838378	scenic_Microglia_CASTJ_reg
Fars2	14	0.05303030303030303	14	0.05303030303030303	0	0.0	0.0	0.12009311651744498	scenic_Microglia_CASTJ_reg
Rims2	44	0.16666666666666666	44	0.16666666666666666	0	0.0	0.0	0.09693950425473151	scenic_Microglia_CASTJ_reg
Cntn1	3	0.011363636363636364	3	0.011363636363636364	0	0.0	0.0	0.00012965123642246458	scenic_Microglia_CASTJ_reg
Asap1	4	0.015151515151515152	4	0.015151515151515152	0	0.0	0.0	1.0855894623468049e-07	scenic_Microglia_CASTJ_reg
Appl1	14	0.05303030303030303	14	0.05303030303030303	0	0.0	0.0	0.021951902230970984	scenic_Microglia_CASTJ_reg
Sympk	4	0.015151515151515152	4	0.015151515151515152	0	0.0	0.0	1.9083557859908323e-05	scenic_Microglia_CASTJ_reg
Prpf4b	5	0.01893939393939394	5	0.01893939393939394	0	0.0	0.0	6.282718842506182e-05	scenic_Microglia_CASTJ_reg
Cds2	1	0.003787878787878788	1	0.003787878787878788	0	0.0	0.0	4.996519292036811e-09	scenic_Microglia_CASTJ_reg
Hacd3	3	0.011363636363636364	3	0.011363636363636364	0	0.0	0.0	8.883793632461845e-09	scenic_Microglia_CASTJ_reg
Pcdh9	16	0.06060606060606061	16	0.06060606060606061	0	0.0	0.0	0.024689407219320395	scenic_Microglia_CASTJ_reg
Cdh18	1	0.003787878787878788	1	0.003787878787878788	0	0.0	0.0	2.9582326065832276e-20	scenic_Microglia_CASTJ_reg
Pik3r1	8	0.030303030303030304	8	0.030303030303030304	0	0.0	0.0	6.432761381118226e-06	scenic_Microglia_CASTJ_reg
Tdrd7	14	0.05303030303030303	14	0.05303030303030303	0	0.0	0.0	6.530967111828198e-05	scenic_Microglia_CASTJ_reg
Nin	3	0.011363636363636364	3	0.011363636363636364	0	0.0	0.0	0.0035176255944209724	scenic_Microglia_CASTJ_reg
Pclo	4	0.015151515151515152	4	0.015151515151515152	0	0.0	0.0	4.907070680553732e-05	scenic_Microglia_CASTJ_reg
Ptk2	3	0.011363636363636364	3	0.011363636363636364	0	0.0	0.0	9.74828450487325e-05	scenic_Microglia_CASTJ_reg
Rab6b	1	0.003787878787878788	1	0.003787878787878788	0	0.0	0.0	1.6417371781217915e-08	scenic_Microglia_CASTJ_reg
Ralgapb	5	0.01893939393939394	5	0.01893939393939394	0	0.0	0.0	6.116998055252531e-05	scenic_Microglia_CASTJ_reg
Micu1	14	0.05303030303030303	14	0.05303030303030303	0	0.0	0.0	0.11583788258642617	scenic_Microglia_CASTJ_reg
Enox1	1	0.003787878787878788	1	0.003787878787878788	0	0.0	0.0	1.567945958105402e-08	scenic_Microglia_CASTJ_reg
Gpatch8	15	0.056818181818181816	15	0.056818181818181816	0	0.0	0.0	6.899716415951086e-05	scenic_Microglia_CASTJ_reg
Rock2	5	0.01893939393939394	5	0.01893939393939394	0	0.0	0.0	6.035799902397456e-05	scenic_Microglia_CASTJ_reg
Ntrk3	2	0.007575757575757576	2	0.007575757575757576	0	0.0	0.0	3.2347351693589496e-08	scenic_Microglia_CASTJ_reg
Cntn4	2	0.007575757575757576	2	0.007575757575757576	0	0.0	0.0	0.002306147195416625	scenic_Microglia_CASTJ_reg
Exoc4	15	0.056818181818181816	15	0.056818181818181816	0	0.0	0.0	0.02250329302918034	scenic_Microglia_CASTJ_reg
Dock4	6	0.022727272727272728	6	0.022727272727272728	0	0.0	0.0	8.417924593165527e-09	scenic_Microglia_CASTJ_reg
Snph	2	0.007575757575757576	2	0.007575757575757576	0	0.0	0.0	5.671967951768421e-09	scenic_Microglia_CASTJ_reg
Hmbox1	3	0.011363636363636364	3	0.011363636363636364	0	0.0	0.0	0.0034200702997664177	scenic_Microglia_CASTJ_reg
Plxdc2	7	0.026515151515151516	7	0.026515151515151516	0	0.0	0.0	9.792291945313837e-09	scenic_Microglia_CASTJ_reg
Gpc6	16	0.06060606060606061	16	0.06060606060606061	0	0.0	0.0	0.023664703681036778	scenic_Microglia_CASTJ_reg
Rb1	2	0.007575757575757576	0	0.0	2	0.007575757575757576	0.0	5.0252261078378454e-20	scenic_Microglia_CASTJ_reg
Xrn2	2	0.007575757575757576	2	0.007575757575757576	0	0.0	0.0	6.01826632090715e-20	scenic_Microglia_CASTJ_reg
Yy1	10	0.03787878787878788	0	0.0	10	0.03787878787878788	0.0	1.500679124198089e-18	scenic_Microglia_CASTJ_reg
Psmd11	10	0.03787878787878788	10	0.03787878787878788	0	0.0	0.0	1.4084200013109484e-18	scenic_Microglia_CASTJ_reg
Xkr6	3	0.011363636363636364	3	0.011363636363636364	0	0.0	0.0	0.003402168270978195	scenic_Microglia_CASTJ_reg
Ppip5k1	2	0.007575757575757576	2	0.007575757575757576	0	0.0	0.0	6.259464122927281e-05	scenic_Microglia_CASTJ_reg
Phf21a	7	0.026515151515151516	7	0.026515151515151516	0	0.0	0.0	5.381471419400081e-06	scenic_Microglia_CASTJ_reg
Sgms1	15	0.056818181818181816	15	0.056818181818181816	0	0.0	0.0	0.11962486038880235	scenic_Microglia_CASTJ_reg
Zbtb37	1	0.003787878787878788	0	0.0	1	0.003787878787878788	0.0	1.2180325002071448e-20	scenic_Microglia_CASTJ_reg
Tmed10	1	0.003787878787878788	1	0.003787878787878788	0	0.0	0.0	1.3860329802469482e-20	scenic_Microglia_CASTJ_reg
Cacna1d	1	0.003787878787878788	1	0.003787878787878788	0	0.0	0.0	0.0011194642599269002	scenic_Microglia_CASTJ_reg
Mark2	2	0.007575757575757576	2	0.007575757575757576	0	0.0	0.0	0.015789052746103528	scenic_Microglia_CASTJ_reg
Cep85l	7	0.026515151515151516	7	0.026515151515151516	0	0.0	0.0	5.310398847848818e-06	scenic_Microglia_CASTJ_reg
Oxr1	3	0.011363636363636364	3	0.011363636363636364	0	0.0	0.0	9.232118544066608e-05	scenic_Microglia_CASTJ_reg
Znrf1	13	0.04924242424242424	13	0.04924242424242424	0	0.0	0.0	0.10212627704350766	scenic_Microglia_CASTJ_reg
Fxr1	1	0.003787878787878788	1	0.003787878787878788	0	0.0	0.0	8.704596105793134e-09	scenic_Microglia_CASTJ_reg
Rev1	4	0.015151515151515152	4	0.015151515151515152	0	0.0	0.0	1.0937100416577457e-08	scenic_Microglia_CASTJ_reg
Lsamp	3	0.011363636363636364	3	0.011363636363636364	0	0.0	0.0	2.23716446346801e-06	scenic_Microglia_CASTJ_reg
Abi1	5	0.01893939393939394	5	0.01893939393939394	0	0.0	0.0	8.542296567241778e-19	scenic_Microglia_CASTJ_reg
Vps13a	2	0.007575757575757576	2	0.007575757575757576	0	0.0	0.0	1.1822550764145445e-07	scenic_Microglia_CASTJ_reg
Grm3	7	0.026515151515151516	7	0.026515151515151516	0	0.0	0.0	5.189889795838306e-06	scenic_Microglia_CASTJ_reg
Bach2	8	0.030303030303030304	0	0.0	8	0.030303030303030304	0.0	8.005469200220131e-19	scenic_Microglia_CASTJ_reg
Mgat5	8	0.030303030303030304	8	0.030303030303030304	0	0.0	0.0	7.409261563183193e-19	scenic_Microglia_CASTJ_reg
Birc6	5	0.01893939393939394	5	0.01893939393939394	0	0.0	0.0	5.682458979495763e-05	scenic_Microglia_CASTJ_reg
Sin3a	6	0.022727272727272728	0	0.0	6	0.022727272727272728	0.0	4.435079015308103e-19	scenic_Microglia_CASTJ_reg
Dyrk1a	6	0.022727272727272728	6	0.022727272727272728	0	0.0	0.0	3.084373766454097e-19	scenic_Microglia_CASTJ_reg
Trappc9	5	0.01893939393939394	5	0.01893939393939394	0	0.0	0.0	7.418950413575074e-19	scenic_Microglia_CASTJ_reg
Tmeff2	3	0.011363636363636364	3	0.011363636363636364	0	0.0	0.0	0.0032526138643966603	scenic_Microglia_CASTJ_reg
Syt1	1	0.003787878787878788	1	0.003787878787878788	0	0.0	0.0	1.5406476446794532e-08	scenic_Microglia_CASTJ_reg
Kdm3a	5	0.01893939393939394	5	0.01893939393939394	0	0.0	0.0	5.634015696220002e-05	scenic_Microglia_CASTJ_reg
Ccdc66	1	0.003787878787878788	1	0.003787878787878788	0	0.0	0.0	2.9820028274111438e-05	scenic_Microglia_CASTJ_reg
Egfem1	1	0.003787878787878788	1	0.003787878787878788	0	0.0	0.0	2.419923678986654e-08	scenic_Microglia_CASTJ_reg
Cblb	1	0.003787878787878788	1	0.003787878787878788	0	0.0	0.0	8.452753211400672e-09	scenic_Microglia_CASTJ_reg
Tnrc6b	5	0.01893939393939394	5	0.01893939393939394	0	0.0	0.0	5.6165214201991277e-05	scenic_Microglia_CASTJ_reg
Pde4b	1	0.003787878787878788	1	0.003787878787878788	0	0.0	0.0	0.0023978448708556837	scenic_Microglia_CASTJ_reg
Braf	3	0.011363636363636364	3	0.011363636363636364	0	0.0	0.0	0.0032019633598051557	scenic_Microglia_CASTJ_reg
Celf1	3	0.011363636363636364	3	0.011363636363636364	0	0.0	0.0	0.00011420326534316848	scenic_Microglia_CASTJ_reg
Cdyl2	15	0.056818181818181816	15	0.056818181818181816	0	0.0	0.0	0.1131051290907376	scenic_Microglia_CASTJ_reg
